{"type":"FeatureCollection","features":[{"type":"Feature","properties":{"sourceId":"1159313241","regionId":"region.85d8576c-1ff0-4278-9576-3a21f80c3117","countryId":"country.h03oz0"},"geometry":{"type":"Polygon","coordinates":[[[87.8163,49.1658],[87.9568,49.1689],[88.144,49.2707],[88.1155,49.3566],[88.2,49.4543],[88.3788,49.4758],[88.8706,49.436],[89.1607,49.5027],[89.2522,49.6294],[89.4416,49.6436],[89.6823,49.7083],[89.6332,49.9079],[89.5014,50.2068],[89.3364,50.2096],[89.3903,50.3193],[89.8436,50.4299],[89.7797,50.5669],[89.6737,50.579],[89.3836,50.8576],[89.0524,51.0646],[89.0322,51.1843],[88.9458,51.2283],[88.9554,51.4384],[88.7357,51.5594],[88.6654,51.4236],[88.5077,51.3164],[88.3637,51.3198],[88.1316,51.3859],[87.8615,51.5494],[88.0864,51.7136],[87.8391,51.8106],[88.1215,52.0983],[88.3648,52.168],[88.4132,52.4551],[88.201,52.4159],[87.9238,52.5476],[87.6355,52.4498],[87.3703,52.5183],[87.334,52.5975],[87.1732,52.6116],[87.1166,52.6678],[86.8407,52.6483],[86.6177,52.3717],[86.8059,52.2922],[86.7544,52.1087],[86.5052,52.12],[86.4399,52.0229],[86.2654,52.0124],[86.1496,52.0702],[85.9396,52.075],[85.6699,51.754],[85.5368,51.7001],[85.4277,51.5597],[85.3135,51.5693],[85.2391,51.4708],[85.0077,51.489],[84.9369,51.4296],[84.7052,51.3955],[84.3942,51.266],[84.2695,51.2752],[84.1719,51.1438],[84.018,51.0638],[84.4713,50.9732],[84.5998,50.8584],[84.5416,50.6911],[84.0886,50.6346],[84.1979,50.4931],[84.25,50.2599],[84.3688,50.2118],[84.642,50.1849],[84.8387,50.0808],[84.9758,50.0752],[84.9546,49.9069],[85.0326,49.885],[85.2631,49.5815],[85.384,49.6157],[85.8275,49.541],[85.9314,49.4928],[86.1115,49.5202],[86.3918,49.625],[86.6102,49.7955],[86.7484,49.783],[86.7759,49.695],[86.5918,49.5872],[86.8243,49.5092],[86.9051,49.3519],[87.076,49.2369],[87.218,49.2298],[87.3238,49.0853],[87.8163,49.1658]]]}},{"type":"Feature","properties":{"sourceId":"1159313151","regionId":"region.dcc18c5d-034d-4dd7-869e-d659afa5e89b","countryId":"country.h03oz0"},"geometry":{"type":"Polygon","coordinates":[[[27.6944,57.3564],[27.8403,57.2906],[27.7458,57.0315],[27.6444,56.8418],[27.7864,56.8713],[27.8655,56.7427],[27.981,56.687],[28.0933,56.5016],[28.1679,56.4271],[28.2148,56.2814],[28.1489,56.1424],[28.2898,56.0466],[28.3898,56.0886],[28.6207,56.083],[28.7064,55.9598],[29.0308,56.0242],[29.3774,55.954],[29.3436,55.787],[29.461,55.6873],[29.8695,55.8305],[30.2178,55.8551],[30.4688,55.7935],[30.5964,55.6653],[30.9071,55.5778],[31.0473,55.7685],[31.4674,55.729],[31.3447,55.964],[31.4975,56.0289],[31.4915,56.3013],[31.2311,56.3462],[31.2154,56.4354],[31.0166,56.5191],[31.0801,56.6228],[30.8168,56.7203],[30.8963,56.8967],[31.0001,56.9652],[30.6448,56.9819],[30.6468,57.1908],[30.7731,57.2577],[30.5156,57.3181],[30.4928,57.4876],[30.6088,57.6174],[30.4721,57.6822],[30.53,57.8866],[29.9505,57.944],[29.8203,58.0835],[29.6794,58.0773],[29.6585,58.2436],[29.975,58.4447],[29.5387,58.4799],[29.4491,58.5945],[29.2315,58.7062],[28.5517,58.8651],[28.2718,58.8565],[28.131,58.9901],[27.8732,59.0144],[27.6959,58.9772],[27.4463,58.8189],[27.4288,58.7094],[27.5549,58.3952],[27.5196,58.1945],[27.6304,58.0883],[27.6731,57.9128],[27.5563,57.8131],[27.4077,57.689],[27.3529,57.5276],[27.5282,57.5285],[27.5113,57.4304],[27.6944,57.3564]]]}},{"type":"Feature","properties":{"sourceId":"1159313179","regionId":"region.6682b91f-4c3e-4863-bc87-82614bcceaf9","countryId":"country.h03oz0"},"geometry":{"type":"Polygon","coordinates":[[[39.986,43.389],[40.0592,43.5352],[40.2331,43.5758],[40.4798,43.5087],[40.69,43.5231],[40.7239,43.8105],[40.7817,43.9268],[40.9507,43.9894],[40.9854,44.1156],[41.2559,44.0806],[41.2825,44.0116],[41.4495,43.9939],[41.6325,44.1219],[41.7115,44.243],[41.6022,44.3675],[41.7294,44.4586],[41.5666,44.546],[41.4175,44.7078],[41.5384,44.7363],[41.651,44.8966],[41.6415,44.981],[41.4693,44.987],[41.3471,45.1219],[41.3596,45.212],[41.0383,45.2182],[41.0081,45.3848],[40.8408,45.5388],[40.8703,45.6959],[41.1722,45.7016],[41.2744,45.7541],[41.2606,45.872],[41.1624,45.9536],[41.1259,46.0679],[40.9535,46.198],[40.7346,46.2762],[40.3395,46.2799],[40.2144,46.5249],[40.0587,46.5424],[40.1315,46.7223],[40.0234,46.7648],[39.5775,46.7775],[39.4435,46.8089],[39.1804,46.6884],[39.099,46.6013],[38.8845,46.6348],[38.883,46.808],[38.6735,46.863],[38.4746,46.8619],[38.3744,46.7293],[38.28,46.7258],[38.0368,46.6295],[37.8522,46.6225],[37.8273,46.4765],[38.1229,46.3775],[38.3001,46.2187],[38.5568,46.1152],[38.4458,46.0342],[38.2488,46.1415],[37.9401,46.0203],[37.8294,45.7532],[37.5951,45.6353],[37.7376,45.3747],[37.6351,45.3338],[37.1589,45.3261],[36.8333,45.443],[36.7816,45.3876],[36.8298,45.2307],[36.5931,45.1648],[36.7017,45.1038],[36.8401,45.1094],[37.1919,44.991],[37.2871,44.9282],[37.3512,44.7786],[37.4783,44.6772],[37.9226,44.6138],[38.1081,44.4971],[38.1777,44.406],[38.5951,44.3319],[38.9783,44.1483],[39.1164,44.0235],[39.3294,43.8962],[39.7183,43.5678],[39.8469,43.51],[39.986,43.389]],[[39.7515,45.1265],[39.9643,45.0748],[40.1742,45.1096],[40.4155,44.9999],[40.5276,44.9152],[40.6245,44.767],[40.3936,44.7253],[40.3271,44.564],[40.4064,44.4993],[40.4365,44.2844],[40.3665,44.1981],[40.3834,44.0334],[40.4552,43.981],[40.3364,43.7692],[40.279,43.7512],[39.9305,43.8981],[39.7297,43.918],[39.8003,44.1898],[39.9047,44.0767],[39.9885,44.0776],[40.0782,44.2442],[39.9709,44.256],[39.7926,44.3571],[39.9148,44.5829],[39.9149,44.6986],[40.0198,44.7238],[39.8838,45.0074],[39.7503,44.9347],[39.6392,45.034],[39.4893,44.9666],[39.6316,44.8576],[39.5527,44.8065],[39.0638,44.8103],[38.7604,44.9386],[38.921,45.0165],[39.0423,44.9659],[39.3242,45.0012],[39.54,45.1556],[39.6416,45.193],[39.7515,45.1265]]]}},{"type":"Feature","properties":{"sourceId":"1159313141","regionId":"region.bd9c9520-ead4-4a37-9542-f2207a7e8602","countryId":"country.h03oz0"},"geometry":{"type":"Polygon","coordinates":[[[40.69,43.5231],[41.0118,43.3754],[41.3807,43.3348],[41.5506,43.2263],[42.0113,43.1819],[42.1543,43.2175],[42.3626,43.2352],[42.4047,43.3954],[42.4787,43.4998],[42.46,43.6154],[42.6714,43.6956],[42.6832,43.8072],[42.6601,43.9167],[42.497,44.0304],[42.3781,43.9715],[42.3031,44.1285],[42.5555,44.2449],[42.038,44.3639],[41.9046,44.4948],[41.7294,44.4586],[41.6022,44.3675],[41.7115,44.243],[41.6325,44.1219],[41.4495,43.9939],[41.2825,44.0116],[41.2559,44.0806],[40.9854,44.1156],[40.9507,43.9894],[40.7817,43.9268],[40.7239,43.8105],[40.69,43.5231]]]}},{"type":"Feature","properties":{"sourceId":"1159313143","regionId":"region.9c89eb11-24ff-4b88-8b95-b6ac7d1e40c2","countryId":"country.h03oz0"},"geometry":{"type":"Polygon","coordinates":[[[42.3626,43.2352],[42.5959,43.14],[42.7515,43.177],[43.0001,43.0987],[42.9898,43.0527],[43.1752,42.9345],[43.3862,42.8869],[43.5662,42.9388],[43.8982,43.2539],[44.0843,43.2744],[44.3798,43.4902],[44.4331,43.6541],[44.3278,43.6642],[44.2849,43.8189],[44.2585,43.9246],[43.9061,43.9942],[43.7287,43.8387],[43.5018,43.8666],[43.3,43.824],[43.266,43.9098],[42.9751,43.891],[42.8521,43.8171],[42.6832,43.8072],[42.6714,43.6956],[42.46,43.6154],[42.4787,43.4998],[42.4047,43.3954],[42.3626,43.2352]]]}},{"type":"Feature","properties":{"sourceId":"1159313145","regionId":"region.0cc38ca0-3f3a-4170-a7df-40f2bbdcab7e","countryId":"country.h03oz0"},"geometry":{"type":"Polygon","coordinates":[[[43.9082,42.5662],[44.1858,42.6265],[44.272,42.7024],[44.4792,42.7443],[44.6388,42.7401],[44.6284,42.8828],[44.8522,42.8364],[44.9366,42.9202],[44.9153,43.0709],[44.7129,43.2179],[44.5749,43.2403],[44.4987,43.3921],[44.522,43.5645],[44.6159,43.6099],[44.8385,43.5841],[44.8387,43.6611],[44.8035,43.8021],[44.6936,43.8299],[44.3993,43.7952],[44.2849,43.8189],[44.3278,43.6642],[44.4331,43.6541],[44.3798,43.4902],[44.0843,43.2744],[43.8982,43.2539],[43.5662,42.9388],[43.3862,42.8869],[43.8006,42.7465],[43.7511,42.5987],[43.9082,42.5662]]]}},{"type":"Feature","properties":{"sourceId":"1159313119","regionId":"region.85dea5ac-fdca-4a37-9aac-2df54078e9cd","countryId":"country.h03oz0"},"geometry":{"type":"Polygon","coordinates":[[[44.6388,42.7401],[44.7364,42.6776],[44.8594,42.7595],[45.076,42.6914],[45.1718,42.7917],[45.121,43.2041],[45.0467,43.4943],[44.8385,43.5841],[44.6159,43.6099],[44.522,43.5645],[44.4987,43.3921],[44.5749,43.2403],[44.7129,43.2179],[44.9153,43.0709],[44.9366,42.9202],[44.8522,42.8364],[44.6284,42.8828],[44.6388,42.7401]]]}},{"type":"Feature","properties":{"sourceId":"1159313219","regionId":"region.3d233e3d-61cc-43ad-89ea-2efed725a6aa","countryId":"country.h03oz0"},"geometry":{"type":"Polygon","coordinates":[[[45.3016,42.5598],[45.356,42.52],[45.6207,42.5304],[45.7395,42.4706],[45.9483,42.5751],[46.0954,42.7151],[46.1232,42.8431],[46.3358,42.904],[46.4246,42.8766],[46.5335,42.9612],[46.4033,43.1138],[46.423,43.3147],[46.3376,43.4582],[46.4385,43.541],[46.4835,43.6721],[46.585,43.7724],[46.5859,43.8722],[46.3493,43.9977],[46.2203,43.863],[46.0447,43.9336],[45.8029,43.9781],[45.7104,43.9551],[45.5094,44.0152],[45.4318,43.8786],[45.2374,43.8802],[45.0834,43.9528],[45.0799,43.7877],[45,43.7046],[44.8387,43.6611],[44.8385,43.5841],[45.0467,43.4943],[45.121,43.2041],[45.1718,42.7917],[45.076,42.6914],[45.1842,42.6748],[45.3016,42.5598]]]}},{"type":"Feature","properties":{"sourceId":"1159312441","regionId":"region.3c730039-8023-4369-8c1e-3d7b9890ecba","countryId":"country.h03oz0"},"geometry":{"type":"Polygon","coordinates":[[[45.7395,42.4706],[45.6214,42.2245],[45.9476,42.0229],[46.2243,41.9935],[46.4309,41.8904],[46.5255,41.8823],[46.5866,41.7868],[46.7096,41.8351],[46.9069,41.7069],[47.0283,41.5571],[47.1792,41.4917],[47.2684,41.3028],[47.3673,41.2618],[47.5678,41.2055],[47.6949,41.2071],[47.8135,41.1974],[48.0016,41.3621],[48.0535,41.4613],[48.2018,41.4935],[48.3702,41.5802],[48.4622,41.721],[48.5789,41.8453],[48.4164,41.915],[48.304,42.1027],[48.096,42.3498],[48.0237,42.393],[47.8677,42.5847],[47.7156,42.6967],[47.6981,42.8671],[47.4619,43.0208],[47.4909,43.4628],[47.3799,43.5597],[47.5028,43.781],[47.2459,44.212],[47.0783,44.2644],[47.0442,44.3463],[46.7009,44.4462],[46.722,44.6553],[46.8881,44.7519],[46.6035,44.8853],[46.4337,44.9366],[45.8537,45.0005],[45.706,44.9758],[45.6211,44.899],[45.614,44.766],[45.4349,44.6175],[45.2709,44.5906],[45.2374,44.4601],[45.3984,44.4444],[45.4045,44.3175],[45.1307,44.2683],[45.1241,44.2024],[45.5063,44.1905],[45.5094,44.0152],[45.7104,43.9551],[45.8029,43.9781],[46.0447,43.9336],[46.2203,43.863],[46.3493,43.9977],[46.5859,43.8722],[46.585,43.7724],[46.4835,43.6721],[46.4385,43.541],[46.3376,43.4582],[46.423,43.3147],[46.4033,43.1138],[46.5335,42.9612],[46.4246,42.8766],[46.3358,42.904],[46.1232,42.8431],[46.0954,42.7151],[45.9483,42.5751],[45.7395,42.4706]]]}},{"type":"Feature","properties":{"sourceId":"1159313115","regionId":"region.26f93593-4c46-43ca-a717-2e71d8d87413","countryId":"country.h03oz0"},"geometry":{"type":"Polygon","coordinates":[[[28.9541,69.0273],[28.4562,68.9001],[28.8015,68.8355],[28.4474,68.5149],[28.6638,68.204],[29.2987,68.0818],[29.6512,67.8236],[30.0094,67.6858],[29.9162,67.5081],[29.5198,67.2982],[29.1001,66.9912],[29.0892,66.8375],[29.3625,66.6266],[31.0733,66.6841],[31.5553,66.6552],[31.7847,66.5029],[31.9015,66.3564],[32.3287,66.3592],[32.3627,66.4667],[32.5936,66.5823],[32.8836,66.5862],[33.0348,66.5916],[32.891,66.7816],[32.7051,66.7964],[32.4783,66.91],[32.557,66.989],[32.3141,67.0602],[32.3826,67.1597],[32.8539,67.0745],[32.8433,66.9763],[33.1006,66.8581],[33.4832,66.7304],[33.5874,66.8195],[33.8327,66.6955],[34.284,66.6724],[34.4343,66.5473],[34.8877,66.5998],[35.3806,66.4179],[36.4063,66.2947],[36.8874,66.2852],[37.2731,66.2305],[37.5464,66.1448],[37.9271,66.0888],[38.5544,66.055],[39.3436,66.1347],[40.085,66.2888],[40.4443,66.4055],[40.745,66.5974],[41.1781,66.8096],[41.36,67.0136],[41.3384,67.1711],[41.1089,67.2538],[41.1454,67.4244],[40.9993,67.4675],[41.0166,67.6979],[40.8006,67.7282],[40.3625,67.9029],[39.8594,68.0576],[39.5208,68.076],[38.6629,68.3793],[38.4346,68.3559],[38.3169,68.4476],[38.0666,68.5097],[37.6805,68.7134],[37.4639,68.7424],[36.2495,69.111],[35.3303,69.2761],[35.2642,69.2154],[34.6618,69.2495],[34.4206,69.311],[33.8521,69.3389],[33.376,69.3076],[33.5237,69.4283],[32.687,69.5028],[32.4202,69.5028],[32.502,69.6331],[32.8718,69.5825],[33.119,69.6611],[32.9196,69.78],[32.5232,69.8032],[32.0545,69.9638],[31.7537,69.8541],[31.6991,69.7443],[31.409,69.7158],[30.841,69.8058],[30.9277,69.6721],[30.853,69.5274],[30.5117,69.5363],[30.2944,69.6202],[30.1234,69.4419],[29.9007,69.3582],[29.3345,69.2774],[29.2405,69.1151],[28.9541,69.0273]]]}},{"type":"Feature","properties":{"sourceId":"1159313107","regionId":"region.cd096d74-ae85-4033-a118-ea08d938cf79","countryId":"country.h03oz0"},"geometry":{"type":"MultiPolygon","coordinates":[[[[29.5462,66.432],[29.6509,66.2879],[29.9002,66.1081],[30.1117,65.712],[29.7029,65.6294],[29.7315,65.4969],[29.7201,65.3291],[29.5801,65.2354],[29.8332,65.205],[29.8205,65.0937],[29.5881,64.9914],[29.7803,64.7956],[30.0625,64.7842],[30.1705,64.6817],[29.9658,64.5786],[30.0931,64.3612],[30.5585,64.2197],[30.5864,64.0847],[30.5093,63.9914],[30.2015,63.7926],[29.9984,63.7471],[30.0011,63.7153],[30.4887,63.4621],[30.8209,63.3757],[31.2257,63.196],[31.2508,63.1155],[31.5695,62.9059],[31.4413,62.7887],[31.2222,62.4917],[30.9076,62.2929],[30.635,62.184],[30.1456,61.8505],[29.7791,61.5931],[29.5397,61.485],[29.2771,61.3046],[29.5764,61.1707],[29.8695,61.1763],[32.7034,60.6457],[33.078,60.7379],[33.4064,60.9893],[33.7523,60.9437],[33.8671,61.0705],[33.4515,61.1337],[33.5349,61.2208],[34.2161,61.2419],[34.4573,61.1678],[34.5439,61.2701],[35.258,61.2542],[35.3922,61.1617],[35.6039,61.1883],[36.4668,61.4066],[36.5776,61.5295],[36.8734,61.5449],[36.9964,61.5944],[37.2783,61.5005],[37.7729,61.5221],[37.762,61.6482],[37.8573,61.6977],[37.9266,61.9683],[37.8077,61.9976],[37.7188,62.2034],[37.4299,62.2372],[37.5726,62.3606],[37.5875,62.4727],[37.5049,62.6453],[37.3523,62.6838],[37.0808,62.6561],[36.7595,62.7177],[36.5005,62.826],[36.2589,63.0318],[36.3202,63.1613],[36.2198,63.4165],[35.8823,63.5734],[35.9446,63.6197],[36.375,63.645],[36.5547,63.764],[36.5234,63.9714],[36.2922,64.0097],[36.2353,64.1248],[35.9767,64.199],[35.8108,64.342],[35.4105,64.2868],[35.28,64.3766],[34.9556,64.4522],[34.8466,64.5599],[34.9776,64.6119],[34.798,64.7563],[34.9421,64.8576],[34.7783,64.9668],[34.8161,65.0434],[34.369,65.3918],[34.6335,65.4875],[34.7766,65.5966],[34.7708,65.7749],[34.8662,65.8779],[34.4968,66.1162],[33.9723,66.251],[33.6199,66.3093],[33.7046,66.4438],[33.3548,66.4802],[33.1658,66.5559],[33.0459,66.5762],[32.8836,66.5862],[32.5936,66.5823],[32.3627,66.4667],[32.3287,66.3592],[31.9015,66.3564],[31.7847,66.5029],[31.5553,66.6552],[31.0733,66.6841],[29.3625,66.6266],[29.5462,66.432]]],[[[35.8669,65.0313],[35.8153,65.1542],[35.5241,65.1445],[35.6033,65.038],[35.8669,65.0313]]]]}},{"type":"Feature","properties":{"sourceId":"1159313101","regionId":"region.e4770d71-df77-4d6a-9ba3-b791eb27739a","countryId":"country.h03oz0"},"geometry":{"type":"Polygon","coordinates":[[[28.0038,60.6642],[27.8079,60.553],[28.2158,60.5476],[28.4006,60.6653],[28.7219,60.7212],[28.6067,60.3895],[28.7879,60.3414],[29.0923,60.178],[29.4179,60.1689],[29.633,60.266],[30.1791,60.148],[30.3904,60.1227],[30.3737,60.0362],[30.5273,59.9703],[30.5117,59.8624],[30.7562,59.7775],[30.5025,59.6307],[30.2594,59.6099],[30.1134,59.6631],[29.85,59.8276],[29.6796,59.8689],[29.6971,59.95],[29.1614,60.0026],[28.846,59.7902],[28.5819,59.8341],[28.4275,59.8134],[28.3753,59.6663],[27.9934,59.7033],[28.0726,59.578],[28.0191,59.4818],[28.1865,59.3749],[27.9039,59.2904],[27.6959,58.9772],[27.8732,59.0144],[28.131,58.9901],[28.2718,58.8565],[28.5517,58.8651],[29.2315,58.7062],[29.4491,58.5945],[29.5387,58.4799],[29.975,58.4447],[30.1672,58.5331],[30.1006,58.7296],[30.4125,58.7109],[30.6874,58.7458],[30.728,58.8286],[30.962,58.9752],[30.9814,59.0596],[31.1598,59.0725],[31.2579,58.9808],[31.4525,59.092],[31.5631,59.3684],[31.8267,59.3145],[31.8821,59.3755],[32.1241,59.3943],[32.2915,59.2072],[32.584,59.1805],[32.9548,59.4218],[33.2457,59.3263],[33.5203,59.373],[33.7161,59.3021],[33.855,59.1984],[34.0998,59.1447],[34.2475,59.1976],[34.5677,59.1081],[34.7299,59.1032],[34.9005,59.2379],[35.3012,59.301],[35.4485,59.4277],[35.3237,59.5067],[35.4958,59.5535],[35.3825,59.8754],[35.1571,60.067],[35.1474,60.2688],[35.2311,60.3412],[35.2586,60.5853],[35.1541,60.7873],[35.4399,60.8616],[35.4893,60.9595],[35.686,61.1209],[35.6039,61.1883],[35.3922,61.1617],[35.258,61.2542],[34.5439,61.2701],[34.4573,61.1678],[34.2161,61.2419],[33.5349,61.2208],[33.4515,61.1337],[33.8671,61.0705],[33.7523,60.9437],[33.4064,60.9893],[33.078,60.7379],[32.7034,60.6457],[29.8695,61.1763],[29.5764,61.1707],[29.2771,61.3046],[29.2032,61.2459],[28.7976,61.0968],[28.6146,60.9619],[28.4809,60.9335],[28.0038,60.6642]]]}},{"type":"Feature","properties":{"sourceId":"1159312831","regionId":"region.55395953-95e8-4c6d-895a-7c5fadbfab04","countryId":"country.h03oz0"},"geometry":{"type":"Polygon","coordinates":[[[22.2699,55.0695],[22.0999,55.0299],[21.5039,55.1944],[21.4055,55.2724],[21.2676,55.2487],[21.1813,55.1933],[21.2302,54.9389],[21.0789,54.8998],[20.5309,54.9647],[20.8237,55.1431],[20.9894,55.2731],[20.9246,55.2827],[20.634,55.0488],[20.3656,54.9462],[20.0337,54.9482],[19.9207,54.8896],[19.9617,54.7732],[19.8319,54.5981],[19.6095,54.4567],[19.7583,54.4343],[20.9296,54.3978],[22.6984,54.3429],[22.7672,54.3563],[22.6804,54.4532],[22.7248,54.7234],[22.8328,54.7787],[22.8089,54.8938],[22.6335,54.9579],[22.5712,55.064],[22.2699,55.0695]]]}},{"type":"Feature","properties":{"sourceId":"1159313155","regionId":"region.fa5c82cb-1e97-48e7-b5ef-ca27b0b9c60e","countryId":"country.h03oz0"},"geometry":{"type":"Polygon","coordinates":[[[30.9071,55.5778],[30.9186,55.4076],[30.7943,55.2855],[30.9598,55.1626],[31.0064,55.0424],[30.8148,54.928],[30.7706,54.786],[31.1679,54.6216],[31.0646,54.4923],[31.179,54.4534],[31.3247,54.2292],[31.5064,54.1439],[31.7481,54.0863],[31.8465,53.9923],[31.7538,53.8196],[31.8732,53.7771],[32.0836,53.8096],[32.2904,53.7609],[32.4806,53.6624],[32.4529,53.5464],[32.7178,53.4311],[32.9081,53.4935],[32.899,53.5687],[33.289,53.8217],[33.2874,53.9539],[33.5012,54.0158],[33.6837,54.3213],[33.6167,54.381],[33.7287,54.5617],[34.1075,54.5503],[34.3261,54.4296],[34.4158,54.4508],[34.4996,54.632],[34.8173,54.7094],[35.2845,55.1121],[35.3697,55.2388],[35.3012,55.2991],[35.3031,55.5712],[35.3971,55.6171],[35.3535,55.7794],[35.1741,55.9483],[35.0315,55.9844],[34.6309,55.9179],[34.2007,56.0745],[33.9166,56.0731],[33.8381,55.9495],[33.5053,55.7552],[33.1879,55.6525],[32.9393,55.6318],[32.7218,55.6897],[32.0937,55.6741],[31.8936,55.7705],[31.7549,55.7144],[31.4674,55.729],[31.0473,55.7685],[30.9071,55.5778]]]}},{"type":"Feature","properties":{"sourceId":"1159313153","regionId":"region.f14f1b22-fefa-4a24-901b-0d30badb40d6","countryId":"country.h03oz0"},"geometry":{"type":"Polygon","coordinates":[[[32.7178,53.4311],[32.7175,53.3349],[32.58,53.3244],[32.4055,53.1927],[32.2059,53.1004],[31.9072,53.0919],[31.7386,53.1925],[31.4164,53.2],[31.3616,53.12],[31.2471,53.0144],[31.3879,52.888],[31.5051,52.8489],[31.5702,52.7253],[31.4806,52.6825],[31.579,52.5778],[31.6081,52.3725],[31.7643,52.1006],[31.892,52.0362],[32.0956,52.0407],[32.3067,52.1412],[32.3395,52.2872],[32.5284,52.3162],[32.7254,52.2521],[32.9269,52.2469],[33.1965,52.3689],[33.4006,52.3443],[33.5317,52.2888],[33.8041,52.3546],[34.0557,52.1703],[34.0682,52.031],[34.3711,51.8268],[34.4065,52.0127],[34.6723,52.0655],[34.8046,52.1851],[34.8968,52.3532],[34.8329,52.424],[34.9896,52.5105],[35.0915,52.698],[34.8049,52.8682],[34.967,52.9703],[35.1565,52.9695],[35.1821,53.1016],[35.1035,53.3108],[35.0174,53.3808],[34.6726,53.3901],[34.4882,53.5441],[34.4895,53.6665],[34.1992,53.8916],[33.8598,53.8787],[33.6823,54.0264],[33.5012,54.0158],[33.2874,53.9539],[33.289,53.8217],[32.899,53.5687],[32.9081,53.4935],[32.7178,53.4311]]]}},{"type":"Feature","properties":{"sourceId":"1159313159","regionId":"region.f8d2c2d6-f2b4-4f0c-9223-9169241798e2","countryId":"country.h03oz0"},"geometry":{"type":"Polygon","coordinates":[[[34.3711,51.8268],[34.3763,51.7086],[34.128,51.6807],[34.2803,51.3613],[34.409,51.2531],[34.6224,51.2248],[34.7481,51.1647],[34.9618,51.2153],[35.0992,51.1832],[35.1726,51.0406],[35.2822,50.9611],[35.5464,50.9057],[35.817,50.9447],[35.9996,51.0577],[35.9763,51.1575],[36.3136,51.1033],[36.6175,51.0798],[37.054,51.2469],[37.1442,51.3429],[37.3791,51.3854],[37.6667,51.3657],[37.8286,51.4205],[38.2915,51.2925],[38.3234,51.3408],[38.2195,51.7078],[38.4098,51.6878],[38.4098,51.9202],[38.2988,51.961],[37.997,51.879],[37.8208,51.9122],[37.7471,52.0169],[37.6518,51.9711],[37.4807,52.0095],[37.3535,51.9362],[37.1583,52.072],[36.8202,52.1203],[36.5523,52.2153],[36.357,52.3658],[35.8926,52.2745],[35.3963,52.414],[35.1237,52.3346],[34.8968,52.3532],[34.8046,52.1851],[34.6723,52.0655],[34.4065,52.0127],[34.3711,51.8268]]]}},{"type":"Feature","properties":{"sourceId":"1159313177","regionId":"region.6974c24a-caf1-44d1-86ae-313fe242cd32","countryId":"country.h03oz0"},"geometry":{"type":"Polygon","coordinates":[[[35.2822,50.9611],[35.3417,50.9159],[35.4454,50.6875],[35.3777,50.6218],[35.4253,50.5005],[35.5702,50.3765],[35.6922,50.3442],[35.8374,50.4232],[36.1058,50.4211],[36.269,50.2814],[36.4002,50.3066],[36.6826,50.2607],[36.9141,50.3391],[37.197,50.3624],[37.4353,50.4249],[37.5992,50.2909],[37.5886,50.2146],[37.7276,50.0787],[37.9159,50.0033],[38.0229,49.9091],[38.1662,49.9406],[38.1739,50.0602],[38.3442,49.9921],[38.8522,49.8658],[38.9374,49.8035],[39.181,49.8595],[39.2336,50.0562],[39.099,50.1728],[39.0848,50.3487],[38.9904,50.4327],[39.0977,50.5061],[39.0724,50.6361],[38.9662,50.6465],[38.7245,50.7901],[38.7367,50.9014],[38.8736,50.9113],[38.8458,51.0365],[38.7376,51.0737],[38.6184,50.9984],[38.3969,51.0765],[38.446,51.2574],[38.2915,51.2925],[37.8286,51.4205],[37.6667,51.3657],[37.3791,51.3854],[37.1442,51.3429],[37.054,51.2469],[36.6175,51.0798],[36.3136,51.1033],[35.9763,51.1575],[35.9996,51.0577],[35.817,50.9447],[35.5464,50.9057],[35.2822,50.9611]]]}},{"type":"Feature","properties":{"sourceId":"1159313191","regionId":"region.0ae92d0e-bbc2-46c9-86e5-c868cec8cc8e","countryId":"country.h03oz0"},"geometry":{"type":"Polygon","coordinates":[[[39.181,49.8595],[39.238,49.7651],[39.5704,49.7133],[39.6229,49.6135],[39.8015,49.5422],[40.0177,49.6079],[40.1185,49.5885],[40.1696,49.6241],[40.411,49.5968],[40.8848,49.6903],[41.0293,49.7942],[41.0564,49.9162],[41.1785,50.0157],[41.3415,50.0753],[41.2884,50.1795],[41.3621,50.2263],[41.5086,50.3921],[41.4235,50.4816],[41.5258,50.5987],[41.4001,50.625],[41.3144,50.7246],[41.4443,50.9174],[41.737,51.0257],[41.8549,51.1886],[41.977,51.2033],[42.2548,51.1325],[42.573,51.1685],[42.7155,51.2394],[42.8729,51.2313],[42.8609,51.3814],[42.4892,51.6077],[42.2737,51.6004],[42.2477,51.6945],[41.9522,51.6564],[41.5565,51.7667],[41.3113,51.7938],[41.2683,51.735],[41.0661,51.7102],[40.8919,51.7426],[40.9377,51.8902],[40.7346,51.9404],[40.5038,51.9535],[39.913,51.9798],[39.8341,51.9202],[39.4966,51.9727],[39.4471,52.0822],[39.1823,52.0982],[38.9944,52.0007],[38.8799,52.0925],[38.6976,52.0978],[38.2988,51.961],[38.4098,51.9202],[38.4098,51.6878],[38.2195,51.7078],[38.3234,51.3408],[38.2915,51.2925],[38.446,51.2574],[38.3969,51.0765],[38.6184,50.9984],[38.7376,51.0737],[38.8458,51.0365],[38.8736,50.9113],[38.7367,50.9014],[38.7245,50.7901],[38.9662,50.6465],[39.0724,50.6361],[39.0977,50.5061],[38.9904,50.4327],[39.0848,50.3487],[39.099,50.1728],[39.2336,50.0562],[39.181,49.8595]]]}},{"type":"Feature","properties":{"sourceId":"1159313169","regionId":"region.8f4d2981-01a9-4dde-828e-b3dcaa18ed4f","countryId":"country.h03oz0"},"geometry":{"type":"Polygon","coordinates":[[[40.1185,49.5885],[40.0409,49.4555],[40.1595,49.3336],[40.1417,49.2458],[39.9521,49.1245],[39.9187,49.0478],[39.6811,49.0203],[39.7587,48.8954],[39.8965,48.8799],[39.7029,48.7466],[39.6317,48.5869],[39.8092,48.5838],[39.9932,48.2732],[39.8431,48.1198],[39.7591,47.8329],[39.3916,47.8226],[39.0362,47.857],[38.8772,47.8612],[38.771,47.7808],[38.7345,47.6771],[38.3529,47.6071],[38.2603,47.4929],[38.201,47.2906],[38.2166,47.1033],[38.6255,47.1356],[38.9378,47.1898],[39.0881,47.2864],[39.264,47.2608],[39.2619,47.0086],[39.0752,47.0327],[38.9573,46.9565],[38.6735,46.863],[38.883,46.808],[38.8845,46.6348],[39.099,46.6013],[39.1804,46.6884],[39.4435,46.8089],[39.5775,46.7775],[40.0234,46.7648],[40.1315,46.7223],[40.0587,46.5424],[40.2144,46.5249],[40.3395,46.2799],[40.7346,46.2762],[40.9535,46.198],[41.1259,46.0679],[41.1624,45.9536],[41.3754,45.9468],[41.4201,45.9948],[41.7126,45.996],[41.6558,46.1053],[41.726,46.2136],[41.8401,46.1529],[41.995,46.3013],[42.2019,46.3145],[42.0996,46.4071],[42.0343,46.5433],[42.1809,46.5779],[42.4093,46.5249],[42.5968,46.4109],[42.7872,46.3894],[42.9118,46.435],[43.0802,46.3598],[43.3556,46.1724],[43.5594,46.1689],[43.646,46.2157],[43.7859,46.4075],[43.9184,46.416],[43.9277,46.521],[43.8171,46.5887],[43.9304,46.7227],[44.2624,46.9001],[44.3276,47.1108],[44.334,47.4752],[44.2284,47.5746],[44.1168,47.5335],[44.1096,47.4137],[43.9533,47.3649],[43.9392,47.2689],[43.8023,47.2825],[43.7315,47.4766],[43.482,47.4837],[43.2625,47.4502],[43.0543,47.5728],[42.9553,47.5103],[42.785,47.7311],[42.7285,47.8541],[42.4919,48.0136],[42.0298,48.0285],[42.0964,48.1541],[42.0495,48.2599],[42.0741,48.3919],[42.1652,48.464],[42.6337,48.5516],[42.6511,48.7046],[42.7397,48.7863],[42.6443,48.9769],[42.4106,49.0473],[42.3438,49.1521],[42.0952,49.1406],[42.0366,49.2674],[42.072,49.5018],[42.1784,49.6684],[42.1151,49.7503],[41.8761,49.9004],[41.6167,49.9622],[41.3621,50.2263],[41.2884,50.1795],[41.3415,50.0753],[41.1785,50.0157],[41.0564,49.9162],[41.0293,49.7942],[40.8848,49.6903],[40.411,49.5968],[40.1696,49.6241],[40.1185,49.5885]]]}},{"type":"Feature","properties":{"sourceId":"1159313615","regionId":"region.f5400bda-0240-481f-a184-95eb66b4c521","countryId":"country.h03oz0"},"geometry":{"type":"Polygon","coordinates":[[[98.9377,52.1247],[98.9947,52.0583],[99.3239,51.9342],[99.6793,51.8887],[100.006,51.7317],[100.5109,51.7269],[101.3878,51.4506],[101.4821,51.4729],[102.0512,51.3836],[102.1839,51.3239],[102.1465,51.0976],[102.2297,50.9793],[102.2168,50.7989],[102.3294,50.7188],[102.2759,50.6502],[102.3276,50.5455],[102.4719,50.5249],[102.6195,50.399],[102.9741,50.2956],[103.2017,50.297],[103.2531,50.215],[103.6014,50.1335],[103.7853,50.1861],[103.974,50.1487],[104.1981,50.17],[104.3495,50.2719],[104.9342,50.3933],[105.1313,50.3981],[105.3286,50.4765],[105.6394,50.4219],[105.9849,50.3998],[106.0559,50.3336],[106.2449,50.2903],[106.4398,50.3279],[106.6565,50.327],[106.9737,50.1964],[107.0484,50.0846],[107.2249,49.9971],[107.7446,49.9674],[107.7697,50.1472],[107.9263,50.2148],[107.9902,50.3348],[108.1317,50.3182],[108.3152,50.4027],[108.5536,50.4651],[108.4722,50.5899],[108.1873,50.6576],[108.067,50.7535],[108.2497,50.8435],[108.3527,51.0554],[108.484,51.0567],[108.5547,51.1571],[108.3845,51.2375],[108.5318,51.4228],[108.6491,51.5006],[108.7571,51.4489],[108.942,51.4405],[109.0471,51.5004],[109.2472,51.366],[109.6287,51.4491],[110.0492,51.6161],[110.3892,51.577],[110.4225,51.5233],[110.677,51.5045],[110.8624,51.595],[110.8447,51.66],[111.125,51.8179],[111.4537,51.8778],[111.7237,52.0057],[111.7964,52.0899],[112.0618,52.2772],[112.1845,52.2881],[112.4054,52.2084],[112.5448,52.347],[112.9499,52.3433],[113.2361,52.4688],[113.5725,52.4535],[113.7442,52.5736],[114.0878,52.6946],[114.2351,52.8215],[114.233,52.9605],[114.3251,53.0677],[114.1321,53.0996],[114.2008,53.1871],[113.9776,53.2398],[113.8425,53.3818],[113.8776,53.562],[113.7927,53.6297],[113.9835,53.7437],[114.3261,53.79],[114.5007,53.8449],[114.5883,53.9266],[114.8601,53.9805],[115.1645,54.1617],[115.2691,54.2567],[115.4911,54.3287],[115.6294,54.4423],[116.1905,54.5385],[116.4579,54.5168],[116.6732,54.5478],[116.8836,54.7375],[116.9275,54.8259],[116.8927,54.9767],[116.7739,55.148],[116.4759,55.2532],[116.376,55.4087],[116.0716,55.4149],[115.8952,55.5254],[115.8448,55.7048],[115.8893,55.9652],[115.7649,56.0857],[115.7736,56.2057],[115.6838,56.4245],[115.8005,56.4661],[115.6879,56.5954],[115.4905,56.6199],[115.5713,56.7319],[115.589,56.902],[115.7108,56.9635],[115.8048,57.0313],[116.1703,57.1414],[116.1557,57.2285],[115.8522,57.2401],[115.6978,57.1367],[115.4499,57.097],[115.0859,57.1186],[115.0504,56.9907],[114.8507,56.8367],[114.7953,56.7097],[114.4985,56.6709],[114.1272,56.676],[114.0102,56.5453],[113.5468,56.6716],[113.3558,56.6264],[112.8855,56.6967],[112.762,56.7525],[112.6621,56.9597],[112.4439,56.863],[112.2349,56.8777],[112.1096,56.9444],[111.8543,56.9133],[111.4625,57.1025],[111.3367,56.95],[111.3632,56.8948],[111.1337,56.8147],[110.7525,56.8741],[110.5319,56.8467],[110.3991,56.9212],[109.989,56.969],[109.8869,56.8909],[109.7804,56.7111],[109.4102,56.7349],[109.3137,56.6717],[109.1431,56.6761],[108.9296,56.5882],[108.699,56.5829],[108.7186,56.4994],[108.557,56.3457],[108.799,56.2574],[108.9912,56.0397],[109.105,56.0217],[108.8541,55.8663],[108.7714,55.6233],[108.6222,55.4559],[108.6513,55.3132],[108.7822,55.1695],[108.6903,55.0623],[108.7161,54.7851],[108.6404,54.6011],[108.6709,54.5469],[109.0221,54.4936],[109.0073,54.4249],[108.4235,53.7832],[108.041,53.1927],[106.1983,52.4402],[105.9916,52.2209],[105.7515,52.031],[105.4612,51.8633],[105.1231,51.7311],[104.6499,51.6224],[104.6094,51.2683],[104.4942,51.309],[104.2124,51.2811],[104.0981,51.2182],[103.8137,51.1319],[103.8187,51.3878],[103.5763,51.4792],[103.335,51.4342],[103.1814,51.6208],[103.2216,51.7883],[103.0647,51.8827],[102.777,51.9846],[102.5421,52.2276],[102.3204,52.2313],[102.188,52.2758],[102.0457,52.2122],[101.9104,52.3171],[101.4756,52.5711],[100.6064,52.9436],[100.3627,53.1368],[100.401,53.2342],[100.2605,53.3748],[100.0798,53.3003],[99.8782,53.2994],[99.6902,53.132],[99.379,53.1128],[99.2498,52.9538],[99.2203,52.8652],[98.9287,52.9185],[98.9371,52.6727],[98.8046,52.6109],[98.8056,52.514],[98.6344,52.4128],[98.6464,52.309],[98.7995,52.2742],[98.809,52.1964],[98.9377,52.1247]]]}},{"type":"Feature","properties":{"sourceId":"1159313613","regionId":"region.7dbfbd71-8e63-4817-bc0b-b6cda4f9511c","countryId":"country.h03oz0"},"geometry":{"type":"Polygon","coordinates":[[[98.9377,52.1247],[98.809,52.1964],[98.7995,52.2742],[98.6464,52.309],[98.6344,52.4128],[98.8056,52.514],[98.8046,52.6109],[98.9371,52.6727],[98.9287,52.9185],[99.2203,52.8652],[99.2498,52.9538],[98.9893,53.0345],[99.0557,53.1038],[98.6979,53.1548],[98.6152,53.1075],[98.3032,53.1037],[98.2795,53.2257],[98.0308,53.2526],[97.9715,53.3516],[97.6988,53.3789],[97.4478,53.4615],[97.3284,53.5964],[97.1352,53.613],[96.8749,53.7291],[96.6841,53.6385],[96.6423,53.5481],[96.4179,53.5432],[96.2415,53.6135],[96.186,53.5154],[96.0483,53.4537],[95.7676,53.5195],[95.3809,53.3719],[95.2604,53.4564],[95.0411,53.3759],[94.7399,53.3827],[94.5945,53.3157],[94.6037,53.0553],[94.5123,52.9108],[94.2901,52.9],[94.1413,52.8318],[94.1391,52.761],[93.9893,52.5854],[93.7739,52.4462],[93.678,52.2238],[93.3604,52.1294],[93.0746,51.9453],[92.8443,51.8324],[92.4295,51.8019],[91.9867,51.7936],[91.8942,51.8528],[91.5431,51.9009],[91.1804,51.8901],[91.1005,51.9427],[90.8394,51.9124],[90.7436,52.0634],[90.4766,52.1834],[90.3594,52.1918],[90.1237,52.1286],[90.0275,51.9844],[90.1046,51.7677],[89.9429,51.7502],[89.7304,51.5822],[89.5806,51.553],[89.2327,51.6448],[88.7357,51.5594],[88.9554,51.4384],[88.9458,51.2283],[89.0322,51.1843],[89.0524,51.0646],[89.3836,50.8576],[89.6737,50.579],[89.7797,50.5669],[89.8436,50.4299],[89.3903,50.3193],[89.3364,50.2096],[89.5014,50.2068],[89.6332,49.9079],[89.8664,49.9427],[89.9971,50.0037],[90.0512,50.0842],[90.2229,50.1144],[90.4752,50.2146],[90.6839,50.2162],[91.012,50.4253],[91.4157,50.4614],[91.7498,50.6841],[91.9,50.7072],[92.1589,50.6891],[92.3017,50.8434],[92.6498,50.6741],[92.7603,50.7708],[92.9617,50.7779],[93.0114,50.6233],[93.1049,50.5988],[93.4215,50.6094],[93.5363,50.5847],[94.2376,50.5652],[94.3275,50.4044],[94.3443,50.2492],[94.6245,50.0152],[94.9216,50.0459],[95.0764,49.9455],[95.3547,49.9477],[95.4772,49.8941],[95.867,50.015],[96.041,49.9979],[96.3729,49.8861],[96.5681,49.8618],[96.7019,49.9138],[96.9692,49.8867],[97.0853,49.8058],[97.3017,49.7255],[97.5427,49.8227],[97.5666,49.9168],[97.7336,49.9583],[97.8474,49.9301],[98.1056,50.0639],[98.2625,50.2838],[98.2935,50.5186],[98.0233,50.642],[97.944,50.7745],[97.9902,50.8356],[97.8064,51.0011],[97.929,51.215],[97.9157,51.3006],[98.0509,51.4664],[98.2204,51.4752],[98.2282,51.5834],[98.3322,51.7183],[98.6187,51.7807],[98.7111,51.8451],[98.9377,52.1247]]]}},{"type":"Feature","properties":{"sourceId":"1159313617","regionId":"region.5b30416f-f5e0-4950-86f6-b54c1fbdcf3c","countryId":"country.h03oz0"},"geometry":{"type":"Polygon","coordinates":[[[112.1264,49.4399],[112.4322,49.5292],[112.7337,49.4928],[113.0437,49.5886],[113.2124,49.822],[113.5797,50.0199],[113.8498,50.0807],[113.9731,50.1605],[114.2863,50.2769],[114.473,50.234],[114.7538,50.2362],[114.9974,50.1443],[115.2102,49.9717],[115.3687,49.8954],[115.7509,49.885],[116.0536,49.9984],[116.2176,50.0138],[116.5754,49.9218],[116.6843,49.8233],[117.0576,49.6729],[117.2529,49.6225],[117.4729,49.6143],[117.7588,49.5127],[118.1686,49.6715],[118.6444,49.9546],[119.0917,49.9866],[119.3162,50.0927],[119.3529,50.3455],[119.2437,50.4455],[119.2936,50.5992],[119.4967,50.7371],[119.518,50.9048],[119.7483,51.0834],[119.7581,51.199],[119.9157,51.3307],[120.1082,51.6652],[120.1538,51.664],[120.4931,51.8757],[120.6476,51.911],[120.7792,52.1176],[120.7581,52.2374],[120.6262,52.3468],[120.724,52.5422],[120.4299,52.6361],[120.176,52.5837],[120.0564,52.6005],[120.033,52.7607],[120.2802,52.8659],[120.4503,53.0083],[120.8743,53.2802],[121.2035,53.2767],[121.4133,53.3173],[121.889,53.4306],[122.0251,53.4298],[121.947,53.6047],[121.9194,53.8314],[121.7829,53.9725],[121.6431,54.0121],[121.6412,54.1129],[121.7535,54.1516],[121.7526,54.2717],[121.6548,54.3555],[121.7313,54.4256],[121.9018,54.3691],[122.1147,54.4067],[122.1274,54.4678],[121.9355,54.5663],[121.9219,54.7329],[121.6666,54.8215],[121.9503,55.0075],[121.9393,55.2141],[121.9836,55.4764],[121.8832,55.6057],[121.6935,55.6001],[121.6337,55.5348],[121.3634,55.5074],[121.2169,56.0132],[120.986,56.0201],[120.532,55.9143],[120.2597,55.9164],[120.0553,56.0781],[120.0616,56.1382],[120.5326,56.2846],[120.2757,56.3862],[120.2566,56.4592],[119.9604,56.4931],[119.6695,56.7707],[119.8984,56.8894],[119.6453,57.0023],[119.6828,57.1574],[119.5456,57.3398],[119.4424,57.3712],[119.4101,57.6147],[119.1411,57.5389],[119.1651,57.6687],[119.047,57.7276],[119.1544,58.1464],[119.1081,58.2227],[118.7841,58.2128],[118.6304,58.1752],[118.4051,58.2615],[118.3174,58.3525],[118.1421,58.3859],[117.6838,58.398],[117.4709,58.304],[117.5878,58.1843],[117.4377,58.1518],[117.313,57.847],[117.1283,57.8416],[117.1404,57.6684],[117.2823,57.6172],[117.2571,57.509],[117.427,57.2637],[117.5971,57.3212],[117.7943,57.2874],[117.6009,57.1497],[117.6725,56.9775],[117.5708,56.8512],[117.1795,56.866],[116.815,56.7262],[116.6291,56.7485],[116.3616,56.8473],[116.122,56.8127],[115.8602,56.9324],[115.7108,56.9635],[115.589,56.902],[115.5713,56.7319],[115.4905,56.6199],[115.6879,56.5954],[115.8005,56.4661],[115.6838,56.4245],[115.7736,56.2057],[115.7649,56.0857],[115.8893,55.9652],[115.8448,55.7048],[115.8952,55.5254],[116.0716,55.4149],[116.376,55.4087],[116.4759,55.2532],[116.7739,55.148],[116.8927,54.9767],[116.9275,54.8259],[116.8836,54.7375],[116.6732,54.5478],[116.4579,54.5168],[116.1905,54.5385],[115.6294,54.4423],[115.4911,54.3287],[115.2691,54.2567],[115.1645,54.1617],[114.8601,53.9805],[114.5883,53.9266],[114.5007,53.8449],[114.3261,53.79],[113.9835,53.7437],[113.7927,53.6297],[113.8776,53.562],[113.8425,53.3818],[113.9776,53.2398],[114.2008,53.1871],[114.1321,53.0996],[114.3251,53.0677],[114.233,52.9605],[114.2351,52.8215],[114.0878,52.6946],[113.7442,52.5736],[113.5725,52.4535],[113.2361,52.4688],[112.9499,52.3433],[112.5448,52.347],[112.4054,52.2084],[112.1845,52.2881],[112.0618,52.2772],[111.7964,52.0899],[111.7237,52.0057],[111.4537,51.8778],[111.125,51.8179],[110.8447,51.66],[110.8624,51.595],[110.677,51.5045],[110.4225,51.5233],[110.3892,51.577],[110.0492,51.6161],[109.6287,51.4491],[109.2472,51.366],[109.0471,51.5004],[108.942,51.4405],[108.7571,51.4489],[108.6491,51.5006],[108.5318,51.4228],[108.3845,51.2375],[108.5547,51.1571],[108.484,51.0567],[108.3527,51.0554],[108.2497,50.8435],[108.067,50.7535],[108.1873,50.6576],[108.4722,50.5899],[108.5536,50.4651],[108.3152,50.4027],[108.1317,50.3182],[107.9902,50.3348],[107.9263,50.2148],[107.7697,50.1472],[107.7446,49.9674],[107.9465,49.9335],[107.9558,49.7455],[108.0327,49.5893],[108.2505,49.5224],[108.3349,49.4364],[108.57,49.3257],[108.9305,49.3488],[109.2867,49.3385],[109.5162,49.2559],[109.7285,49.2665],[109.8177,49.2277],[110.1814,49.162],[110.3712,49.2418],[110.6036,49.1453],[110.7314,49.1377],[110.9656,49.2074],[111.3385,49.3647],[111.5035,49.3471],[111.661,49.3964],[112.0302,49.4119],[112.1264,49.4399]]]}},{"type":"Feature","properties":{"sourceId":"1159313603","regionId":"region.7787b4b9-b0c2-4974-a26c-97ef6560fbaa","countryId":"country.h03oz0"},"geometry":{"type":"Polygon","coordinates":[[[122.0251,53.4298],[122.3378,53.4913],[122.4712,53.4647],[122.8597,53.4739],[123.1536,53.5131],[123.2526,53.5678],[123.4855,53.526],[123.6396,53.5513],[123.9706,53.4552],[124.1218,53.3527],[124.2327,53.3817],[124.4082,53.2357],[124.6787,53.1993],[124.7202,53.1488],[125.1274,53.2065],[125.5213,53.0424],[125.6214,53.0621],[126.0351,52.7271],[125.9732,52.6316],[126.2123,52.533],[126.4212,52.2873],[126.3167,52.1998],[126.5312,52.1527],[126.4461,51.9825],[126.8074,51.5342],[126.8003,51.419],[126.9546,51.3296],[126.9054,51.1643],[126.9318,51.0638],[127.1443,50.9035],[127.2874,50.751],[127.3648,50.5547],[127.289,50.466],[127.3307,50.3282],[127.5784,50.2206],[127.4867,50.0256],[127.5081,49.8223],[127.6443,49.7671],[127.722,49.6486],[127.8309,49.5939],[127.9916,49.5987],[128.0925,49.5416],[128.6662,49.6095],[128.7969,49.5725],[129.0506,49.3767],[129.3621,49.3498],[129.5024,49.4108],[129.5718,49.2798],[129.7112,49.2742],[129.9134,49.0395],[130.2493,48.8645],[130.3868,48.8963],[130.6253,48.8744],[130.829,48.9834],[130.9827,48.9722],[131.0067,49.051],[131.1824,49.2499],[131.3957,49.2436],[131.494,49.4114],[131.4691,49.73],[131.4994,49.9008],[131.2952,49.9898],[131.4415,50.1862],[131.3253,50.2688],[131.2898,50.3661],[131.1341,50.4193],[130.9889,50.3818],[130.8655,50.4565],[131.0111,50.5681],[130.954,50.65],[130.6451,50.6573],[130.8407,50.8809],[130.7718,50.9425],[130.9187,51.0243],[131.0649,51.2457],[131.1691,51.2487],[131.2898,51.3639],[131.4884,51.3446],[131.4838,51.4761],[131.395,51.607],[131.4309,51.6883],[131.7278,51.6811],[132.4235,51.8599],[132.5898,52.0815],[132.907,52.1586],[133.3217,52.1983],[133.4204,52.2514],[133.2462,52.4556],[133.2795,52.6639],[133.3694,52.683],[133.6587,52.5716],[134.0031,52.5392],[134.6057,52.4176],[134.6586,52.5751],[134.7824,52.6471],[134.6313,52.8006],[134.6589,52.9391],[134.8121,53.0656],[134.9564,53.2539],[134.9238,53.4166],[134.748,53.5393],[134.5552,53.6209],[134.4514,53.5378],[134.2226,53.5149],[134.0106,53.4332],[133.7092,53.4768],[133.5733,53.546],[133.2097,53.4211],[133.1534,53.2912],[132.9512,53.2885],[132.8933,53.2346],[132.3985,53.2442],[132.1116,53.223],[131.8942,53.128],[131.8002,53.2412],[131.4653,53.2129],[131.5323,53.3194],[131.4982,53.5549],[131.4208,53.7513],[131.0967,53.8129],[130.9211,53.7678],[130.6351,53.8868],[130.4465,53.8824],[130.5069,54.1198],[130.7737,54.2879],[131.1141,54.3233],[131.2202,54.5267],[131.1995,54.6128],[131.3993,54.7191],[131.9945,54.9094],[131.9708,54.998],[132.0867,55.0499],[132.3668,55.0564],[132.3548,55.1914],[132.5808,55.1959],[132.7326,55.3487],[132.6629,55.5607],[132.5384,55.6756],[132.2397,55.704],[132.126,55.6448],[131.8037,55.6143],[131.5986,55.6518],[131.0868,55.6181],[130.923,55.6786],[130.7415,55.7191],[129.9947,55.6931],[129.653,55.745],[129.047,55.6542],[129.0888,55.5334],[128.9749,55.4663],[128.5016,55.5156],[128.2902,55.648],[127.7939,55.6292],[127.6746,55.6832],[127.4869,55.555],[127.3296,55.6557],[126.9535,55.6872],[126.8427,55.6059],[126.5507,55.6334],[126.4342,55.555],[126.0473,55.5888],[126.0391,55.7278],[125.7576,55.7964],[125.5463,55.7358],[125.4373,55.8374],[125.2477,55.8796],[124.9577,55.8262],[124.6352,55.9018],[124.448,55.9046],[124.3604,56.0567],[124.0605,56.2313],[123.9154,56.3773],[123.4527,56.4063],[123.1323,56.4574],[122.9185,56.5507],[122.5892,56.4896],[122.4667,56.6019],[122.2828,56.6507],[122.1596,56.7384],[121.6083,56.7412],[121.5115,56.9223],[121.4069,56.9755],[121.0532,56.9896],[121.0191,57.0312],[120.6555,57.0321],[120.3028,57.0041],[120.0308,56.899],[119.8984,56.8894],[119.6695,56.7707],[119.9604,56.4931],[120.2566,56.4592],[120.2757,56.3862],[120.5326,56.2846],[120.0616,56.1382],[120.0553,56.0781],[120.2597,55.9164],[120.532,55.9143],[120.986,56.0201],[121.2169,56.0132],[121.3634,55.5074],[121.6337,55.5348],[121.6935,55.6001],[121.8832,55.6057],[121.9836,55.4764],[121.9393,55.2141],[121.9503,55.0075],[121.6666,54.8215],[121.9219,54.7329],[121.9355,54.5663],[122.1274,54.4678],[122.1147,54.4067],[121.9018,54.3691],[121.7313,54.4256],[121.6548,54.3555],[121.7526,54.2717],[121.7535,54.1516],[121.6412,54.1129],[121.6431,54.0121],[121.7829,53.9725],[121.9194,53.8314],[121.947,53.6047],[122.0251,53.4298]]]}},{"type":"Feature","properties":{"sourceId":"1159313605","regionId":"region.840e82c9-00e4-4d65-8b59-97d52f5c62ca","countryId":"country.h03oz0"},"geometry":{"type":"Polygon","coordinates":[[[130.6253,48.8744],[130.5333,48.6358],[130.7159,48.4991],[130.8194,48.2819],[130.6634,48.1164],[130.6824,48.0504],[130.907,47.8843],[130.9418,47.718],[131.0234,47.6823],[131.4184,47.7426],[131.5774,47.6686],[131.703,47.6962],[131.8943,47.67],[132.1617,47.69],[132.3324,47.7365],[132.5247,47.7075],[132.6588,47.8698],[133.092,48.1068],[133.1852,48.1248],[133.4637,48.0895],[133.5599,48.1133],[133.7213,48.2448],[133.9824,48.2852],[134.0572,48.3272],[134.3864,48.3813],[134.598,48.4164],[134.7692,48.3737],[134.9774,48.5068],[134.9866,48.5948],[134.8619,48.6251],[134.7456,48.5691],[134.4825,48.6594],[134.3918,48.743],[134.105,48.6327],[133.9347,48.6398],[133.7701,48.7592],[133.3087,48.826],[133.2012,49.1408],[133.0325,49.2189],[132.8154,49.2347],[132.6386,49.2898],[132.3823,49.2953],[132.3977,49.393],[132.1198,49.4855],[131.9655,49.3053],[131.6119,49.2881],[131.3957,49.2436],[131.1824,49.2499],[131.0067,49.051],[130.9827,48.9722],[130.829,48.9834],[130.6253,48.8744]]]}},{"type":"Feature","properties":{"sourceId":"1159313583","regionId":"region.902f2b1c-3667-462a-8376-3cdbcbe6f304","countryId":"country.h03oz0"},"geometry":{"type":"MultiPolygon","coordinates":[[[[134.3864,48.3813],[134.5426,48.3573],[134.7009,48.2615],[134.683,48.1355],[134.5672,48.0404],[134.7726,47.7107],[134.6827,47.5878],[134.4846,47.4302],[134.2928,47.4097],[134.1541,47.2579],[134.2273,47.1177],[134.1242,47.0705],[134.0205,46.834],[133.9985,46.6377],[134.412,46.6775],[134.4646,46.786],[134.4429,46.9425],[134.5487,46.9673],[134.6534,47.0918],[134.8511,47.1541],[135.0151,47.1281],[135.2051,47.153],[135.526,46.9535],[135.7459,46.9486],[135.8501,46.8109],[136.062,46.8499],[136.2637,46.765],[136.4511,46.8102],[136.5772,46.7775],[136.7279,46.8415],[136.9343,47.0571],[137.0127,47.2361],[137.0937,47.2966],[137.4524,47.1984],[137.5977,47.3003],[137.7547,47.3293],[138.0868,47.5166],[138.0483,47.6683],[137.8964,47.7243],[137.7869,47.6965],[137.6005,47.7842],[137.5966,47.9104],[137.4169,47.978],[137.3146,48.0842],[137.4489,48.2016],[137.5787,48.2285],[137.8433,48.2091],[137.9949,48.2971],[138.1453,48.3158],[138.3056,48.4446],[138.4888,48.4017],[138.4798,48.3026],[138.5585,48.1808],[138.7224,48.1361],[138.5814,48.0307],[138.8256,47.8609],[138.6182,47.6286],[138.6287,47.4514],[138.8562,47.4663],[139.0264,47.3894],[139.0533,47.4787],[139.2057,47.6638],[139.2617,47.7879],[139.3905,47.9042],[139.6841,48.0955],[139.7339,48.1635],[140.0435,48.3362],[140.1651,48.4494],[140.1858,48.6501],[140.2966,48.9804],[140.3768,49.1435],[140.3438,49.2184],[140.4329,49.3061],[140.4543,49.4208],[140.5608,49.5754],[140.5422,49.7568],[140.4158,49.8627],[140.4946,49.9835],[140.6607,50.058],[140.523,50.1511],[140.5454,50.3441],[140.4429,50.5444],[140.5422,50.8771],[140.6567,50.9378],[140.7057,51.3348],[140.8296,51.3432],[140.896,51.4288],[140.9056,51.6154],[141.1092,51.6788],[141.2002,51.8237],[141.4295,51.942],[141.3089,52.0371],[141.5148,52.1719],[141.1672,52.3649],[141.1177,52.449],[141.2806,52.5788],[141.2593,52.8466],[140.9661,52.9446],[141.1888,52.9875],[141.433,53.1489],[141.3777,53.3096],[141.2512,53.311],[141.0354,53.4097],[140.9497,53.489],[140.5398,53.6717],[140.252,53.8906],[140.3308,53.9703],[140.2406,54.057],[140.0017,54.123],[139.8159,54.2152],[139.797,54.2974],[139.3718,54.1959],[139.1619,54.2047],[138.7385,54.316],[138.7606,53.9752],[138.6558,53.7318],[138.5021,53.5435],[138.2468,53.5328],[138.3788,53.6841],[138.5366,53.7861],[138.5589,53.9896],[138.3957,53.9284],[138.2982,53.7562],[137.9182,53.5866],[137.3351,53.5294],[137.3147,53.6528],[137.4772,53.6658],[137.5969,53.8242],[137.7713,53.9435],[137.5462,53.9721],[137.4854,54.1121],[137.6846,54.2766],[137.4514,54.3176],[137.0614,54.1457],[137.157,54.044],[137.2909,54.0357],[137.1857,53.8511],[136.9578,53.8577],[136.7752,53.7731],[136.6847,53.8085],[136.6891,54.0123],[136.7803,54.0638],[136.8206,54.3161],[136.7386,54.4138],[136.8833,54.5914],[136.7612,54.6449],[136.5349,54.5955],[136.2493,54.6204],[135.7502,54.571],[135.6541,54.666],[135.2651,54.7217],[135.1734,54.8213],[135.2196,54.8941],[135.5343,55.0866],[135.8689,55.1739],[136.2198,55.3546],[136.319,55.4866],[136.5655,55.6232],[136.7733,55.6605],[137.572,56.1165],[137.698,56.1262],[137.8344,56.2255],[137.9141,56.3595],[138.2235,56.4242],[138.1148,56.5281],[138.2678,56.6266],[138.6616,56.9779],[138.9225,57.0581],[138.933,57.135],[139.1965,57.2727],[139.4185,57.2972],[139.5631,57.4301],[139.7897,57.4827],[139.9815,57.6877],[140.4957,57.8448],[140.6668,58.1911],[140.9043,58.3828],[141.1856,58.4564],[141.5837,58.6177],[141.7819,58.7647],[141.9468,58.943],[142.2624,59.1246],[142.5818,59.2261],[143.1597,59.3539],[143.4936,59.3185],[143.8405,59.4025],[144.4548,59.3749],[145.0008,59.3696],[145.6753,59.4235],[145.9758,59.3987],[145.8439,59.2927],[146.0503,59.1389],[146.3122,59.2788],[146.3191,59.4017],[146.4396,59.4604],[146.8866,59.3647],[147.0753,59.4109],[147.1586,59.6475],[147.1409,59.8486],[146.9893,59.9478],[146.7868,59.901],[146.6571,59.9822],[146.6801,60.0955],[146.4521,60.1424],[146.3742,60.2712],[145.793,60.1982],[145.5708,60.3351],[145.51,60.4637],[145.6202,60.5573],[146.0689,60.7388],[146.3201,60.6587],[146.4644,60.7087],[146.546,60.958],[146.7012,60.9589],[146.678,61.0812],[146.7473,61.2229],[146.6833,61.3126],[146.7676,61.4033],[146.6129,61.4426],[146.5834,61.6355],[146.2189,61.9029],[145.7432,62.0582],[145.5136,61.9641],[145.1558,61.9676],[144.9676,62.0568],[144.7451,62.0469],[144.5855,61.9775],[144.5403,61.8559],[144.245,61.7601],[143.927,61.7663],[143.9541,61.9568],[143.5709,61.9479],[143.1265,62.1011],[142.9278,61.9008],[142.6532,61.9616],[142.4375,61.8697],[142.1869,62.081],[141.8376,62.0412],[141.5448,62.1786],[141.3021,62.4312],[141.0673,62.4174],[140.7047,62.5727],[140.6352,62.4253],[140.4039,62.4217],[140.2944,62.2742],[140.2564,62.0383],[139.9883,61.972],[139.9189,61.8019],[139.6672,61.6409],[139.5482,61.4817],[139.1201,61.4494],[138.9407,61.3211],[138.719,61.3371],[138.703,61.1931],[138.3833,61.0995],[138.3458,61.0001],[138.1856,60.895],[138.4289,60.7023],[138.4044,60.6114],[138.2428,60.4927],[138.3152,60.3181],[138.2005,60.2313],[138.2626,59.9383],[138.1737,59.8367],[138.253,59.7125],[137.8334,59.7608],[137.6157,59.7398],[137.1825,59.4456],[136.8359,59.398],[136.7587,59.3546],[136.0534,59.438],[135.791,59.5343],[135.6189,59.4955],[135.4217,59.3869],[135.2091,59.1223],[134.7517,59.1526],[134.2186,59.2087],[134.0465,59.256],[133.7666,59.2227],[133.5433,59.2939],[133.1258,59.2044],[132.8617,59.0645],[132.8079,58.8802],[132.5993,58.891],[132.5642,58.6399],[132.3719,58.5239],[132.1286,58.4894],[132.196,58.2484],[132.0172,58.1904],[132.0393,58.0196],[131.7048,58.1739],[131.4769,58.1675],[131.6104,57.9954],[131.806,57.9055],[132.0348,57.6909],[131.9747,57.5858],[131.6931,57.5605],[131.5086,57.2511],[131.1833,57.2355],[131.1793,57.1373],[131.4448,57.0358],[131.7511,56.8429],[131.7972,56.7174],[131.6758,56.6484],[131.6698,56.5496],[131.5025,56.5499],[131.3938,56.4791],[131.1844,56.4679],[131.0877,56.3452],[131.0926,56.2059],[130.9636,56.1286],[130.9242,55.9418],[130.8617,55.8889],[130.923,55.6786],[131.0868,55.6181],[131.5986,55.6518],[131.8037,55.6143],[132.126,55.6448],[132.2397,55.704],[132.5384,55.6756],[132.6629,55.5607],[132.7326,55.3487],[132.5808,55.1959],[132.3548,55.1914],[132.3668,55.0564],[132.0867,55.0499],[131.9708,54.998],[131.9945,54.9094],[131.3993,54.7191],[131.1995,54.6128],[131.2202,54.5267],[131.1141,54.3233],[130.7737,54.2879],[130.5069,54.1198],[130.4465,53.8824],[130.6351,53.8868],[130.9211,53.7678],[131.0967,53.8129],[131.4208,53.7513],[131.4982,53.5549],[131.5323,53.3194],[131.4653,53.2129],[131.8002,53.2412],[131.8942,53.128],[132.1116,53.223],[132.3985,53.2442],[132.8933,53.2346],[132.9512,53.2885],[133.1534,53.2912],[133.2097,53.4211],[133.5733,53.546],[133.7092,53.4768],[134.0106,53.4332],[134.2226,53.5149],[134.4514,53.5378],[134.5552,53.6209],[134.748,53.5393],[134.9238,53.4166],[134.9564,53.2539],[134.8121,53.0656],[134.6589,52.9391],[134.6313,52.8006],[134.7824,52.6471],[134.6586,52.5751],[134.6057,52.4176],[134.0031,52.5392],[133.6587,52.5716],[133.3694,52.683],[133.2795,52.6639],[133.2462,52.4556],[133.4204,52.2514],[133.3217,52.1983],[132.907,52.1586],[132.5898,52.0815],[132.4235,51.8599],[131.7278,51.6811],[131.4309,51.6883],[131.395,51.607],[131.4838,51.4761],[131.4884,51.3446],[131.2898,51.3639],[131.1691,51.2487],[131.0649,51.2457],[130.9187,51.0243],[130.7718,50.9425],[130.8407,50.8809],[130.6451,50.6573],[130.954,50.65],[131.0111,50.5681],[130.8655,50.4565],[130.9889,50.3818],[131.1341,50.4193],[131.2898,50.3661],[131.3253,50.2688],[131.4415,50.1862],[131.2952,49.9898],[131.4994,49.9008],[131.4691,49.73],[131.494,49.4114],[131.3957,49.2436],[131.6119,49.2881],[131.9655,49.3053],[132.1198,49.4855],[132.3977,49.393],[132.3823,49.2953],[132.6386,49.2898],[132.8154,49.2347],[133.0325,49.2189],[133.2012,49.1408],[133.3087,48.826],[133.7701,48.7592],[133.9347,48.6398],[134.105,48.6327],[134.3918,48.743],[134.4825,48.6594],[134.7456,48.5691],[134.8619,48.6251],[134.9866,48.5948],[134.9774,48.5068],[134.7692,48.3737],[134.598,48.4164],[134.3864,48.3813]]],[[[137.1712,55.1195],[136.7938,55.0097],[137.0179,54.9204],[137.1712,55.1195]]],[[[138.0467,55.0581],[137.6061,55.2001],[137.4614,55.0268],[137.2749,54.8983],[137.4854,54.8793],[137.7061,54.625],[137.9862,54.7974],[137.9862,54.8828],[138.1836,55.0576],[138.0467,55.0581]]]]}},{"type":"Feature","properties":{"sourceId":"1159313539","regionId":"region.cab81e7d-903b-465a-8f71-6e30d9cb856c","countryId":"country.h03oz0"},"geometry":{"type":"Polygon","coordinates":[[[133.9985,46.6377],[133.8493,46.4803],[133.9215,46.4101],[133.9025,46.259],[133.6874,46.1418],[133.7193,46.0793],[133.6581,45.9345],[133.5144,45.8793],[133.4878,45.6867],[133.4135,45.5733],[133.2021,45.5113],[133.1402,45.4354],[133.0975,45.2435],[133.1154,45.123],[132.9534,45.0244],[132.8398,45.0592],[131.9697,45.2338],[131.818,45.3328],[131.7232,45.2153],[131.6278,45.1985],[131.6091,45.0897],[131.4195,44.959],[131.158,44.9017],[131.0516,44.909],[130.9334,44.8417],[131.0658,44.682],[131.2645,44.0542],[131.1703,43.7811],[131.192,43.5886],[131.2528,43.4692],[131.2809,43.3802],[131.0855,43.0421],[131.103,42.9104],[130.9924,42.8487],[130.7695,42.8658],[130.4072,42.7354],[130.5845,42.5689],[130.5308,42.5305],[130.7,42.2951],[130.8585,42.5246],[130.6567,42.6641],[131.1274,42.6468],[131.2731,42.7773],[131.4717,42.8732],[131.5177,43.0093],[131.7505,43.2253],[131.7643,43.2917],[131.992,43.2731],[131.8499,43.1005],[131.9522,43.072],[132.096,43.181],[132.3562,43.286],[132.2893,42.8827],[132.4044,42.9423],[132.5779,42.8404],[132.7737,42.8751],[132.8159,42.7564],[132.9963,42.8044],[133.1577,42.6884],[133.2986,42.7635],[133.4443,42.7791],[133.605,42.8463],[133.9268,42.8827],[134.1937,43.0798],[134.5872,43.229],[134.9747,43.4595],[135.1399,43.5084],[135.2268,43.6822],[135.355,43.7195],[135.4879,43.8327],[135.5413,44.004],[135.624,44.0385],[135.6559,44.1687],[135.7862,44.2581],[135.8887,44.4015],[136.1226,44.4755],[136.3648,44.7925],[136.5535,44.895],[136.6565,45.0334],[136.7608,45.0879],[136.8255,45.2041],[137.1445,45.3747],[137.3967,45.6239],[137.6715,45.7946],[137.7821,45.946],[138.1004,46.228],[138.2024,46.4543],[138.3446,46.5487],[138.3491,46.6643],[138.4844,46.858],[138.5348,46.9866],[138.8907,47.3052],[139.0264,47.3894],[138.8562,47.4663],[138.6287,47.4514],[138.6182,47.6286],[138.8256,47.8609],[138.5814,48.0307],[138.7224,48.1361],[138.5585,48.1808],[138.4798,48.3026],[138.4888,48.4017],[138.3056,48.4446],[138.1453,48.3158],[137.9949,48.2971],[137.8433,48.2091],[137.5787,48.2285],[137.4489,48.2016],[137.3146,48.0842],[137.4169,47.978],[137.5966,47.9104],[137.6005,47.7842],[137.7869,47.6965],[137.8964,47.7243],[138.0483,47.6683],[138.0868,47.5166],[137.7547,47.3293],[137.5977,47.3003],[137.4524,47.1984],[137.0937,47.2966],[137.0127,47.2361],[136.9343,47.0571],[136.7279,46.8415],[136.5772,46.7775],[136.4511,46.8102],[136.2637,46.765],[136.062,46.8499],[135.8501,46.8109],[135.7459,46.9486],[135.526,46.9535],[135.2051,47.153],[135.0151,47.1281],[134.8511,47.1541],[134.6534,47.0918],[134.5487,46.9673],[134.4429,46.9425],[134.4646,46.786],[134.412,46.6775],[133.9985,46.6377]]]}},{"type":"Feature","properties":{"sourceId":"1159313231","regionId":"region.3b6608a0-0b5e-49e0-a1ba-7143552f083d","countryId":"country.h03oz0"},"geometry":{"type":"Polygon","coordinates":[[[68.7342,55.3517],[69.1861,55.3258],[69.3346,55.3851],[69.6739,55.334],[69.9117,55.2116],[70.197,55.1335],[70.4686,55.2855],[70.471,55.418],[70.6755,55.505],[70.7471,55.5903],[70.5493,55.6755],[70.5858,55.8379],[70.8467,55.9634],[70.909,56.1118],[70.7703,56.2959],[70.9275,56.347],[70.8554,56.4559],[71.029,56.5265],[71.1689,56.6757],[71.357,56.6711],[71.5567,56.7322],[71.6733,56.8378],[71.6523,56.9226],[71.3712,57.0638],[71.0798,57.3444],[70.8001,57.3191],[70.6338,57.2646],[70.4908,57.3038],[70.4362,57.4093],[70.6752,57.5113],[70.5799,57.5836],[70.565,57.7053],[70.4298,57.7848],[70.4361,57.9338],[70.8646,58.5346],[71.0835,58.5185],[71.245,58.3409],[71.2209,58.1658],[71.2692,58.0764],[71.9889,58.1227],[72.1491,58.0262],[72.8612,58.0105],[73.0874,58.1463],[74.2063,58.1336],[74.6708,58.3544],[75.1052,58.581],[75.1595,58.6502],[74.9809,58.7185],[74.7431,58.7481],[74.1001,58.7394],[73.9995,58.7996],[73.6206,58.8536],[73.4441,58.8176],[73.0321,58.8631],[73.0946,58.9462],[72.9669,59.0001],[72.9756,59.099],[72.8633,59.1574],[72.6569,59.107],[72.4536,59.2151],[72.4372,59.3034],[71.9998,59.5658],[71.2965,59.7991],[71.1934,59.9051],[71.0172,59.8226],[70.7976,59.863],[70.3985,59.8175],[70.1549,59.9],[69.6156,59.9049],[69.5013,59.9892],[69.3061,59.9889],[69.0777,59.8932],[69.2952,59.7829],[68.844,59.6213],[68.5434,59.5509],[68.3581,59.2829],[68.1954,59.2415],[67.7422,59.2119],[67.5645,59.0929],[67.2637,59.0204],[67.0709,58.9249],[66.9511,58.9732],[66.7737,58.9297],[66.7407,58.6696],[66.3802,58.5891],[65.9345,58.6144],[66.0019,58.2975],[66.1966,58.0325],[65.7023,57.9013],[65.5396,57.7795],[65.4279,57.8339],[64.8393,57.6407],[64.9367,57.5486],[64.8417,57.4461],[64.9918,57.2213],[64.9937,57.0415],[65.1403,56.7701],[64.9954,56.7683],[64.9672,56.5008],[65.0879,56.4483],[65.1169,56.3254],[65.6671,56.2735],[65.8609,56.0646],[66.0279,55.9903],[66.2981,56.0581],[66.4635,55.9505],[66.7605,56.0455],[66.8016,55.967],[66.9885,55.9888],[67.2987,55.8967],[67.4467,55.735],[67.8246,55.7207],[67.9121,55.6648],[68.1895,55.7002],[68.1739,55.596],[68.317,55.5552],[68.4868,55.4012],[68.7342,55.3517]]]}},{"type":"Feature","properties":{"sourceId":"1159313223","regionId":"region.82484b9a-e58c-443a-a13b-8b7656d29a32","countryId":"country.h03oz0"},"geometry":{"type":"Polygon","coordinates":[[[68.7342,55.3517],[68.4868,55.4012],[68.317,55.5552],[68.1739,55.596],[68.1895,55.7002],[67.9121,55.6648],[67.8246,55.7207],[67.4467,55.735],[67.2987,55.8967],[66.9885,55.9888],[66.8016,55.967],[66.7605,56.0455],[66.4635,55.9505],[66.2981,56.0581],[66.0279,55.9903],[65.8609,56.0646],[65.6671,56.2735],[65.1169,56.3254],[65.0879,56.4483],[64.9672,56.5008],[64.9954,56.7683],[64.8258,56.8411],[64.337,56.7527],[64.3566,56.6529],[64.2193,56.6008],[64.1733,56.4684],[63.7665,56.508],[63.4477,56.6097],[63.3585,56.5634],[63.0011,56.598],[62.333,56.4692],[62.2526,56.3627],[62.0827,56.291],[62.0718,56.1335],[62.3052,55.9787],[62.5168,55.7378],[62.5159,55.5636],[62.5793,55.5175],[62.3039,55.4033],[62.1649,55.2421],[62.2442,55.0794],[61.9891,55.0352],[61.9799,54.9338],[62.1234,54.8151],[62.0248,54.7165],[62.1472,54.6444],[62.3791,54.6721],[62.4243,54.7234],[62.7106,54.6258],[62.9033,54.6942],[63.1921,54.6864],[63.2955,54.5636],[63.1302,54.4478],[63.1284,54.3059],[63.3286,54.1631],[63.7086,54.2504],[63.856,54.2019],[63.9804,54.3037],[64.5785,54.3856],[64.7202,54.3338],[64.9106,54.4027],[65.0854,54.3086],[65.2129,54.343],[65.2143,54.5279],[65.4275,54.5528],[65.4774,54.6327],[65.713,54.5972],[65.9519,54.6937],[66.0978,54.6372],[66.4465,54.7109],[67.2133,54.7972],[67.2839,54.8533],[67.6227,54.8539],[67.8173,54.9522],[68.1661,54.9561],[68.3082,55.0728],[68.2624,55.194],[68.6053,55.1956],[68.7342,55.3517]]]}},{"type":"Feature","properties":{"sourceId":"1159313237","regionId":"region.d6e7511b-2ee9-47a1-b063-af932400b0da","countryId":"country.h03oz0"},"geometry":{"type":"Polygon","coordinates":[[[70.4686,55.2855],[70.6657,55.3092],[70.9771,55.078],[70.9459,54.8879],[71.006,54.7742],[71.1803,54.7274],[71.2649,54.6392],[71.1476,54.5914],[71.1906,54.3182],[70.98,54.3251],[71.044,54.1859],[71.1823,54.1016],[71.3206,54.201],[71.4771,54.1097],[71.7087,54.1322],[71.7625,54.2476],[72.0667,54.2224],[72.1518,54.3683],[72.4829,54.1356],[72.3569,54.0818],[72.4556,53.9053],[72.6562,54.0425],[72.6242,54.135],[72.9568,54.1175],[73.0628,53.9791],[73.3603,53.9384],[73.7406,54.0579],[73.6971,53.9008],[73.4853,53.8749],[73.2297,53.6624],[73.2306,53.5723],[73.4507,53.4486],[73.6407,53.5632],[73.8727,53.6321],[74.2139,53.597],[74.4091,53.4776],[74.4535,53.685],[74.6165,53.6807],[74.772,53.8309],[75.0279,53.8079],[75.434,53.9865],[75.3607,54.0595],[75.6912,54.1131],[75.697,54.5439],[75.8304,54.6015],[75.7656,54.7059],[75.5304,54.8909],[75.3633,54.9081],[75.3943,55.0374],[75.2548,55.1369],[75.2677,55.2497],[75.0975,55.3818],[75.311,55.5002],[75.1784,55.5691],[75.3424,55.764],[75.3176,55.8958],[75.5662,56.0542],[75.7759,56.1441],[76.3052,56.1831],[76.1083,56.3284],[76.009,56.5484],[76.2842,56.7262],[76.1087,57.2503],[75.9925,57.3849],[75.8586,57.3991],[75.7271,57.5989],[75.5805,57.675],[75.5428,57.9409],[75.0929,58.1101],[75.2219,58.2221],[75.0801,58.3535],[75.3043,58.4511],[75.1052,58.581],[74.6708,58.3544],[74.2063,58.1336],[73.0874,58.1463],[72.8612,58.0105],[72.1491,58.0262],[71.9889,58.1227],[71.2692,58.0764],[71.2209,58.1658],[71.245,58.3409],[71.0835,58.5185],[70.8646,58.5346],[70.4361,57.9338],[70.4298,57.7848],[70.565,57.7053],[70.5799,57.5836],[70.6752,57.5113],[70.4362,57.4093],[70.4908,57.3038],[70.6338,57.2646],[70.8001,57.3191],[71.0798,57.3444],[71.3712,57.0638],[71.6523,56.9226],[71.6733,56.8378],[71.5567,56.7322],[71.357,56.6711],[71.1689,56.6757],[71.029,56.5265],[70.8554,56.4559],[70.9275,56.347],[70.7703,56.2959],[70.909,56.1118],[70.8467,55.9634],[70.5858,55.8379],[70.5493,55.6755],[70.7471,55.5903],[70.6755,55.505],[70.471,55.418],[70.4686,55.2855]]]}},{"type":"Feature","properties":{"sourceId":"1159313249","regionId":"region.d33f8080-4a00-44e1-a358-02360c3e7ecf","countryId":"country.h03oz0"},"geometry":{"type":"Polygon","coordinates":[[[75.6912,54.1131],[76.1838,54.2516],[76.2342,54.3474],[76.4331,54.3166],[76.7661,54.3646],[76.8377,54.2969],[76.6646,54.1341],[76.3744,54.1478],[76.5257,53.9613],[77.6128,53.4428],[77.7847,53.3274],[77.93,53.4398],[77.9253,53.5648],[78.2045,53.6119],[78.2599,53.4955],[78.6269,53.5294],[78.6026,53.6161],[78.8857,53.6821],[79.0278,53.6609],[79.4419,53.693],[79.5715,53.7327],[79.8665,53.9325],[80.1285,54.0751],[80.2971,54.0701],[80.6554,54.2043],[80.9248,54.3961],[81.1119,54.1517],[81.4736,54.0717],[81.5817,54.0167],[81.8546,53.9686],[81.7324,53.8537],[81.8457,53.7098],[81.9678,53.7187],[82.4855,53.4686],[82.733,53.7869],[83.1832,54.0622],[83.2949,54.083],[83.385,53.9494],[83.4989,53.9908],[83.5551,54.1229],[84.0027,54.1445],[84.2656,54.2157],[84.5319,54.1697],[84.6933,54.3374],[85.0794,54.4694],[84.9483,54.6041],[85.0433,54.6623],[84.9545,54.7445],[85.0761,54.8683],[84.8826,54.9853],[84.9158,55.1653],[84.8226,55.2462],[84.8755,55.3885],[84.731,55.3912],[84.771,55.5398],[84.7093,55.6618],[84.5656,55.7088],[84.6056,55.8407],[84.5665,55.9614],[84.4104,56.0441],[84.1968,56.0548],[83.9511,56.0049],[83.5682,55.6927],[83.2232,55.737],[83.3535,55.9691],[83.1276,56.1317],[83.2144,56.2121],[83.1539,56.3819],[83.2517,56.4556],[83.096,56.5493],[82.8565,56.5326],[82.8285,56.4405],[82.4265,56.3943],[82.3424,56.3556],[81.9444,56.3395],[81.5574,56.2583],[81.2146,56.5076],[81.1223,56.5326],[80.3103,56.4386],[80.2486,56.4547],[79.5898,56.9286],[78.4476,57.1219],[78.4443,57.1613],[76.9185,57.1879],[76.8022,57.21],[76.1087,57.2503],[76.2842,56.7262],[76.009,56.5484],[76.1083,56.3284],[76.3052,56.1831],[75.7759,56.1441],[75.5662,56.0542],[75.3176,55.8958],[75.3424,55.764],[75.1784,55.5691],[75.311,55.5002],[75.0975,55.3818],[75.2677,55.2497],[75.2548,55.1369],[75.3943,55.0374],[75.3633,54.9081],[75.5304,54.8909],[75.7656,54.7059],[75.8304,54.6015],[75.697,54.5439],[75.6912,54.1131]]]}},{"type":"Feature","properties":{"sourceId":"1159313221","regionId":"region.4e346198-bdbb-43c7-820b-6a9941e4ed94","countryId":"country.h03oz0"},"geometry":{"type":"Polygon","coordinates":[[[63.3286,54.1631],[63.1284,54.3059],[63.1302,54.4478],[63.2955,54.5636],[63.1921,54.6864],[62.9033,54.6942],[62.7106,54.6258],[62.4243,54.7234],[62.3791,54.6721],[62.1472,54.6444],[62.0248,54.7165],[62.1234,54.8151],[61.9799,54.9338],[61.9891,55.0352],[62.2442,55.0794],[62.1649,55.2421],[62.3039,55.4033],[62.5793,55.5175],[62.5159,55.5636],[62.5168,55.7378],[62.3052,55.9787],[62.0718,56.1335],[61.8635,56.1807],[61.642,56.3194],[61.3849,56.367],[61.0842,56.3257],[61.1503,56.217],[60.909,56.1881],[60.7508,56.2373],[60.2396,56.2092],[59.7013,56.3061],[59.1221,56.3172],[59.1346,56.206],[59.0263,56.1694],[59.269,56.0479],[59.165,55.7899],[59.2959,55.7805],[59.2548,55.6141],[59.4466,55.632],[59.5649,55.4996],[59.2013,55.4501],[59.1592,55.3316],[58.872,55.3233],[58.7968,55.2028],[58.6736,55.1885],[58.8157,55.0249],[58.6195,54.9497],[58.364,55.0844],[58.2879,55.1707],[58.0302,55.2748],[57.518,55.334],[57.2636,55.2619],[57.1369,55.0921],[57.243,54.9571],[57.1651,54.819],[57.5941,54.6287],[57.7417,54.5831],[57.7429,54.5006],[57.9714,54.3928],[58.2063,54.5151],[58.3637,54.5475],[58.6138,54.4703],[58.8247,54.5722],[59.0614,54.6319],[59.2278,54.6112],[59.4041,54.7026],[59.6138,54.8667],[59.9746,54.8014],[59.8597,54.603],[59.6795,54.4981],[59.7463,54.4471],[59.6667,54.3397],[59.8005,54.242],[59.6939,54.1291],[59.5442,54.1961],[59.344,54.1851],[59.162,53.9929],[59.0141,53.9582],[58.9062,53.8616],[58.9068,53.6658],[58.8209,53.5956],[58.8685,53.5018],[58.9004,53.0659],[58.7488,52.8354],[58.7237,52.6451],[58.828,52.4327],[59.175,52.2774],[59.2486,52.4868],[59.3975,52.4952],[59.5086,52.4354],[59.7813,52.4918],[59.9456,52.4283],[60.1486,52.4205],[60.1396,52.2673],[59.9137,52.1004],[60.0298,51.9926],[60.2028,51.9927],[60.5065,52.1516],[60.6722,52.1443],[61.0399,52.335],[60.9446,52.4791],[60.8314,52.5132],[60.8031,52.6277],[60.6962,52.7349],[60.8291,52.7716],[61.1903,53.0131],[61.478,53.0123],[61.5743,52.9558],[61.8198,52.9782],[61.9226,52.9382],[62.0942,52.9925],[62.0507,53.1248],[61.7642,53.1695],[61.6431,53.2433],[61.478,53.2151],[61.2029,53.2764],[61.1372,53.3731],[61.2182,53.4927],[61.3816,53.4361],[61.5553,53.5057],[61.503,53.589],[61.2807,53.5424],[61.0076,53.6357],[61.202,53.8196],[61.0652,53.8785],[61.1935,54.0183],[61.4177,54.056],[61.4786,54.0029],[62.5506,54.0268],[62.8121,54.095],[63.0847,54.0856],[63.1238,54.1741],[63.3286,54.1631]]]}},{"type":"Feature","properties":{"sourceId":"1159313239","regionId":"region.c8418b15-26a4-4720-b0e6-a2d10cb8a883","countryId":"country.h03oz0"},"geometry":{"type":"Polygon","coordinates":[[[77.7847,53.3274],[77.9764,53.1685],[78.4765,52.6379],[79.3043,51.6864],[79.4698,51.4926],[79.9901,50.7881],[80.0493,50.8523],[80.439,50.9581],[80.4105,51.1048],[80.4762,51.2096],[80.5992,51.2086],[80.6828,51.302],[81.1472,51.136],[81.0583,50.9471],[81.4008,50.9591],[81.4602,50.7303],[81.6741,50.736],[81.7635,50.7843],[82.0731,50.7157],[82.4083,50.7484],[82.4758,50.714],[82.698,50.811],[82.7645,50.9067],[82.9759,50.8819],[83.1076,50.9927],[83.434,50.9927],[83.8205,50.868],[83.9506,50.7804],[83.9758,50.6864],[84.0886,50.6346],[84.5416,50.6911],[84.5998,50.8584],[84.4713,50.9732],[84.018,51.0638],[84.1719,51.1438],[84.2695,51.2752],[84.3942,51.266],[84.7052,51.3955],[84.9369,51.4296],[85.0077,51.489],[85.2391,51.4708],[85.3135,51.5693],[85.4277,51.5597],[85.5368,51.7001],[85.6699,51.754],[85.9396,52.075],[86.1496,52.0702],[86.2654,52.0124],[86.4399,52.0229],[86.5052,52.12],[86.7544,52.1087],[86.8059,52.2922],[86.6177,52.3717],[86.8407,52.6483],[87.1166,52.6678],[87.1732,52.6116],[86.9445,52.8624],[87.0261,52.921],[87.077,53.0752],[86.9433,53.0795],[86.7052,53.1963],[86.9835,53.4074],[86.7234,53.4841],[86.4548,53.614],[86.4056,53.7509],[86.1175,54.0002],[85.9438,54.0399],[85.577,54.2318],[85.4348,54.2115],[85.16,54.4872],[85.0794,54.4694],[84.6933,54.3374],[84.5319,54.1697],[84.2656,54.2157],[84.0027,54.1445],[83.5551,54.1229],[83.4989,53.9908],[83.385,53.9494],[83.2949,54.083],[83.1832,54.0622],[82.733,53.7869],[82.4855,53.4686],[81.9678,53.7187],[81.8457,53.7098],[81.7324,53.8537],[81.8546,53.9686],[81.5817,54.0167],[81.4736,54.0717],[81.1119,54.1517],[80.9248,54.3961],[80.6554,54.2043],[80.2971,54.0701],[80.1285,54.0751],[79.8665,53.9325],[79.5715,53.7327],[79.4419,53.693],[79.0278,53.6609],[78.8857,53.6821],[78.6026,53.6161],[78.6269,53.5294],[78.2599,53.4955],[78.2045,53.6119],[77.9253,53.5648],[77.93,53.4398],[77.7847,53.3274]]]}},{"type":"Feature","properties":{"sourceId":"1159313227","regionId":"region.ef5e05c3-a9ab-475b-87a3-c78c8dbdc1b1","countryId":"country.h03oz0"},"geometry":{"type":"Polygon","coordinates":[[[60.0298,51.9926],[59.9137,52.1004],[60.1396,52.2673],[60.1486,52.4205],[59.9456,52.4283],[59.7813,52.4918],[59.5086,52.4354],[59.3975,52.4952],[59.2486,52.4868],[59.175,52.2774],[58.828,52.4327],[58.857,52.2632],[58.6905,52.2653],[58.6061,52.1805],[58.6389,52.0164],[58.5764,51.7931],[58.2359,51.7384],[57.8819,51.846],[57.6526,51.8633],[57.6209,51.759],[57.4316,51.7258],[57.3744,51.6386],[57.2067,51.5751],[57.0355,51.6597],[56.7801,51.5922],[56.6076,51.8295],[56.6848,52.0453],[56.4954,52.1615],[56.2172,52.1323],[56.1939,52.189],[56.4514,52.3088],[56.3652,52.5231],[56.0776,52.6036],[55.9192,52.4988],[55.8891,52.3991],[55.7776,52.3436],[55.5456,52.3849],[55.5449,52.5417],[55.4116,52.6576],[55.4067,52.8371],[55.1618,52.8232],[54.955,53.1105],[54.9266,53.2195],[54.8016,53.2708],[54.6641,53.2355],[54.5196,53.3598],[54.1084,53.4166],[53.878,53.658],[53.6558,53.7524],[53.4705,54.0457],[53.1414,54.0762],[52.9512,54.1958],[53.0009,54.271],[52.7711,54.347],[52.5385,54.3773],[52.5057,54.3225],[52.2715,54.3266],[52.3393,54.1742],[52.4764,54.0771],[52.2535,53.6543],[52.0792,53.5012],[52.1926,53.3752],[52.0609,52.9997],[51.7151,52.8403],[51.7323,52.6684],[51.5452,52.6814],[51.4714,52.5691],[51.5627,52.4473],[51.4129,52.35],[51.4526,52.2193],[51.4152,52.1027],[50.767,51.7594],[50.9254,51.6797],[51.2339,51.6855],[51.3719,51.6296],[51.3795,51.4671],[51.6205,51.5187],[51.8692,51.6731],[52.0918,51.6587],[52.3349,51.7637],[52.5058,51.4789],[52.7897,51.5048],[52.9598,51.4559],[53.1533,51.5127],[53.4073,51.4842],[53.6103,51.3884],[53.5941,51.2894],[53.6739,51.2199],[53.9359,51.1856],[54.1116,51.096],[54.1766,50.9679],[54.4786,50.8535],[54.3798,50.6194],[54.5455,50.5305],[54.6763,50.6025],[54.6382,50.8857],[54.503,50.9283],[54.6382,51.0277],[54.8943,50.9124],[55.0477,50.8842],[55.084,50.7969],[55.3054,50.665],[55.4911,50.6459],[55.66,50.53],[56.0789,50.7248],[56.1749,50.9087],[56.3357,50.8959],[56.508,51.0663],[56.8651,51.0518],[57.1682,51.0938],[57.3527,50.886],[57.7373,50.9382],[57.7688,51.1197],[58.1906,51.0655],[58.3084,51.15],[58.398,51.0637],[58.595,51.0234],[58.5544,50.9254],[58.6644,50.7899],[58.9259,50.6781],[59.4376,50.6311],[59.5228,50.4746],[59.7747,50.5337],[60.0213,50.8541],[60.1362,50.8445],[60.1767,50.7422],[60.3004,50.6847],[60.7185,50.6527],[61.3721,50.7825],[61.4418,50.875],[61.5132,51.1595],[61.6463,51.2632],[61.4738,51.4258],[61.0233,51.4855],[60.9374,51.6112],[60.5151,51.6179],[60.3759,51.6625],[60.4521,51.8055],[60.1381,51.8889],[60.0298,51.9926]]]}},{"type":"Feature","properties":{"sourceId":"1159313213","regionId":"region.7a74e65a-3142-488b-86bc-200916fea270","countryId":"country.h03oz0"},"geometry":{"type":"Polygon","coordinates":[[[50.767,51.7594],[50.7315,51.914],[50.5174,51.9914],[50.2359,52.0351],[50.2215,52.1299],[49.8123,52.1931],[49.6278,52.3664],[49.4777,52.3314],[49.3437,52.4687],[48.9361,52.4752],[48.7301,52.568],[48.6997,52.6392],[48.5239,52.6818],[48.437,52.7804],[48.2522,52.8101],[47.9978,52.7544],[47.9173,52.6748],[47.7775,52.6803],[47.7308,52.5867],[47.5308,52.6105],[47.4354,52.5698],[47.0619,52.5702],[46.8307,52.6163],[46.5162,52.695],[46.2888,52.6719],[45.9715,52.4856],[45.9806,52.4072],[45.6444,52.5186],[45.4315,52.4005],[44.9096,52.3775],[44.8725,52.434],[44.5003,52.5212],[44.3467,52.3161],[44.044,52.3495],[43.747,52.4334],[43.3527,52.3925],[43.193,52.4623],[43.0796,52.4027],[42.7515,52.1738],[42.806,52.0122],[42.6941,51.9661],[42.6433,51.804],[42.4904,51.6928],[42.4892,51.6077],[42.8609,51.3814],[42.8729,51.2313],[43.3298,51.0177],[43.6422,51.0661],[43.6823,51.113],[44.0045,51.0873],[44.1818,51.1166],[44.2103,51.1935],[44.6596,51.1726],[45.0425,51.1263],[45.2018,51.0396],[45.3081,50.8768],[45.1913,50.6974],[45.2411,50.5863],[45.4951,50.6126],[45.6676,50.5936],[45.6782,50.7295],[45.8895,50.7586],[46.0684,50.6523],[46.0653,50.5437],[46.4608,50.5469],[46.5834,50.7007],[46.8305,50.6325],[46.8777,50.5239],[47.0077,50.4802],[47.184,50.5119],[47.2774,50.3717],[47.4345,50.3765],[47.6247,50.4408],[47.9932,50.1818],[48.2393,49.8648],[48.4176,49.8117],[48.7846,49.9334],[48.8857,50.0199],[48.7013,50.3346],[48.6734,50.5795],[48.8304,50.596],[49.1441,50.7817],[49.3694,50.8268],[49.3474,50.9643],[49.4231,51.102],[49.7791,51.1022],[49.9868,51.2298],[50.3254,51.3035],[50.3796,51.4212],[50.5183,51.4598],[50.5817,51.6353],[50.7907,51.5973],[50.767,51.7594]]]}},{"type":"Feature","properties":{"sourceId":"1159312521","regionId":"region.72b3a091-bc7b-44b8-81b5-4c44ca34ba77","countryId":"country.h03oz0"},"geometry":{"type":"Polygon","coordinates":[[[46.6202,48.6696],[46.298,48.84],[46.0575,48.8689],[45.9483,48.8359],[45.7595,48.6658],[45.6087,48.5928],[45.3011,48.558],[45.3749,48.4641],[45.0415,48.3946],[44.9874,48.2682],[45.1495,48.2383],[45.3006,48.0977],[45.4049,48.0917],[45.5469,47.9971],[45.741,48.0001],[45.707,47.9084],[45.8433,47.7193],[46.1163,47.5024],[46.2971,47.437],[46.4494,47.4781],[46.6845,47.628],[46.7882,47.5566],[46.5113,47.4064],[46.8009,47.0036],[46.912,46.9796],[46.9879,46.8633],[47.1259,46.8507],[47.2135,46.7423],[46.9301,46.5556],[46.9397,46.4316],[46.6636,46.429],[46.5044,46.2738],[46.8563,46.2442],[46.8455,46.0755],[47.089,46.1182],[47.17,46.0784],[47.0402,45.9657],[46.9062,45.6368],[46.9222,45.5777],[47.2961,45.6463],[47.47,45.6348],[47.4964,45.5653],[47.615,45.5702],[47.6262,45.7091],[47.897,45.6938],[48.2698,45.7795],[48.4656,45.9402],[48.7411,45.923],[48.7141,46.1296],[48.8871,46.1223],[49.112,46.2211],[49.2271,46.3279],[48.705,46.5504],[48.5732,46.5583],[48.4551,46.6608],[48.5567,46.7617],[48.6766,46.758],[48.764,46.6828],[48.9169,46.7026],[49.0063,46.7691],[48.6973,47.101],[48.5251,47.4102],[48.3606,47.4931],[48.1744,47.7129],[48.0445,47.7697],[47.6497,47.7656],[47.4353,47.8344],[47.3597,47.6833],[47.1745,47.7705],[47.1553,47.8774],[47.0512,47.9746],[47.1121,48.2422],[47.0783,48.2753],[46.4793,48.4102],[46.6202,48.6696]]]}},{"type":"Feature","properties":{"sourceId":"1159313173","regionId":"region.27aa0e5a-56d7-40e7-a2d6-91d70770b31e","countryId":"country.h03oz0"},"geometry":{"type":"Polygon","coordinates":[[[47.4345,50.3765],[47.2774,50.3717],[47.184,50.5119],[47.0077,50.4802],[46.8777,50.5239],[46.8305,50.6325],[46.5834,50.7007],[46.4608,50.5469],[46.0653,50.5437],[46.0684,50.6523],[45.8895,50.7586],[45.6782,50.7295],[45.6676,50.5936],[45.4951,50.6126],[45.2411,50.5863],[45.1913,50.6974],[45.3081,50.8768],[45.2018,51.0396],[45.0425,51.1263],[44.6596,51.1726],[44.2103,51.1935],[44.1818,51.1166],[44.0045,51.0873],[43.6823,51.113],[43.6422,51.0661],[43.3298,51.0177],[42.8729,51.2313],[42.7155,51.2394],[42.573,51.1685],[42.2548,51.1325],[41.977,51.2033],[41.8549,51.1886],[41.737,51.0257],[41.4443,50.9174],[41.3144,50.7246],[41.4001,50.625],[41.5258,50.5987],[41.4235,50.4816],[41.5086,50.3921],[41.3621,50.2263],[41.6167,49.9622],[41.8761,49.9004],[42.1151,49.7503],[42.1784,49.6684],[42.072,49.5018],[42.0366,49.2674],[42.0952,49.1406],[42.3438,49.1521],[42.4106,49.0473],[42.6443,48.9769],[42.7397,48.7863],[42.6511,48.7046],[42.6337,48.5516],[42.1652,48.464],[42.0741,48.3919],[42.0495,48.2599],[42.0964,48.1541],[42.0298,48.0285],[42.4919,48.0136],[42.7285,47.8541],[42.785,47.7311],[42.9553,47.5103],[43.0543,47.5728],[43.2625,47.4502],[43.482,47.4837],[43.7315,47.4766],[43.6336,47.5704],[43.7052,47.6831],[43.9515,47.7561],[44.0825,47.909],[44.3891,47.8683],[44.4669,47.9902],[44.3141,48.0941],[44.3059,48.2551],[44.5402,48.1969],[44.5467,48.0631],[44.766,48.0588],[44.9332,48.1355],[45.3006,48.0977],[45.1495,48.2383],[44.9874,48.2682],[45.0415,48.3946],[45.3749,48.4641],[45.3011,48.558],[45.6087,48.5928],[45.7595,48.6658],[45.9483,48.8359],[46.0575,48.8689],[46.298,48.84],[46.6202,48.6696],[46.7538,48.9141],[46.93,49.004],[47.0209,49.0968],[47.0286,49.2015],[46.7751,49.3325],[46.8999,49.8203],[46.9586,49.8841],[47.1774,49.9472],[47.3087,50.0448],[47.2948,50.2754],[47.4345,50.3765]]]}},{"type":"Feature","properties":{"sourceId":"1159309535","regionId":"region.e11e65d7-8ac7-4b43-9981-a844cf47594f","countryId":"country.h03oz0"},"geometry":{"type":"Polygon","coordinates":[[[33.6285,46.1249],[33.6468,45.9797],[33.7087,45.9097],[33.4822,45.8545],[33.2654,45.7538],[32.9368,45.6625],[32.5252,45.4582],[32.5129,45.3406],[32.6631,45.3201],[32.8993,45.3542],[33.2596,45.1561],[33.4134,45.1845],[33.5625,45.0939],[33.6196,44.9315],[33.5705,44.8525],[33.6745,44.7916],[33.713,44.5816],[33.8521,44.4316],[33.73,44.398],[33.9579,44.383],[34.1475,44.4499],[34.3412,44.5585],[34.469,44.7298],[34.757,44.8205],[35.0057,44.8352],[35.3894,45.0019],[35.5474,45.1197],[35.7712,45.0656],[35.848,44.9924],[36.0479,45.0488],[36.2246,45.0075],[36.4401,45.0675],[36.418,45.2299],[36.5025,45.3469],[36.6135,45.4089],[36.3,45.4733],[36.1375,45.4621],[36.0223,45.3681],[35.7918,45.4123],[35.695,45.3304],[35.4807,45.2978],[35.3322,45.3712],[35.0019,45.729],[34.789,45.8037],[34.7843,45.8993],[34.6886,45.974],[34.4646,45.9553],[34.3619,46.0557],[34.1052,46.0954],[33.8462,46.1957],[33.6285,46.1249]]]}},{"type":"Feature","properties":{"sourceId":"1159313599","regionId":"region.7ff4aceb-8e13-4840-9c6f-cf96888e8f11","countryId":"country.h03oz0"},"geometry":{"type":"Polygon","coordinates":[[[146.8866,59.3647],[147.2715,59.3321],[147.546,59.2375],[147.5911,59.3041],[147.9138,59.3905],[148.2194,59.4089],[148.3937,59.3793],[148.4375,59.2623],[148.7879,59.2365],[148.9925,59.3561],[148.9684,59.4522],[149.1329,59.6407],[149.5977,59.7582],[150.4568,59.6126],[150.5164,59.557],[150.8431,59.4484],[150.9371,59.5559],[151.3221,59.5559],[151.6376,59.4825],[151.7603,59.2993],[151.9622,59.2671],[152.1367,59.2962],[152.3118,59.2266],[152.1094,59.1558],[151.766,59.1336],[151.4377,59.1703],[151.2165,59.0917],[151.3591,58.856],[151.7173,58.849],[152.0203,58.875],[152.1661,58.9841],[152.4048,59.0234],[152.5567,58.95],[152.9161,58.9166],[152.9433,59.007],[153.0901,59.0831],[153.3373,59.0899],[153.3692,59.2413],[153.802,59.1723],[154.0487,59.0528],[154.3577,59.1106],[154.5016,59.2179],[154.6775,59.1456],[154.8133,59.1942],[155.1941,59.1758],[155.2097,59.3439],[154.9629,59.4961],[154.783,59.4713],[154.6443,59.5434],[154.4288,59.547],[154.2638,59.4369],[154.075,59.5092],[154.2762,59.6501],[154.2208,59.8696],[154.4878,59.8963],[154.4078,60.0629],[154.5637,60.0937],[154.9524,60.3674],[155.1376,60.4114],[155.3403,60.5246],[155.9207,60.7548],[156.0076,60.9496],[156.3739,61.1488],[156.5469,61.2092],[156.6485,61.328],[156.6795,61.524],[156.9238,61.5518],[157.0276,61.6506],[157.3565,61.7148],[157.4645,61.7821],[157.7937,61.7812],[158.0802,61.734],[158.2602,61.8259],[158.853,61.8263],[158.9207,61.903],[159.3599,61.893],[159.5261,61.7961],[159.5772,61.6528],[159.9667,61.7588],[160.039,61.8462],[160.2952,61.9399],[160.414,61.7648],[159.9652,61.378],[159.9077,61.2594],[160.0001,61.1061],[159.8531,60.9828],[159.9506,60.9409],[160.202,61.0382],[160.4249,60.9837],[160.1701,60.8249],[160.3818,60.7016],[160.8285,60.7547],[160.9151,60.8996],[161.1836,60.9926],[161.4544,61.1364],[161.5956,61.2552],[161.9864,61.3726],[162.3278,61.5905],[162.5105,61.6584],[162.4677,61.8205],[162.3112,61.9342],[162.48,61.9632],[162.512,62.1034],[162.2654,62.1286],[162.404,62.2528],[162.7361,62.2974],[162.7679,62.5031],[162.6727,62.7105],[162.5475,62.8447],[162.2693,62.935],[162.3799,63.1189],[162.7439,63.1815],[162.6946,63.393],[162.957,63.4911],[162.9792,63.621],[162.7549,63.7385],[162.7259,63.8365],[162.8877,63.877],[162.7942,64.148],[163.1666,64.1901],[163.2559,64.3207],[163.4343,64.3731],[163.3446,64.4866],[163.1671,64.5594],[163.2461,64.7268],[163.1369,64.7702],[162.9969,64.6487],[162.7357,64.6612],[162.6077,64.7342],[162.2929,64.7424],[161.7845,64.8381],[161.6448,65.0131],[161.2811,65.1407],[161.0099,65.1698],[160.5366,65.162],[160.1738,65.3761],[160.17,65.4505],[159.3766,65.6577],[158.9217,65.743],[158.9337,65.9026],[159.2029,66.1639],[159.1664,66.234],[158.7759,66.2838],[158.529,66.3594],[158.3927,66.2546],[158.4849,66.1175],[158.1241,66.1558],[157.7176,66.112],[157.1244,65.9152],[156.6592,66.1931],[156.3603,66.0668],[155.9583,66.0963],[155.7522,66.1769],[155.3199,66.1419],[155.17,66.209],[154.8853,66.1336],[154.548,66.2378],[154.3953,66.2046],[154.2205,66.0689],[154.3594,66.0334],[154.3743,65.9209],[154.2496,65.83],[153.6975,65.8856],[153.4538,65.7878],[153.5313,65.7056],[153.4009,65.5043],[153.5213,65.408],[153.0318,65.2747],[152.6882,65.2334],[152.6448,65.0223],[152.5022,64.9454],[152.7482,64.6859],[152.3313,64.5101],[152.4138,64.4068],[152.1688,64.3553],[152.0158,64.5037],[151.48,64.4356],[151.301,64.3608],[150.631,64.3311],[150.6334,64.1706],[150.2243,64.2131],[150.0241,64.37],[150.0683,64.5017],[149.8164,64.5673],[149.402,64.4374],[148.6305,64.4187],[148.291,64.5494],[148.0007,64.3627],[148.2535,64.2553],[148.1149,64.0509],[147.9551,63.9443],[147.6026,64.0466],[147.6095,64.1703],[147.3072,64.1323],[146.9964,64.147],[146.4987,64.2088],[146.3765,64.1968],[146.2915,64.061],[146.1087,63.9416],[145.5723,63.8361],[145.6331,63.6603],[145.4446,63.5152],[145.2521,63.1796],[145.366,62.9103],[145.3261,62.7544],[145.4798,62.548],[145.1243,62.4899],[145.1769,62.2858],[144.9935,62.2439],[144.7451,62.0469],[144.9676,62.0568],[145.1558,61.9676],[145.5136,61.9641],[145.7432,62.0582],[146.2189,61.9029],[146.5834,61.6355],[146.6129,61.4426],[146.7676,61.4033],[146.6833,61.3126],[146.7473,61.2229],[146.678,61.0812],[146.7012,60.9589],[146.546,60.958],[146.4644,60.7087],[146.3201,60.6587],[146.0689,60.7388],[145.6202,60.5573],[145.51,60.4637],[145.5708,60.3351],[145.793,60.1982],[146.3742,60.2712],[146.4521,60.1424],[146.6801,60.0955],[146.6571,59.9822],[146.7868,59.901],[146.9893,59.9478],[147.1409,59.8486],[147.1586,59.6475],[147.0753,59.4109],[146.8866,59.3647]]]}},{"type":"Feature","properties":{"sourceId":"1159313257","regionId":"region.b7c8326e-ac3b-418f-a51d-5562d35b7231","countryId":"country.h03oz0"},"geometry":{"type":"MultiPolygon","coordinates":[[[[142.5291,54.2972],[142.4095,54.2316],[142.4675,54.1457],[142.7083,53.9482],[142.6074,53.7091],[142.4927,53.6381],[142.5767,53.5001],[142.4553,53.3803],[142.3074,53.3664],[142.2297,53.5208],[141.957,53.4563],[141.7688,53.3716],[141.8338,53.1691],[141.9284,53.0207],[141.8657,52.8603],[141.8438,52.5908],[141.783,52.4674],[141.661,52.3825],[141.645,52.0848],[141.6755,51.9124],[141.8096,51.8062],[141.8171,51.6723],[142.0789,51.4714],[142.1786,51.3142],[142.2669,51.0743],[142.1284,50.8945],[142.0452,50.5283],[142.1501,50.3457],[142.1738,50.0864],[142.125,49.8977],[142.1597,49.678],[142.125,49.4623],[142.0628,49.3149],[142.0772,49.1982],[141.9673,48.8624],[141.8574,48.7742],[141.9196,48.6091],[142.1387,48.3181],[142.1911,47.9667],[142.1057,47.8748],[141.9658,47.6125],[141.9751,47.2976],[142.0567,47.1697],[142.0567,47.0537],[141.8223,46.6023],[141.8376,46.4156],[141.8991,46.2791],[141.9326,46.0358],[142.0398,45.9243],[142.2017,46.0307],[142.2819,46.3275],[142.4572,46.6308],[142.7246,46.7408],[142.7722,46.6098],[143.1595,46.5983],[143.3428,46.5628],[143.3379,46.4094],[143.4214,46.2231],[143.5233,46.2381],[143.6257,46.3747],[143.5259,46.5855],[143.5115,46.7702],[143.4187,46.7997],[143.1729,46.7078],[143.0838,46.8135],[143.1196,46.8749],[143.0325,47.0707],[143.0164,47.2536],[142.9109,47.3652],[142.7595,47.4312],[142.5921,47.6421],[142.5453,47.7667],[142.5496,48.0201],[142.7927,48.5626],[142.9885,48.9167],[142.9746,49.0459],[143.0703,49.1849],[143.1742,49.246],[143.499,49.3492],[144.006,49.2694],[144.4414,49.0139],[144.2827,49.2502],[144.2222,49.5326],[144.0027,50.0128],[143.7903,50.3092],[143.5379,51.2397],[143.4424,51.3673],[143.4618,51.4696],[143.2212,51.5316],[143.3104,51.7543],[143.1631,51.874],[143.0977,52.1042],[143.1775,52.3138],[143.1187,52.3378],[143.3379,52.7038],[143.2901,53.1519],[143.2106,53.3632],[143.1082,53.4251],[142.9397,53.7497],[142.9059,53.9119],[143.0039,54.1355],[142.7336,54.4215],[142.5291,54.2972]]],[[[146.8817,43.8592],[146.6047,43.8086],[146.6506,43.7126],[146.9146,43.8027],[146.8817,43.8592]]],[[[146.4692,44.4288],[146.3635,44.422],[146.1193,44.506],[145.9749,44.2923],[145.801,44.1601],[145.7288,44.0438],[145.4099,43.8286],[145.4431,43.7245],[145.5723,43.7299],[145.5811,43.8337],[145.7917,43.9486],[145.9314,44.1209],[146.1394,44.2657],[146.3259,44.2922],[146.4692,44.4288]]],[[[148.7992,45.4157],[148.7992,45.5181],[148.6211,45.4982],[148.3119,45.2753],[148.0696,45.2512],[147.8716,45.3804],[147.8862,45.2187],[147.7813,45.1977],[147.669,45.0936],[147.5018,45.0788],[147.4949,45.005],[147.2644,44.8676],[147.1966,44.7137],[146.8734,44.4899],[146.9937,44.4804],[147.1133,44.5704],[147.226,44.581],[147.3884,44.7367],[147.5554,44.8236],[147.7008,45.008],[147.7683,44.9433],[147.9903,45.0058],[148.2158,45.1957],[148.5562,45.307],[148.7583,45.3127],[148.7992,45.4157]]],[[[150.3342,46.2108],[150.2111,46.1792],[150.1498,46.0947],[150.0202,46.073],[149.811,45.8798],[149.6673,45.8532],[149.4823,45.6694],[149.6378,45.6109],[149.9476,45.8224],[150.1423,45.898],[150.2454,46.037],[150.3633,46.0815],[150.3342,46.2108]]],[[[156.1253,50.6375],[156.0733,50.7816],[155.8895,50.6909],[155.7178,50.4231],[155.4102,50.3602],[155.2498,50.2158],[155.2209,50.1099],[155.3845,50.0375],[155.5615,50.1666],[155.7732,50.1866],[155.8849,50.2537],[156.0569,50.4863],[156.1525,50.519],[156.1253,50.6375]]],[[[156.4605,50.8737],[156.1994,50.7805],[156.18,50.6884],[156.4058,50.6301],[156.511,50.7658],[156.4605,50.8737]]],[[[154.8367,49.6501],[154.6082,49.375],[154.72,49.267],[154.8346,49.3527],[154.7971,49.457],[154.9019,49.6123],[154.8367,49.6501]]]]}},{"type":"Feature","properties":{"sourceId":"1159315877","regionId":"region.c846f014-14fa-4840-83a4-2b22252ef5c9","countryId":"country.h03oz0"},"geometry":{"type":"Polygon","coordinates":[[[33.73,44.398],[33.8521,44.4316],[33.713,44.5816],[33.6745,44.7916],[33.5705,44.8525],[33.5467,44.7095],[33.3796,44.5645],[33.73,44.398]]]}},{"type":"Feature","properties":{"sourceId":"1159313109","regionId":"region.e12295af-c536-4c7f-a8aa-80ee263708db","countryId":"country.h03oz0"},"geometry":{"type":"MultiPolygon","coordinates":[[[[-172.2431,64.8159],[-172.4613,64.8276],[-172.6332,64.6844],[-172.1796,64.7382],[-172.2431,64.8159]]],[[[-180,68.9824],[-180,68.5596],[-180,68.0609],[-180,67.5623],[-180,67.0637],[-180,66.5651],[-180,66.0665],[-180,65.5679],[-180,65.0693],[-180,65.0662],[-179.6631,65.1413],[-179.5242,65.2354],[-179.499,65.3957],[-179.2605,65.5322],[-179.277,65.6303],[-179.7233,65.7815],[-179.8269,65.9343],[-179.7683,66.1029],[-179.3093,66.1255],[-179.1715,66.2895],[-178.9824,66.1589],[-178.7851,66.1672],[-178.6224,66.2958],[-178.4957,66.1401],[-178.6824,66.1019],[-178.8725,65.8939],[-178.6282,65.7295],[-178.4111,65.6818],[-178.5288,65.5112],[-178.284,65.4443],[-177.4159,65.4407],[-177.246,65.5389],[-176.9766,65.6081],[-175.9088,65.403],[-175.8816,65.2585],[-175.7407,65.1234],[-175.7748,64.9394],[-175.6313,64.9206],[-175.4568,64.7972],[-175.0568,64.7594],[-174.592,64.8174],[-174.6523,64.7253],[-174.0724,64.5491],[-173.9893,64.4123],[-173.1063,64.241],[-172.3877,64.4074],[-172.4651,64.5584],[-172.8159,64.6117],[-172.7009,64.8776],[-172.323,64.9483],[-172.0931,65.0504],[-172.2015,65.2169],[-172.1625,65.4207],[-172.3886,65.4322],[-172.3897,65.5818],[-172.6744,65.6235],[-172.6838,65.7043],[-171.8084,65.4893],[-171.2509,65.522],[-171.0387,65.467],[-170.9818,65.5921],[-170.6674,65.5995],[-170.4888,65.6708],[-170.5324,65.8527],[-170.143,66.0038],[-169.8914,66.0429],[-169.7009,66.1286],[-170.0858,66.1693],[-170.1539,66.249],[-170.5653,66.3536],[-170.8597,66.5111],[-171.3634,66.6748],[-171.3309,66.745],[-171.6712,66.8505],[-171.8952,66.9707],[-172.6658,66.885],[-172.9957,66.9174],[-173.5471,67.0907],[-174.2821,67.0468],[-174.0262,66.9611],[-173.9306,66.6676],[-174.1968,66.5894],[-173.8331,66.5063],[-173.7053,66.3705],[-173.9292,66.3408],[-174.0159,66.4722],[-174.296,66.3544],[-174.4345,66.3564],[-174.4357,66.5315],[-174.9713,66.6654],[-174.686,66.7623],[-174.9076,67.0374],[-174.8061,67.3647],[-175.1596,67.3375],[-175.2865,67.6671],[-175.824,67.813],[-175.9206,67.7474],[-175.9136,67.588],[-176.2684,67.6687],[-176.3005,67.7242],[-176.0486,67.8522],[-176.4995,67.8886],[-176.7823,67.9679],[-176.718,68.0263],[-177.2591,68.2111],[-177.6085,68.1968],[-177.9661,68.3302],[-178.0418,68.4277],[-178.6999,68.5432],[-178.6369,68.638],[-178.8448,68.7524],[-179.3574,68.8278],[-179.514,68.9211],[-180,68.9824]]],[[[169.4465,69.8491],[169.2277,69.9073],[168.8298,69.9399],[168.2647,70.0241],[167.8225,69.881],[167.7909,69.8083],[168.1725,69.6952],[168.8745,69.5679],[169.1895,69.5752],[169.3059,69.7703],[169.4465,69.8491]]],[[[-180,71.5367],[-180,71.0526],[-180,70.992],[-179.3421,70.908],[-178.8759,70.981],[-177.9305,71.0414],[-177.6376,71.117],[-177.4434,71.237],[-177.7184,71.3052],[-178.3948,71.5407],[-179.0746,71.6],[-179.3268,71.5555],[-179.736,71.5864],[-180,71.5367]]],[[[162.4318,69.6771],[162.3154,69.5468],[162.5207,69.3247],[162.7742,69.2034],[162.5238,69.1178],[162.5541,68.9913],[162.8469,68.8693],[162.6064,68.7144],[162.7232,68.6052],[162.5809,68.5012],[162.5354,68.3628],[161.7107,68.3734],[161.4062,68.4118],[160.997,68.301],[159.8501,68.2774],[159.6932,68.2387],[158.6326,68.1416],[158.2766,68.076],[158.0933,67.8404],[158.3292,67.7536],[157.8059,67.7055],[157.692,67.5455],[157.8762,67.4128],[157.7926,67.3579],[157.9585,67.2581],[158.2987,67.1477],[158.7026,67.0552],[158.9052,66.8027],[158.7158,66.7309],[158.4704,66.488],[158.529,66.3594],[158.7759,66.2838],[159.1664,66.234],[159.2029,66.1639],[158.9337,65.9026],[158.9217,65.743],[159.3766,65.6577],[160.17,65.4505],[160.1738,65.3761],[160.5366,65.162],[161.0099,65.1698],[161.2811,65.1407],[161.6448,65.0131],[161.7845,64.8381],[162.2929,64.7424],[162.6077,64.7342],[162.7357,64.6612],[162.9969,64.6487],[163.1369,64.7702],[163.3452,64.8185],[163.5203,64.9314],[163.8728,64.8654],[164.2164,64.9249],[164.7979,64.7716],[165.0203,64.8367],[165.2627,64.8506],[165.3295,64.7755],[165.684,64.754],[165.743,64.6788],[166.0345,64.5595],[166.1986,64.609],[166.8068,64.5329],[167.237,64.6237],[167.7141,64.3407],[168.0257,64.286],[168.1981,64.3387],[168.4987,64.3174],[168.7779,64.1845],[168.8735,64.0207],[169.0793,63.9587],[169.3444,63.9499],[169.5494,63.811],[169.5822,63.6434],[169.5092,63.5836],[169.2052,63.5157],[168.7956,63.3031],[168.5445,63.1265],[168.5102,63.0541],[168.9392,62.9438],[169.1267,62.9725],[169.5144,62.8135],[169.6569,62.7089],[169.8425,62.6553],[170.0864,62.4919],[170.1594,62.3418],[170.9006,62.2794],[171.2176,62.3685],[171.4696,62.312],[172.0547,62.4665],[172.3188,62.404],[172.705,62.4024],[172.8525,62.3315],[173.5039,62.5341],[173.7976,62.5179],[173.8724,62.4405],[174.0798,62.447],[174.0155,62.2693],[174.1165,62.0738],[174.3437,62.05],[174.4685,61.9788],[174.4536,61.8148],[174.6901,61.8613],[174.8151,61.947],[175.1745,62.0219],[175.6335,62.1913],[176.2793,62.3171],[176.5942,62.4858],[177.0149,62.5505],[176.931,62.6944],[177.0422,62.7687],[177.3342,62.6882],[177.3068,62.5821],[178.061,62.5411],[178.4894,62.4368],[179.1504,62.3419],[179.1488,62.496],[179.3836,62.5208],[179.4334,62.6161],[179.6091,62.7056],[179.5407,62.8489],[179.3457,62.8939],[179.2495,62.9847],[179.4178,63.1165],[179.3348,63.1965],[178.5955,63.4113],[178.7202,63.4765],[178.6262,63.5925],[178.7629,63.6428],[178.6939,63.9105],[178.4683,63.9926],[178.3999,64.2434],[178.2826,64.354],[178,64.2104],[177.6699,64.3051],[177.4536,64.4206],[177.3643,64.5632],[177.4919,64.7675],[177.3384,64.7815],[176.9859,64.7111],[176.7274,64.5792],[176.3167,64.7675],[176.2101,64.874],[176.8482,64.8501],[177.0256,64.7744],[177.2977,64.8384],[177.7442,64.7064],[178.2734,64.6693],[178.568,64.6788],[178.758,64.6409],[179.25,64.8112],[179.4787,64.8227],[179.7796,65.0182],[180,65.0662],[180,65.0693],[180,65.5679],[180,66.0665],[180,66.5651],[180,67.0637],[180,67.5623],[180,68.0609],[180,68.5596],[180,68.9811],[179.3606,69.2231],[179.0677,69.2979],[178.7456,69.2837],[178.7726,69.4152],[178.3649,69.4868],[178.2122,69.4434],[177.3579,69.6172],[176.7345,69.6748],[176.5039,69.7541],[175.9262,69.7757],[175.5001,69.8735],[175.0884,69.8457],[174.0708,69.8869],[173.9285,69.8454],[173.4608,69.9486],[173.3684,69.79],[172.8607,69.9035],[172.7908,69.9627],[171.9945,69.9931],[171.3163,70.0732],[170.6109,70.1163],[170.5227,69.9385],[170.5918,69.7647],[170.2316,69.6886],[170.2863,69.5791],[170.5842,69.5996],[170.7485,69.3912],[170.9131,69.3041],[170.8921,69.1844],[171.0276,69.0548],[170.3511,68.8281],[169.6255,68.7772],[169.4539,68.8454],[169.4198,69.0236],[168.8506,69.1881],[168.2883,69.2427],[168.1921,69.3799],[168.241,69.5583],[167.6741,69.7719],[166.9387,69.5021],[166.6296,69.5337],[166.0752,69.5233],[165.6747,69.596],[164.8343,69.5674],[164.4391,69.6208],[164.027,69.7738],[163.773,69.6944],[163.1651,69.7209],[162.7688,69.6542],[162.4318,69.6771]]],[[[180,70.9924],[180,71.0526],[180,71.5364],[179.5635,71.4515],[179.183,71.3035],[178.9054,71.237],[178.6227,71.0377],[178.832,70.8085],[179.131,70.8787],[179.667,70.8748],[180,70.9924]]]]}},{"type":"Feature","properties":{"sourceId":"1159313113","regionId":"region.75a1b35c-8f3d-4482-822a-52f782749091","countryId":"country.h03oz0"},"geometry":{"type":"MultiPolygon","coordinates":[[[[70.1306,66.5563],[70.0857,66.6901],[69.7274,66.7656],[69.4246,66.7684],[69.5454,66.591],[69.8353,66.4888],[70.1306,66.5563]]],[[[65.0379,69.2711],[64.99,69.2047],[64.5451,69.0322],[64.5541,68.8714],[64.9043,68.8714],[65.3149,68.8033],[65.5167,68.5884],[65.6543,68.5562],[65.4805,68.4304],[65.2727,68.2164],[65.2898,68.0123],[65.4366,67.92],[66.0831,67.9336],[66.0224,67.7942],[66.2059,67.693],[65.8312,67.6427],[66.11,67.4888],[65.1902,67.145],[65.0898,67.0541],[65.1162,66.9083],[64.5669,66.7936],[64.3156,66.6677],[63.9693,66.6463],[63.8085,66.5472],[63.3057,66.4002],[62.8702,66.0791],[62.8386,65.8693],[62.5041,65.8309],[62.0185,65.7171],[62.2784,65.6229],[62.3736,65.4489],[62.5165,65.3388],[62.8167,65.2916],[62.8015,65.0514],[62.6787,64.8781],[62.8028,64.7263],[62.532,64.56],[62.6992,64.4922],[63.2148,64.526],[63.4666,64.4505],[63.4171,64.3239],[63.6114,64.2685],[63.8957,64.2871],[64.0162,64.3574],[64.4443,64.3562],[64.6222,64.4387],[64.9952,64.4659],[65.1759,64.4458],[65.3997,64.5714],[66.1461,64.5859],[66.434,64.5152],[66.6816,64.5575],[66.9363,64.487],[66.7959,64.3213],[66.8187,64.2256],[67.1709,64.1629],[67.2807,64.0806],[67.6791,64.079],[68.1786,64.1762],[68.425,64.296],[68.8106,64.2212],[68.9904,64.3296],[68.8592,64.4357],[69.2441,64.4658],[69.3896,64.3885],[69.6931,64.4],[69.9999,64.3159],[70.3069,64.3436],[70.4727,64.2516],[70.7689,64.1936],[70.7548,64.1002],[70.5697,64.0154],[70.6377,63.9032],[70.8132,63.8217],[70.9138,63.6924],[71.3876,63.6746],[71.5691,63.5514],[71.608,63.1852],[71.9637,63.1971],[72.1608,63.2992],[72.655,63.2802],[73.1038,63.4363],[73.3681,63.2069],[74.2411,63.172],[74.5074,63.0432],[74.9145,63.032],[75.3636,63.1078],[75.8027,63.114],[76.2402,63.0188],[76.2894,62.95],[76.6226,63.0378],[77.0262,62.975],[77.1322,62.813],[77.327,62.7104],[77.889,62.5573],[77.9665,62.478],[78.3794,62.5678],[78.7931,62.6151],[79.8201,62.6037],[79.9147,62.792],[80.0732,62.8262],[80.5744,63.019],[80.5842,63.0826],[81.0747,63.1174],[81.3492,62.8212],[81.8398,62.6919],[82.0735,62.8],[82.7327,62.7572],[82.741,62.6802],[83.01,62.5947],[83.0335,62.5295],[83.3107,62.457],[83.7982,62.5603],[84.0959,62.3751],[84.237,62.3767],[84.4357,62.178],[84.7456,62.4104],[84.8609,62.4512],[84.9577,62.5929],[85.09,62.638],[85.2252,62.8012],[85.5183,62.9326],[85.584,63.0539],[85.4694,63.1492],[85.6406,63.3742],[85.4102,63.3532],[85.3779,63.4665],[85.0967,63.5342],[85.333,63.7008],[85.3731,63.8084],[85.5335,63.9367],[85.9482,64.0534],[86.0281,64.2798],[85.8445,64.501],[85.916,64.5885],[85.812,64.6563],[85.859,64.7564],[85.61,64.8278],[85.1844,64.7508],[84.8198,64.9307],[84.4701,64.8902],[84.3128,65.0985],[84.5233,65.2134],[84.5502,65.4334],[84.031,65.793],[83.5181,65.8225],[83.5212,65.9083],[83.2961,66.0583],[83.5246,66.173],[83.2624,66.3894],[83.091,66.4592],[83.0781,66.5789],[83.2928,66.663],[83.1619,66.818],[82.1173,67.2438],[82.3525,67.328],[82.2561,67.4091],[82.3868,67.5236],[82.1096,67.609],[82.1003,67.7244],[81.7305,67.9075],[82.3536,67.9435],[82.3946,68.1766],[82.6806,68.2828],[82.7096,68.4141],[82.5359,68.6107],[82.8666,68.6278],[83.0154,68.6839],[82.5459,68.8403],[82.4807,68.9951],[82.2569,69.1567],[81.7722,69.2329],[81.9294,69.3493],[81.6256,69.4095],[81.6107,69.2864],[81.3239,69.2856],[80.9669,69.2091],[80.7342,69.3081],[80.2598,69.3557],[79.8543,69.3545],[79.5854,69.5883],[79.1164,69.7316],[78.9129,69.8609],[79.2084,70.0528],[79.5053,70.1154],[79.6302,70.2207],[80.0951,70.3534],[80.1769,70.4296],[80.5691,70.4608],[80.7528,70.6352],[80.608,70.7102],[80.6799,70.8054],[80.5519,70.9002],[80.5501,71.0444],[79.9544,71.1341],[79.5652,71.2774],[79.2447,71.3167],[79.1431,71.4217],[79.3335,71.4811],[79.3827,71.615],[79.8682,71.6017],[80.1188,71.6749],[80.0364,71.8308],[80.3391,71.8898],[79.6949,72.0577],[79.4189,72.0434],[78.6968,72.1803],[78.5028,72.3819],[78.0876,72.3588],[77.7414,72.2162],[77.4907,72.1754],[77.564,72.0706],[77.9378,72.1181],[78.2036,72.001],[78.1095,71.8804],[77.5846,71.8311],[76.9461,72.0443],[76.3538,71.9991],[76.0267,71.9238],[76.3255,71.5595],[76.7127,71.4634],[77.0733,71.4289],[77.2317,71.3623],[77.6709,71.2861],[77.8738,71.3393],[78.279,71.2589],[78.2376,71.1097],[78.4973,71.1151],[78.6138,70.9626],[78.4553,70.8947],[78.0017,70.9636],[77.7827,71.1425],[76.0173,71.237],[75.3426,71.3349],[75.2284,71.4045],[75.5329,71.5423],[75.4917,71.6661],[75.2632,71.7435],[75.2868,71.9599],[75.4439,71.9919],[75.5178,72.1532],[75.7212,72.2496],[75.572,72.4667],[75.702,72.547],[75.433,72.6918],[75.3189,72.8192],[74.9832,72.8768],[74.7476,72.8083],[74.9995,72.6739],[75.1111,72.3464],[74.9284,72.0981],[74.3316,71.9557],[73.9393,71.9137],[73.5259,71.8222],[73.4818,71.6527],[73.0374,71.441],[73.5562,71.2551],[73.9522,70.8368],[74.3179,70.6678],[74.3162,70.5203],[74.0066,70.3045],[73.7345,70.1809],[73.7681,70.0956],[73.6599,69.8597],[73.516,69.7464],[73.8996,69.414],[73.7518,69.1835],[73.9613,69.0838],[74.2474,69.1419],[74.7151,69.085],[75.092,69.1328],[75.5086,69.2614],[76.042,69.2391],[76.4276,69.1443],[76.7549,69.1247],[76.929,69.0093],[77.2329,68.9899],[77.6826,68.8858],[77.7151,68.621],[77.9563,68.4954],[78.1033,68.2484],[77.7508,68.2285],[77.537,68.1286],[77.4595,67.7863],[77.6187,67.7337],[77.9204,67.7266],[78.1135,67.657],[78.4839,67.6667],[78.5187,67.5596],[78.2336,67.5847],[78.047,67.5435],[77.6755,67.6172],[77.1203,67.7685],[77.3052,67.9101],[77.1926,67.9852],[77.3566,68.2329],[77.167,68.2818],[77.2951,68.3817],[77.3159,68.5306],[76.6626,68.7626],[76.6091,68.966],[76.3757,68.994],[75.8196,68.9442],[75.6211,68.8996],[75.1907,68.8748],[74.6279,68.7746],[74.4544,68.694],[74.4683,68.5354],[74.3316,68.3856],[74.7014,68.1807],[74.825,67.9405],[74.7303,67.6863],[74.0983,67.4319],[73.8996,67.2962],[73.9529,67.2309],[73.8713,67.0063],[73.6571,66.942],[73.4924,66.8234],[73.0031,66.7394],[72.9424,66.6567],[72.4937,66.6188],[72.3667,66.4712],[72.3473,66.3064],[71.9901,66.2308],[71.6787,66.3236],[71.1455,66.3656],[70.3626,66.3344],[69.9028,66.4155],[69.7293,66.4841],[69.3865,66.5134],[69.1126,66.6188],[69.1307,66.8307],[69.598,66.789],[69.9362,66.863],[70.4133,66.5632],[70.6887,66.5154],[70.9803,66.5359],[71.0835,66.6321],[71.5769,66.6588],[71.4956,66.9268],[71.722,66.9153],[72.2313,67.1692],[72.0601,67.3087],[72.4026,67.3281],[72.4059,67.48],[72.6117,67.6259],[72.7909,67.6257],[73.0168,67.7233],[73.2046,67.8659],[73.0908,68.2143],[73.6444,68.5019],[73.5391,68.581],[72.8518,68.7978],[72.5774,68.9404],[72.4893,69.1992],[72.6477,69.2922],[72.6273,69.5113],[72.5017,69.6467],[72.6917,69.8369],[72.492,70.0412],[72.6216,70.1617],[72.4595,70.3044],[72.7713,70.4252],[72.6882,70.6344],[72.8274,70.8876],[72.6321,71.0111],[72.6707,71.109],[72.1057,71.2904],[71.8391,71.4312],[71.8381,71.5324],[72.2093,71.6147],[72.363,71.7361],[72.3508,71.8642],[72.5222,71.9223],[72.5964,72.0634],[72.8649,72.2717],[72.7307,72.6174],[72.8023,72.6657],[72.4961,72.7877],[71.5632,72.916],[70.6554,72.8893],[70.1721,72.9001],[69.2766,72.8408],[68.9891,72.7059],[68.8694,72.5324],[68.6437,72.0332],[68.4789,71.8362],[67.9473,71.5276],[67.3093,71.3512],[66.927,71.2984],[66.6455,71.0798],[66.8234,71.0006],[66.6082,70.8807],[66.6887,70.7698],[67.1384,70.8418],[67.3179,70.7841],[67.2206,70.5475],[67.2765,70.4812],[67.0942,70.2209],[67.3276,70.106],[67.2517,70.0212],[66.8742,69.9959],[66.771,69.7407],[67.6291,69.5908],[67.9691,69.4913],[68.1253,69.2224],[68.4872,68.9702],[69.1091,68.879],[68.9235,68.6373],[68.5703,68.3829],[68.5957,68.3179],[68.3828,68.2285],[68.1349,68.4234],[67.9046,68.4704],[67.0555,68.7814],[66.9906,68.8763],[66.6785,68.8959],[66.1143,69.0373],[65.8506,69.0643],[65.8172,69.1426],[65.4194,69.1771],[65.0379,69.2711]]],[[[78.2791,72.5522],[77.6102,72.6347],[77.2285,72.4602],[76.9126,72.3721],[76.918,72.293],[77.5864,72.2853],[78.3945,72.4914],[78.2791,72.5522]]],[[[74.7254,73.1071],[74.2117,73.1146],[74.0933,73.0278],[74.465,72.8996],[74.6465,72.9368],[74.7254,73.1071]]],[[[71.6691,73.2275],[71.4592,73.3484],[71.1443,73.2722],[71.1091,73.4399],[70.9487,73.5175],[70.4696,73.4992],[69.9827,73.4081],[70.0686,73.2579],[69.9343,73.1317],[70.2566,73.0383],[70.662,73.1029],[71.4947,73.1501],[71.6691,73.2275]]]]}},{"type":"Feature","properties":{"sourceId":"1159313117","regionId":"region.5cd950f9-d4b5-4f48-8589-6c1cadfbd940","countryId":"country.h03oz0"},"geometry":{"type":"MultiPolygon","coordinates":[[[[44.2142,66.4081],[44.5785,66.3073],[45.7413,66.0679],[45.8317,66.0882],[46.3475,66.028],[47.1104,65.8212],[47.6608,65.8081],[47.7532,65.9407],[48.1563,66.1303],[49.006,66.1191],[51.5102,66.7833],[51.4946,66.9074],[52.2455,67.0891],[53.7725,66.9985],[58.7896,66.9997],[60.082,66.9899],[61.4317,66.9997],[61.6948,67.03],[61.8505,67.1261],[62.8213,67.388],[62.8712,67.5796],[63.4453,67.771],[63.6897,67.7621],[63.9442,67.8837],[63.829,68.0172],[64.5303,68.2001],[64.5228,68.3438],[64.7451,68.4045],[65.4805,68.4304],[65.6543,68.5562],[65.5167,68.5884],[65.3149,68.8033],[64.9043,68.8714],[64.5541,68.8714],[64.5451,69.0322],[64.99,69.2047],[65.0379,69.2711],[64.8558,69.2954],[64.548,69.4517],[64.1276,69.5501],[63.4105,69.6713],[62.6312,69.7421],[62.1611,69.7462],[61.4094,69.7912],[60.9266,69.8675],[60.7703,69.8491],[60.6536,69.6728],[60.2326,69.6648],[60.1388,69.5779],[60.5192,69.3321],[60.5823,69.1496],[60.8438,69.1575],[60.9383,68.9633],[60.4666,68.7223],[59.7736,68.6682],[59.9639,68.466],[59.6748,68.3362],[59.1095,68.4047],[59.0564,68.6195],[59.4155,68.7667],[58.8788,69.0031],[57.9779,68.853],[57.9295,68.751],[57.604,68.7424],[57.3298,68.5648],[56.8484,68.5716],[56.6296,68.642],[56.202,68.6195],[55.9526,68.654],[55.7866,68.5947],[55.3929,68.5643],[54.9367,68.3984],[54.864,68.1851],[54.6502,68.1943],[54.4651,68.3042],[54.2398,68.2113],[53.8084,68.2507],[53.2389,68.2535],[53.3191,68.348],[53.624,68.3369],[53.9319,68.391],[53.9151,68.4892],[53.7205,68.6569],[54.1038,69.0007],[53.437,68.9182],[52.8065,68.768],[52.4988,68.6195],[52.7313,68.4742],[52.402,68.3377],[52.1589,68.3986],[52.3338,68.4934],[52.0601,68.5438],[51.5606,68.4831],[51.3361,68.4014],[50.9518,68.3407],[50.7956,68.3769],[50.4347,68.2205],[49.6546,67.981],[49.1333,67.8626],[48.8428,67.8651],[48.925,67.6877],[48.2557,67.6827],[48.0083,67.6506],[47.8247,67.5603],[47.9479,67.4443],[47.7704,67.3378],[47.6951,67.2047],[47.7256,67.0009],[46.9269,66.845],[46.5833,66.8155],[46.489,66.8785],[46.0415,66.8309],[45.8532,66.887],[45.5939,67.1582],[44.9517,67.3207],[44.919,67.4409],[45.0282,67.5319],[45.3146,67.5921],[45.3504,67.7304],[46.0041,67.7677],[46.722,67.8449],[46.5451,68.044],[46.5349,68.1326],[46.0293,68.324],[45.9439,68.4462],[45.3064,68.5453],[43.9845,68.5513],[43.4773,68.6691],[43.3257,68.6137],[44.1602,68.3362],[44.2444,68.2557],[44.0869,67.8415],[44.1318,67.8039],[44.003,67.576],[43.793,67.3434],[43.7614,67.2211],[44.2063,67.1247],[44.4993,66.9215],[44.364,66.7823],[44.4878,66.6762],[44.2142,66.4081]]],[[[50.323,69.1505],[50.1644,69.2609],[49.2717,69.508],[48.8063,69.4932],[48.447,69.3719],[48.3042,69.2768],[48.2188,68.9092],[48.5921,68.7309],[49.2485,68.78],[49.7197,68.89],[49.9549,69.0747],[50.323,69.1505]]],[[[60.5398,69.8187],[60.4759,69.9205],[60.0103,70.1041],[59.7829,70.1315],[59.3151,70.3716],[59.0236,70.4798],[58.5223,70.3311],[58.453,70.1955],[58.6113,70.1402],[58.6956,70.0028],[59.053,69.9031],[59.4315,69.8895],[59.6026,69.8179],[59.5635,69.715],[60.201,69.6851],[60.4759,69.7225],[60.5398,69.8187]]]]}},{"type":"Feature","properties":{"sourceId":"1159313601","regionId":"region.f2179ea3-8ab7-4749-9128-0b476ad3e927","countryId":"country.h03oz0"},"geometry":{"type":"MultiPolygon","coordinates":[[[[161.4871,69.0267],[161.3191,69.2427],[161.1414,69.0873],[161.4871,69.0267]]],[[[161.6311,69.5611],[161.3948,69.5921],[161.4102,69.4155],[161.6157,69.4504],[161.6311,69.5611]]],[[[111.2952,73.8691],[110.8777,73.7679],[110.9072,73.6919],[110.8179,73.5589],[110.5231,73.4041],[110.5708,73.2525],[110.7549,73.1753],[110.8812,73.0229],[110.6274,72.8945],[110.7017,72.6505],[111.2103,72.5445],[111.281,72.4783],[111.0852,72.3696],[111.6428,72.2745],[111.8171,72.1317],[111.9961,72.1327],[111.9969,71.4136],[112.5132,71.268],[112.5793,71.1137],[112.2767,71.0127],[111.5224,70.9386],[111.3349,70.8553],[110.5394,70.8006],[110.489,70.726],[110.1028,70.6319],[110.1167,70.478],[109.9955,70.4169],[109.6015,70.3782],[109.5355,70.264],[109.2774,70.2065],[109.358,70.069],[109.509,70.0335],[109.237,69.7759],[108.871,69.8403],[108.2906,69.8568],[108.0073,69.705],[107.1237,69.5875],[106.8386,69.5182],[106.4268,69.5639],[106.1529,69.3911],[106.8855,68.8655],[106.8956,68.1426],[106.8024,67.3482],[106.6852,67.2539],[106.4923,67.2838],[106.0547,67.1672],[105.8938,67.0437],[105.5402,67.0234],[105.6867,66.9395],[106.0437,66.9008],[106.0474,66.789],[106.2469,66.7022],[106.3219,66.4789],[106.1033,66.3783],[106.1713,66.1592],[106.3304,66.1545],[106.4713,66.0074],[106.4395,65.6617],[106.7131,65.5489],[106.94,65.5112],[106.8356,65.3783],[106.6353,65.3929],[106.4514,65.3131],[106.4537,65.233],[105.9728,65.0118],[105.9461,64.8835],[105.7078,64.6527],[105.8029,64.5301],[106.3952,64.4426],[106.8774,64.4138],[107.3675,64.2506],[107.5697,64.2986],[107.8557,64.1816],[108.0265,64.2235],[108.4675,64.2817],[108.495,64.1157],[108.7352,63.9771],[108.6868,63.7954],[108.2794,63.7964],[108.1596,63.5629],[108.5471,63.599],[108.8571,63.5369],[109.0527,63.5491],[109.2155,63.4418],[109.453,63.149],[109.4654,62.9496],[109.6144,62.8737],[109.3059,62.4836],[109.5567,62.4314],[109.9182,62.4063],[109.9995,62.1635],[109.5978,61.8704],[109.62,61.7181],[109.8513,61.5573],[109.7924,61.3252],[110.0944,61.2626],[110.1688,61.1641],[110.4814,61.1592],[110.4584,60.9883],[110.2397,60.831],[110.2684,60.702],[110.0568,60.6739],[110.1162,60.5871],[109.9168,60.4506],[109.6944,60.1286],[109.7639,60.027],[109.6504,59.8706],[109.5037,59.7638],[109.5174,59.6296],[109.2694,59.4491],[109.2678,59.316],[109.4988,59.2944],[109.6364,59.066],[110.1193,58.9804],[110.4709,59.0336],[110.7135,59.2589],[111.1638,59.1894],[111.4701,59.2673],[111.6253,59.2073],[111.7758,59.2758],[111.9325,59.2719],[112.2179,59.5004],[112.4354,59.3263],[112.6311,59.3105],[112.4652,59.1678],[112.5544,59.0334],[113.1522,59.1645],[113.2642,59.1569],[113.4647,59.2663],[113.4352,59.4023],[113.7793,59.6086],[113.8493,59.6816],[114.0302,59.6811],[114.309,59.8789],[114.5455,59.9854],[114.5402,60.1021],[114.6971,60.2192],[114.8359,60.1904],[115.0068,60.2685],[115.1122,60.3946],[115.3947,60.4871],[115.6863,60.5262],[116.0754,60.4069],[116.5824,60.3599],[116.9543,60.1686],[117.0766,60.0292],[117.0651,59.9079],[117.2282,59.7983],[117.1904,59.6464],[117.0893,59.5884],[117.3524,59.4974],[117.5975,59.4723],[117.7786,59.5283],[117.906,59.4439],[118.0583,59.5826],[118.336,59.5956],[118.4073,59.5123],[118.7339,59.4198],[118.8397,59.3004],[118.6887,59.1915],[118.7072,59.0638],[118.8929,58.8164],[118.8212,58.5743],[119.1324,58.4723],[119.0704,58.3412],[119.1081,58.2227],[119.1544,58.1464],[119.047,57.7276],[119.1651,57.6687],[119.1411,57.5389],[119.4101,57.6147],[119.4424,57.3712],[119.5456,57.3398],[119.6828,57.1574],[119.6453,57.0023],[119.8984,56.8894],[120.0308,56.899],[120.3028,57.0041],[120.6555,57.0321],[121.0191,57.0312],[121.0532,56.9896],[121.4069,56.9755],[121.5115,56.9223],[121.6083,56.7412],[122.1596,56.7384],[122.2828,56.6507],[122.4667,56.6019],[122.5892,56.4896],[122.9185,56.5507],[123.1323,56.4574],[123.4527,56.4063],[123.9154,56.3773],[124.0605,56.2313],[124.3604,56.0567],[124.448,55.9046],[124.6352,55.9018],[124.9577,55.8262],[125.2477,55.8796],[125.4373,55.8374],[125.5463,55.7358],[125.7576,55.7964],[126.0391,55.7278],[126.0473,55.5888],[126.4342,55.555],[126.5507,55.6334],[126.8427,55.6059],[126.9535,55.6872],[127.3296,55.6557],[127.4869,55.555],[127.6746,55.6832],[127.7939,55.6292],[128.2902,55.648],[128.5016,55.5156],[128.9749,55.4663],[129.0888,55.5334],[129.047,55.6542],[129.653,55.745],[129.9947,55.6931],[130.7415,55.7191],[130.923,55.6786],[130.8617,55.8889],[130.9242,55.9418],[130.9636,56.1286],[131.0926,56.2059],[131.0877,56.3452],[131.1844,56.4679],[131.3938,56.4791],[131.5025,56.5499],[131.6698,56.5496],[131.6758,56.6484],[131.7972,56.7174],[131.7511,56.8429],[131.4448,57.0358],[131.1793,57.1373],[131.1833,57.2355],[131.5086,57.2511],[131.6931,57.5605],[131.9747,57.5858],[132.0348,57.6909],[131.806,57.9055],[131.6104,57.9954],[131.4769,58.1675],[131.7048,58.1739],[132.0393,58.0196],[132.0172,58.1904],[132.196,58.2484],[132.1286,58.4894],[132.3719,58.5239],[132.5642,58.6399],[132.5993,58.891],[132.8079,58.8802],[132.8617,59.0645],[133.1258,59.2044],[133.5433,59.2939],[133.7666,59.2227],[134.0465,59.256],[134.2186,59.2087],[134.7517,59.1526],[135.2091,59.1223],[135.4217,59.3869],[135.6189,59.4955],[135.791,59.5343],[136.0534,59.438],[136.7587,59.3546],[136.8359,59.398],[137.1825,59.4456],[137.6157,59.7398],[137.8334,59.7608],[138.253,59.7125],[138.1737,59.8367],[138.2626,59.9383],[138.2005,60.2313],[138.3152,60.3181],[138.2428,60.4927],[138.4044,60.6114],[138.4289,60.7023],[138.1856,60.895],[138.3458,61.0001],[138.3833,61.0995],[138.703,61.1931],[138.719,61.3371],[138.9407,61.3211],[139.1201,61.4494],[139.5482,61.4817],[139.6672,61.6409],[139.9189,61.8019],[139.9883,61.972],[140.2564,62.0383],[140.2944,62.2742],[140.4039,62.4217],[140.6352,62.4253],[140.7047,62.5727],[141.0673,62.4174],[141.3021,62.4312],[141.5448,62.1786],[141.8376,62.0412],[142.1869,62.081],[142.4375,61.8697],[142.6532,61.9616],[142.9278,61.9008],[143.1265,62.1011],[143.5709,61.9479],[143.9541,61.9568],[143.927,61.7663],[144.245,61.7601],[144.5403,61.8559],[144.5855,61.9775],[144.7451,62.0469],[144.9935,62.2439],[145.1769,62.2858],[145.1243,62.4899],[145.4798,62.548],[145.3261,62.7544],[145.366,62.9103],[145.2521,63.1796],[145.4446,63.5152],[145.6331,63.6603],[145.5723,63.8361],[146.1087,63.9416],[146.2915,64.061],[146.3765,64.1968],[146.4987,64.2088],[146.9964,64.147],[147.3072,64.1323],[147.6095,64.1703],[147.6026,64.0466],[147.9551,63.9443],[148.1149,64.0509],[148.2535,64.2553],[148.0007,64.3627],[148.291,64.5494],[148.6305,64.4187],[149.402,64.4374],[149.8164,64.5673],[150.0683,64.5017],[150.0241,64.37],[150.2243,64.2131],[150.6334,64.1706],[150.631,64.3311],[151.301,64.3608],[151.48,64.4356],[152.0158,64.5037],[152.1688,64.3553],[152.4138,64.4068],[152.3313,64.5101],[152.7482,64.6859],[152.5022,64.9454],[152.6448,65.0223],[152.6882,65.2334],[153.0318,65.2747],[153.5213,65.408],[153.4009,65.5043],[153.5313,65.7056],[153.4538,65.7878],[153.6975,65.8856],[154.2496,65.83],[154.3743,65.9209],[154.3594,66.0334],[154.2205,66.0689],[154.3953,66.2046],[154.548,66.2378],[154.8853,66.1336],[155.17,66.209],[155.3199,66.1419],[155.7522,66.1769],[155.9583,66.0963],[156.3603,66.0668],[156.6592,66.1931],[157.1244,65.9152],[157.7176,66.112],[158.1241,66.1558],[158.4849,66.1175],[158.3927,66.2546],[158.529,66.3594],[158.4704,66.488],[158.7158,66.7309],[158.9052,66.8027],[158.7026,67.0552],[158.2987,67.1477],[157.9585,67.2581],[157.7926,67.3579],[157.8762,67.4128],[157.692,67.5455],[157.8059,67.7055],[158.3292,67.7536],[158.0933,67.8404],[158.2766,68.076],[158.6326,68.1416],[159.6932,68.2387],[159.8501,68.2774],[160.997,68.301],[161.4062,68.4118],[161.7107,68.3734],[162.5354,68.3628],[162.5809,68.5012],[162.7232,68.6052],[162.6064,68.7144],[162.8469,68.8693],[162.5541,68.9913],[162.5238,69.1178],[162.7742,69.2034],[162.5207,69.3247],[162.3154,69.5468],[162.4318,69.6771],[162.2097,69.6559],[162.0256,69.5512],[161.7026,69.4959],[161.6004,69.4283],[161.4358,69.3799],[161.3993,69.2213],[161.5657,69.0149],[161.3941,68.9434],[161.2873,69.0439],[160.9629,69.1055],[161.0249,69.2837],[160.9212,69.4618],[160.9255,69.6421],[160.384,69.6749],[159.8011,69.807],[159.689,69.8908],[160.1063,70.2637],[160.0249,70.4194],[159.6895,70.671],[159.2378,70.8293],[158.5236,70.9688],[157.9891,71.0475],[157.5858,71.0749],[155.9364,71.0994],[154.2388,70.965],[153.9304,70.8941],[152.9902,70.8346],[152.613,70.8346],[151.9691,70.9448],[152.1035,71.0501],[151.4924,71.3332],[150.8587,71.3742],[150.6702,71.4664],[149.968,71.5347],[149.7725,71.6479],[149.1829,71.6888],[149.0394,71.7646],[149.408,71.8967],[149.7095,71.7729],[150.02,71.8486],[150.0669,71.9219],[149.6113,72.1484],[148.9649,72.2514],[148.402,72.3109],[147.7468,72.3388],[147.1956,72.3299],[146.1565,71.8207],[145.3438,71.6633],[144.9063,71.6989],[145.216,71.8433],[145.7476,71.9099],[145.8494,72.1622],[146.3244,72.1413],[145.993,72.0297],[146.2438,71.9866],[146.4954,72.066],[146.9292,72.3126],[145.0687,72.2643],[144.4155,72.175],[144.7083,72.3741],[144.9432,72.4382],[145.332,72.3542],[145.6877,72.364],[146.792,72.3307],[146.1247,72.4699],[145.4095,72.5559],[143.7072,72.6667],[142.5428,72.7178],[142.2317,72.7016],[141.5506,72.7743],[141.3899,72.8433],[140.7258,72.8986],[140.6642,72.809],[141.013,72.6908],[140.8778,72.5377],[140.0728,72.4792],[139.5418,72.4976],[139.1358,72.3041],[139.1916,72.1627],[139.5607,72.232],[139.8742,72.1782],[139.5739,71.9329],[139.7103,71.8709],[139.7345,71.6722],[140.001,71.525],[139.7178,71.4573],[139.4434,71.4951],[139.1922,71.4151],[139.0451,71.569],[138.756,71.643],[138.0386,71.5587],[137.8286,71.394],[138.0095,71.3393],[137.7664,71.168],[137.4334,71.2746],[137.3556,71.3742],[136.8894,71.4622],[136.7746,71.5234],[135.9851,71.6348],[135.033,71.5391],[134.7785,71.4288],[134.1677,71.3708],[133.6501,71.4365],[133.1516,71.5792],[132.8131,71.8315],[132.5393,71.8836],[132.2642,71.682],[131.9492,71.293],[131.5462,70.8871],[131.2263,70.7502],[130.8794,70.7739],[130.3006,70.9401],[130.1605,71.052],[129.7627,71.1476],[129.6526,71.2609],[129.3921,71.3468],[129.2487,71.5499],[128.8753,71.5967],[128.9266,71.7388],[128.6639,71.863],[128.6235,71.9626],[128.1921,72.2283],[129.1458,72.1003],[129.5217,72.2494],[129.489,72.3542],[129.1174,72.4815],[128.6113,72.4827],[128.1883,72.5678],[127.9606,72.6621],[128.6626,72.7099],[129.1984,72.6552],[129.3079,72.7175],[128.3556,72.7939],[128.228,72.8195],[128.2908,72.9086],[128.9275,72.9802],[129.3596,72.94],[129.4435,73.0289],[128.8926,73.217],[128.4393,73.2363],[127.9876,73.4709],[126.8967,73.5393],[126.905,73.4572],[126.3888,73.4118],[126.2266,73.5546],[125.6519,73.5255],[125.2124,73.6489],[124.7259,73.7084],[124.3362,73.8048],[124.219,73.7243],[123.9026,73.7082],[123.2461,73.5459],[123.3318,73.3507],[123.5535,73.2176],[123.3758,73.1555],[123.3381,72.9811],[123.138,72.918],[122.6138,73.031],[122.0433,72.8915],[121.9637,72.9637],[121.3882,72.9761],[121.0547,72.9318],[120.656,72.9774],[119.7834,73.018],[118.9177,73.1195],[118.4624,73.2094],[118.3533,73.2824],[118.4895,73.4844],[118.4502,73.5888],[117.4439,73.5888],[116.6029,73.6748],[115.4131,73.7104],[114.6747,73.5926],[114.1091,73.5996],[113.9151,73.5358],[113.4937,73.5106],[113.4946,73.3399],[113.1314,73.4497],[113.3955,73.6858],[113.1115,73.8922],[112.8215,73.7468],[112.3718,73.7053],[111.8037,73.7442],[111.2952,73.8691]]],[[[137.9142,71.5585],[137.7061,71.5964],[137.2183,71.5762],[137.0431,71.5111],[137.3441,71.4276],[137.7674,71.4307],[137.9142,71.5585]]],[[[128.8311,72.6552],[128.1345,72.6435],[128.3394,72.561],[128.7827,72.5454],[128.8311,72.6552]]],[[[128.3171,72.8123],[129.207,72.7619],[129.4171,72.8126],[129.2197,72.9264],[128.419,72.8693],[128.3171,72.8123]]],[[[120.2786,73.1009],[120.022,73.1681],[119.6585,73.1086],[119.8023,73.0395],[120.2302,73.0395],[120.2786,73.1009]]],[[[143.4749,73.3206],[143.537,73.4435],[143.4072,73.5428],[142.5828,73.8253],[142.0452,73.9166],[141.1272,73.8817],[140.8664,73.7798],[140.4933,73.485],[139.9065,73.471],[139.9651,73.3266],[140.5027,73.4054],[140.7886,73.41],[141.5124,73.2994],[142.5383,73.2138],[143.1749,73.1766],[143.5651,73.2312],[143.4749,73.3206]]],[[[136.259,73.9575],[136.0261,74.0977],[135.5895,74.2351],[135.4393,74.1611],[136.0417,73.9381],[136.259,73.9575]]],[[[141.0978,74.1492],[140.8914,74.2765],[140.2219,74.2201],[140.1647,74.0706],[140.4378,73.9084],[141.0378,74.0039],[141.0978,74.1492]]],[[[113.4058,74.444],[112.1101,74.5512],[111.9868,74.3957],[111.4685,74.3448],[111.5813,74.2602],[112.1629,74.1386],[112.7749,74.0881],[113.1574,74.225],[113.4058,74.444]]],[[[150.8276,75.1634],[150.6328,75.1165],[150.1294,75.2255],[149.1268,75.2686],[148.6104,75.2155],[148.4077,75.4211],[147.3739,75.4404],[147.155,75.3364],[146.7967,75.3664],[146.7708,75.5067],[146.3892,75.5852],[146.2849,75.403],[146.0718,75.2403],[146.6484,75.1284],[147.0879,75.0052],[147.6638,74.9534],[148.1721,74.8035],[149.209,74.758],[150.6092,74.8935],[150.8276,75.1634]]],[[[135.9914,75.5272],[136.1602,75.6296],[135.6027,75.7643],[135.5941,75.5682],[135.45,75.3757],[135.8445,75.3826],[135.9914,75.5272]]],[[[145.3662,75.5402],[143.9471,75.8348],[143.5848,75.8698],[143.0588,75.8068],[142.5469,75.863],[142.1457,76.0119],[141.7022,76.121],[141.3914,76.1435],[140.9089,75.9841],[140.8644,75.7388],[141.0623,75.6501],[140.4383,75.6502],[140.5459,75.7555],[140.1504,75.8005],[139.9116,75.9374],[139.1096,76.0969],[138.9608,76.2069],[138.138,76.1188],[138.0275,76.0319],[137.433,75.9532],[137.5884,75.7736],[137.0676,75.7258],[137.2796,75.5914],[137.1838,75.5395],[137.4307,75.3893],[136.8622,75.362],[137.1491,75.1342],[137.7938,74.9754],[137.8953,74.8462],[138.1657,74.7762],[139.3434,74.6874],[139.562,74.8455],[139.4951,74.9469],[139.8496,74.9648],[140.0687,74.8279],[141.114,74.9167],[141.8438,74.999],[142.3556,74.8245],[142.8213,74.8764],[143.4645,74.9001],[143.448,75.0058],[142.6282,75.097],[142.1999,75.3488],[142.0832,75.5259],[142.324,75.7119],[143.0012,75.708],[143.0135,75.6024],[142.5345,75.4765],[142.4943,75.3757],[142.8722,75.1566],[143.4148,75.0671],[143.9985,75.025],[144.3312,75.0468],[144.6882,75.16],[144.7293,75.4316],[145.3662,75.5402]]],[[[149.3747,76.7382],[148.8667,76.734],[148.4522,76.6233],[149.2001,76.6268],[149.3747,76.7382]]]]}},{"type":"Feature","properties":{"sourceId":"1159313099","regionId":"region.c9914fe9-de73-41e0-b23d-4723d24e7160","countryId":"country.h03oz0"},"geometry":{"type":"Polygon","coordinates":[[[29.6971,59.95],[29.6796,59.8689],[29.85,59.8276],[30.1134,59.6631],[30.2594,59.6099],[30.5025,59.6307],[30.7562,59.7775],[30.5117,59.8624],[30.5273,59.9703],[30.3737,60.0362],[30.3904,60.1227],[30.1791,60.148],[29.633,60.266],[29.4179,60.1689],[29.701,60.2005],[29.849,60.1669],[29.9483,60.0297],[30.21,60.0011],[30.115,59.8706],[29.6971,59.95]]]}},{"type":"Feature","properties":{"sourceId":"1159313111","regionId":"region.4eaa0cdb-b6b1-4b5a-a549-e9f853911460","countryId":"country.h03oz0"},"geometry":{"type":"MultiPolygon","coordinates":[[[[36.5234,63.9714],[36.5547,63.764],[36.375,63.645],[35.9446,63.6197],[35.8823,63.5734],[36.2198,63.4165],[36.3202,63.1613],[36.2589,63.0318],[36.5005,62.826],[36.7595,62.7177],[37.0808,62.6561],[37.3523,62.6838],[37.5049,62.6453],[37.5875,62.4727],[37.5726,62.3606],[37.4299,62.2372],[37.7188,62.2034],[37.8077,61.9976],[37.9266,61.9683],[37.8573,61.6977],[37.762,61.6482],[37.7729,61.5221],[37.8574,61.2846],[37.9632,61.1602],[38.1663,61.1331],[38.213,60.924],[38.4185,60.874],[38.6327,60.7232],[38.7895,60.7128],[38.9477,60.8027],[39.0682,60.7141],[39.3382,60.684],[39.6482,60.746],[39.9235,60.6519],[40.5344,60.7246],[40.8191,60.711],[41.0593,60.6497],[41.3399,60.676],[41.3941,60.858],[41.5185,60.8992],[41.8009,60.899],[42.3948,60.7694],[42.6505,60.8631],[42.8231,60.8553],[43.0488,60.7402],[43.1499,60.806],[43.5109,60.7675],[43.5361,60.8531],[43.7154,60.8845],[43.776,61.0208],[44.1585,61.0824],[44.2058,60.9718],[45.2291,60.9039],[45.3324,61.1893],[45.7227,61.1794],[45.7666,61.0546],[46.2851,60.9678],[46.5271,61.0513],[46.7365,60.9861],[46.7533,60.9071],[47.0429,60.8538],[47.2448,61.0562],[47.5685,61.0591],[47.9655,60.9994],[47.9842,60.8965],[48.419,60.8538],[48.5093,61.0477],[48.8887,61.1412],[49.3022,61.1762],[49.4614,61.5861],[49.0516,61.691],[49.2127,62.0911],[49.3694,62.1494],[49.609,62.7702],[48.8751,62.8291],[48.7145,62.8155],[48.6286,62.7058],[48.3661,62.7293],[48.2368,62.473],[48.2908,62.3216],[47.7511,62.3218],[47.621,62.1855],[47.4134,62.1928],[47.3863,62.3204],[47.2349,62.3515],[47.2377,62.6357],[47.0826,62.8396],[47.3995,62.9548],[47.5546,63.1485],[47.0909,63.2465],[46.9366,63.3519],[47.0262,63.5306],[46.8192,63.747],[46.4358,63.8877],[45.8836,63.9643],[45.593,64.0639],[45.4422,64.1875],[45.8245,64.2836],[46.3229,64.2647],[46.6115,64.3266],[48.1158,64.3481],[48.1962,64.2389],[48.4083,64.2242],[48.5183,64.3555],[48.8402,64.3573],[48.95,64.4906],[49.4501,64.463],[49.6267,64.5917],[50.2733,64.5129],[50.3484,64.5377],[50.4674,64.7916],[50.063,64.8902],[49.6632,65.2546],[49.5674,65.2921],[49.0213,65.2383],[48.9894,65.2685],[49.006,66.1191],[48.1563,66.1303],[47.7532,65.9407],[47.6608,65.8081],[47.1104,65.8212],[46.3475,66.028],[45.8317,66.0882],[45.7413,66.0679],[44.5785,66.3073],[44.2142,66.4081],[44.1239,66.3151],[44.0457,66.081],[43.6548,66.2849],[43.4061,66.3322],[43.2522,66.4368],[42.7492,66.3951],[42.6448,66.4525],[42.2009,66.5322],[41.8576,66.2963],[41.3425,66.0629],[40.7959,65.9917],[40.2798,65.73],[39.8269,65.607],[39.7121,65.4018],[40.114,65.0747],[40.3781,64.9225],[40.4148,64.7551],[40.5285,64.5779],[40.1817,64.5587],[40.0628,64.6219],[39.5665,64.5453],[39.3031,64.6462],[38.9222,64.7327],[38.5117,64.7877],[38.3579,64.8524],[38.0464,64.8537],[37.7946,64.9206],[37.706,65.0174],[37.0077,65.173],[36.9001,65.1509],[36.8074,64.9591],[36.5686,64.9025],[36.5598,64.7174],[36.7441,64.681],[37.1215,64.3947],[37.3394,64.3404],[37.6871,64.4309],[38.0029,64.317],[37.9142,64.2204],[38.0858,64.059],[38.0018,63.9555],[37.6143,63.8812],[37.6084,63.8156],[37.291,63.8182],[37.1694,63.8951],[36.7035,63.9246],[36.5234,63.9714]]],[[[51.4095,71.8061],[51.5324,71.5659],[51.862,71.4562],[52.5739,71.5759],[52.6099,71.4687],[52.8684,71.4022],[53.2517,71.456],[53.577,71.1993],[54.0781,71.0998],[53.4919,71.0725],[53.6838,70.908],[54.0065,70.7578],[54.4924,70.7845],[54.7606,70.6806],[55.2327,70.6666],[55.4446,70.7436],[55.8176,70.6133],[56.1315,70.5959],[56.3618,70.6472],[57.1719,70.6132],[57.4401,70.6308],[57.6387,70.7299],[57.0632,70.8625],[56.1057,71.259],[56.0271,71.3708],[55.6721,71.611],[55.3428,72.0656],[55.575,72.1997],[55.377,72.3027],[55.6848,72.5733],[55.7385,72.7842],[56.2199,72.8266],[56.2254,73.009],[56.5484,73.1216],[56.4352,73.2301],[55.3042,73.3393],[54.9348,73.4254],[54.532,73.3764],[54.1908,73.2722],[53.7532,73.2989],[53.1556,73.1506],[53.1419,72.9625],[52.6167,72.8632],[52.3976,72.7179],[52.7937,72.6821],[52.9142,72.597],[52.6974,72.4976],[52.6688,72.3064],[52.402,72.2232],[52.3323,72.0706],[51.9561,72.1151],[51.61,72.0917],[51.4396,71.9422],[51.4095,71.8061]]],[[[56.987,74.6905],[56.5557,74.6837],[56.3871,74.7214],[55.896,74.6606],[55.5296,74.6549],[55.709,74.5224],[55.2329,74.3758],[55.5274,74.3461],[55.6227,74.1902],[55.0189,74.173],[54.678,74.0682],[54.7258,73.9779],[54.2528,73.9158],[53.8687,73.7787],[53.6311,73.7596],[54.074,73.6087],[54.4739,73.3908],[55.0207,73.4435],[55.4349,73.3321],[55.7723,73.348],[56.5788,73.2608],[56.9085,73.3147],[57.2539,73.4572],[57.3296,73.5739],[57.5698,73.6074],[57.5906,73.7038],[57.946,73.8066],[57.8784,73.9343],[58.5083,74.2175],[58.728,74.2386],[58.5705,74.3889],[59.0912,74.4949],[59.2214,74.6154],[59.8748,74.6285],[59.9338,74.7253],[60.2764,74.7497],[60.5606,74.8663],[60.8325,75.1529],[62.0482,75.4503],[62.2728,75.4401],[63.03,75.5877],[63.3044,75.5886],[63.6104,75.6811],[63.8565,75.6691],[65.2166,75.8542],[66.1786,75.962],[66.6863,76.0602],[67.1465,76.1046],[67.9124,76.2585],[68.2879,76.2813],[68.7473,76.5105],[68.9307,76.7194],[68.4629,76.9667],[67.5881,77.0134],[66.9435,76.949],[65.7534,76.6828],[65.6107,76.5804],[65.169,76.4753],[64.8259,76.4842],[64.0345,76.3153],[63.7192,76.3497],[62.9568,76.2069],[62.7795,76.2707],[62.0938,76.2534],[61.637,76.312],[61.0769,76.28],[60.8384,76.123],[60.2681,76.1101],[60.0482,75.9927],[59.7488,75.9306],[59.3987,75.9374],[58.2591,75.6929],[58.1867,75.5888],[57.5637,75.5197],[57.7411,75.3279],[57.0462,75.3981],[56.7606,75.287],[56.8809,75.2233],[56.6126,75.1069],[56.3713,75.1882],[55.8084,75.1566],[55.865,75.0036],[56.5428,74.9249],[55.8849,74.8462],[55.9378,74.7807],[56.466,74.7993],[56.6268,74.6935],[56.987,74.6905]]],[[[53.2318,71.2159],[53.061,71.2382],[52.7411,71.4058],[52.2578,71.3489],[52.2549,71.2733],[52.5584,71.249],[52.7998,71.093],[53.1219,71.0861],[53.2318,71.2159]]],[[[51.3469,79.9533],[51.001,80.1025],[50.5525,79.988],[51.3469,79.9533]]],[[[50.0813,80.0681],[50.2285,80.226],[49.5313,80.1588],[50.0813,80.0681]]],[[[55.7949,80.6423],[56.9279,80.663],[56.5304,80.7871],[55.4317,80.7143],[55.7949,80.6423]]],[[[46.6873,80.5293],[46.9924,80.5527],[47.5581,80.7484],[48.0637,80.6624],[48.764,80.6596],[48.2752,80.8305],[47.5363,80.8567],[46.9207,80.7487],[45.0947,80.6492],[45.489,80.5242],[46.0706,80.5673],[46.6873,80.5293]]],[[[62.2219,80.8132],[62.0677,80.8799],[60.564,80.8228],[59.6939,80.8371],[59.2293,80.6441],[59.242,80.5293],[59.6364,80.4312],[60.3074,80.4956],[61.0446,80.4052],[61.7062,80.5975],[62.0723,80.6142],[62.2219,80.8132]]],[[[58.1301,80.7807],[58.9344,80.7807],[58.9289,80.8821],[58.1574,80.8712],[58.1301,80.7807]]],[[[55.7659,80.7837],[55.097,80.9028],[54.4067,80.8515],[54.8767,80.7211],[55.7659,80.7837]]],[[[51.6893,80.7273],[50.7243,80.8955],[49.6773,80.8535],[49.0037,80.7757],[49.631,80.6396],[48.8274,80.4977],[48.0134,80.5466],[48.2023,80.416],[47.428,80.3227],[47.0886,80.3716],[46.6595,80.2742],[47.1018,80.1703],[47.6331,80.1178],[48.4439,80.1008],[49.1072,80.1895],[48.6545,80.317],[48.8395,80.3878],[49.4904,80.3635],[49.7278,80.4943],[50.9496,80.5368],[51.6893,80.7273]]],[[[57.3364,80.8918],[57.8381,80.8533],[58.2824,80.9265],[57.6445,81.0244],[56.7993,81.0275],[57.3364,80.8918]]],[[[54.5641,80.9954],[55.4048,80.9576],[55.7988,80.8544],[56.6685,80.8092],[57.0588,80.6918],[57.6813,80.8168],[56.0192,81.0436],[55.5769,81.0071],[54.863,81.0842],[54.5641,80.9954]]],[[[57.2661,81.4268],[58.3057,81.3769],[58.3999,81.4742],[57.013,81.5368],[57.2661,81.4268]]],[[[62.5037,81.6528],[63.4675,81.5891],[63.6776,81.695],[62.766,81.7066],[62.5037,81.6528]]],[[[58.2954,81.7142],[59.3556,81.7533],[59.2147,81.8587],[58.1561,81.8303],[58.2954,81.7142]]],[[[59.0017,79.9806],[59.2068,79.9289],[59.9273,79.9949],[59.5291,80.1209],[58.7964,80.0436],[59.0017,79.9806]]],[[[55.7121,80.1035],[56.9568,80.0663],[57.1384,80.1178],[57.131,80.3061],[55.9893,80.3367],[56.0191,80.1818],[55.7121,80.1035]]],[[[52.6229,80.1833],[53.4899,80.1718],[53.5899,80.2424],[53.3411,80.399],[52.8595,80.4055],[52.5689,80.2895],[52.6229,80.1833]]],[[[57.5288,80.1314],[58.1946,80.2913],[59.1934,80.3785],[58.4524,80.4681],[56.9461,80.4815],[57.2744,80.3915],[57.2197,80.2413],[57.5288,80.1314]]],[[[60.2562,81.0364],[60.07,80.9796],[60.9878,80.922],[61.5998,81.0314],[61.6799,81.1137],[60.6128,81.0925],[60.2562,81.0364]]],[[[62.7705,80.8856],[62.6165,80.7981],[63.1307,80.6831],[64.4256,80.7409],[64.9998,80.8088],[65.4458,80.9196],[65.2298,81.1367],[64.4229,81.1938],[64.0365,80.9869],[63.1423,80.9714],[62.7705,80.8856]]],[[[55.6468,81.2003],[56.4312,81.1745],[57.6887,81.3311],[56.7262,81.3972],[55.8347,81.3248],[55.6468,81.2003]]]]}},{"type":"Feature","properties":{"sourceId":"1159313611","regionId":"region.932e9a14-6480-49a4-89d8-96acaa49fa4b","countryId":"country.h03oz0"},"geometry":{"type":"MultiPolygon","coordinates":[[[[78.5028,72.3819],[78.6968,72.1803],[79.4189,72.0434],[79.6949,72.0577],[80.3391,71.8898],[80.0364,71.8308],[80.1188,71.6749],[79.8682,71.6017],[79.3827,71.615],[79.3335,71.4811],[79.1431,71.4217],[79.2447,71.3167],[79.5652,71.2774],[79.9544,71.1341],[80.5501,71.0444],[80.5519,70.9002],[80.6799,70.8054],[80.608,70.7102],[80.7528,70.6352],[80.5691,70.4608],[80.1769,70.4296],[80.0951,70.3534],[79.6302,70.2207],[79.5053,70.1154],[79.2084,70.0528],[78.9129,69.8609],[79.1164,69.7316],[79.5854,69.5883],[79.8543,69.3545],[80.2598,69.3557],[80.7342,69.3081],[80.9669,69.2091],[81.3239,69.2856],[81.6107,69.2864],[81.6256,69.4095],[81.9294,69.3493],[81.7722,69.2329],[82.2569,69.1567],[82.4807,68.9951],[82.5459,68.8403],[83.0154,68.6839],[82.8666,68.6278],[82.5359,68.6107],[82.7096,68.4141],[82.6806,68.2828],[82.3946,68.1766],[82.3536,67.9435],[81.7305,67.9075],[82.1003,67.7244],[82.1096,67.609],[82.3868,67.5236],[82.2561,67.4091],[82.3525,67.328],[82.1173,67.2438],[83.1619,66.818],[83.2928,66.663],[83.0781,66.5789],[83.091,66.4592],[83.2624,66.3894],[83.5246,66.173],[83.2961,66.0583],[83.5212,65.9083],[83.5181,65.8225],[84.031,65.793],[84.5502,65.4334],[84.5233,65.2134],[84.3128,65.0985],[84.4701,64.8902],[84.8198,64.9307],[85.1844,64.7508],[85.61,64.8278],[85.859,64.7564],[85.812,64.6563],[85.916,64.5885],[85.8445,64.501],[86.0281,64.2798],[85.9482,64.0534],[85.5335,63.9367],[85.3731,63.8084],[85.333,63.7008],[85.0967,63.5342],[85.3779,63.4665],[85.4102,63.3532],[85.6406,63.3742],[85.4694,63.1492],[85.584,63.0539],[85.5183,62.9326],[85.2252,62.8012],[85.09,62.638],[84.9577,62.5929],[84.8609,62.4512],[84.7456,62.4104],[84.4357,62.178],[84.5513,62.0015],[84.5201,61.9451],[84.6811,61.8153],[84.9191,61.7965],[85.4796,61.6279],[85.9562,61.55],[85.9504,61.4647],[85.6439,61.3876],[85.6712,61.2892],[84.6481,61.0007],[84.2596,60.8555],[84.7083,60.4589],[84.7812,60.356],[84.6319,60.2056],[84.5313,59.975],[84.6919,59.9048],[85.4963,59.8916],[85.9682,59.9559],[86.6254,59.95],[87.0841,59.8828],[87.2136,59.685],[87.5539,59.6407],[87.8784,59.289],[87.9363,59.2662],[88.5859,59.2987],[88.6203,59.1988],[88.8258,59.0345],[88.3826,58.9089],[87.9322,58.5261],[88.0143,58.2683],[88.1557,58.1065],[88.6874,58.0366],[88.8508,57.9606],[89.3284,57.95],[89.3804,57.6372],[89.1668,57.6158],[89.0772,57.5147],[88.8615,57.4317],[88.7264,57.2228],[88.5296,57.0958],[88.7209,57.0553],[88.624,56.833],[88.7211,56.7317],[88.6612,56.6363],[88.5167,56.6266],[88.5925,56.4436],[88.9132,56.3098],[89.1987,56.1346],[89.3298,55.9022],[89.3628,55.7725],[89.0616,55.6929],[88.6823,55.516],[88.6088,55.4456],[88.7598,55.3441],[88.9502,55.2891],[88.9661,55.1848],[89.1474,55.0763],[89.2008,54.9904],[89.55,55.0464],[89.6578,55.0031],[89.904,55.0861],[90.1292,55.1052],[90.4355,55.0163],[90.4583,54.8708],[90.6848,54.9047],[90.7149,54.8312],[90.9153,54.7911],[90.855,54.6267],[91.159,54.4879],[91.2096,54.3382],[91.4639,54.0565],[91.4651,53.966],[91.3266,53.8167],[91.4697,53.5139],[91.744,53.4467],[91.8412,53.2883],[91.6599,53.1585],[91.3511,53.0775],[91.3963,52.868],[91.2419,52.7475],[91.038,52.6602],[90.7003,52.4582],[90.4766,52.1834],[90.7436,52.0634],[90.8394,51.9124],[91.1005,51.9427],[91.1804,51.8901],[91.5431,51.9009],[91.8942,51.8528],[91.9867,51.7936],[92.4295,51.8019],[92.8443,51.8324],[93.0746,51.9453],[93.3604,52.1294],[93.678,52.2238],[93.7739,52.4462],[93.9893,52.5854],[94.1391,52.761],[94.1413,52.8318],[94.2901,52.9],[94.5123,52.9108],[94.6037,53.0553],[94.5945,53.3157],[94.7399,53.3827],[95.0411,53.3759],[95.2604,53.4564],[95.3809,53.3719],[95.7676,53.5195],[96.0483,53.4537],[96.186,53.5154],[96.2415,53.6135],[96.4179,53.5432],[96.6423,53.5481],[96.6841,53.6385],[96.5051,53.6844],[96.4055,53.7833],[96.1259,53.9724],[96.0793,54.0627],[95.919,54.1557],[95.6782,54.2342],[95.7167,54.3879],[95.8969,54.3893],[96.0388,54.5582],[96.3514,54.5619],[96.495,54.5105],[96.5649,54.6969],[96.7119,54.9266],[96.5862,55.0191],[96.6847,55.0849],[96.7199,55.2649],[96.918,55.3295],[96.7528,55.6507],[96.7601,55.7461],[96.96,55.8609],[96.9865,56.0183],[97.1253,56.1017],[97.3519,56.0512],[97.5649,56.1896],[97.5914,56.3867],[97.8407,56.3931],[97.8682,56.5548],[97.7623,56.5591],[97.7653,56.788],[97.4685,56.8274],[97.4888,56.9637],[97.3549,57.0605],[97.934,57.8113],[97.9867,57.8219],[98.7675,57.7907],[98.9616,57.7233],[99.0799,57.7704],[99.4109,57.7955],[99.4975,57.929],[99.7028,58.0857],[100.0173,58.0815],[100.1293,57.8668],[100.2754,57.8048],[100.4187,57.5418],[100.7156,57.4129],[100.9114,57.4515],[100.9553,57.5553],[100.8014,57.673],[100.9705,57.8705],[101.1373,57.9854],[101.2976,58.2193],[101.5309,58.2253],[101.6785,58.4067],[101.7736,58.4533],[102.1617,58.5156],[102.3111,58.6423],[102.5197,58.7279],[102.5373,58.8966],[102.4386,58.9437],[102.4549,59.1531],[102.7593,59.1994],[102.9988,59.3154],[103.2393,59.2836],[103.246,59.1801],[103.3752,59.0341],[103.6929,58.9232],[103.8895,58.9026],[103.9487,58.7739],[104.3738,58.7133],[104.4582,58.6023],[104.7867,58.6663],[104.8725,58.7185],[104.7591,58.8205],[104.9483,58.9586],[105.3535,59.1079],[105.2881,59.2642],[105.1957,59.3033],[105.2253,59.4293],[104.9857,59.4611],[104.8832,59.5254],[104.7988,59.6909],[105.1864,59.8585],[105.3772,59.8217],[105.4848,60.0219],[105.4238,60.1229],[105.4758,60.2539],[104.8892,60.3017],[104.6762,60.3999],[104.5232,60.6449],[104.5945,60.7352],[104.4597,60.8388],[104.8366,61.1762],[105.0046,61.1976],[104.904,61.3675],[105.2532,61.4199],[105.3675,61.5298],[105.7176,61.6496],[105.9414,61.6854],[105.9022,61.8349],[106.2181,62.0032],[106.4039,62.0307],[106.4791,62.3285],[106.7139,62.4876],[106.7257,62.5877],[106.4948,62.6919],[106.4349,62.8467],[106.2253,62.8938],[106.1256,63.0482],[106.4033,63.1133],[106.3683,63.2724],[106.6614,63.2967],[106.7253,63.375],[106.5168,63.483],[106.6914,63.6363],[106.6295,63.6968],[106.7934,63.8424],[106.6799,63.9306],[106.7644,63.9957],[107.0526,63.8918],[107.2024,63.9569],[107.3725,63.8655],[107.5503,63.857],[107.6798,63.9892],[108.2629,63.9959],[108.3201,64.039],[108.2236,64.2034],[108.0265,64.2235],[107.8557,64.1816],[107.5697,64.2986],[107.3675,64.2506],[106.8774,64.4138],[106.3952,64.4426],[105.8029,64.5301],[105.7078,64.6527],[105.9461,64.8835],[105.9728,65.0118],[106.4537,65.233],[106.4514,65.3131],[106.6353,65.3929],[106.8356,65.3783],[106.94,65.5112],[106.7131,65.5489],[106.4395,65.6617],[106.4713,66.0074],[106.3304,66.1545],[106.1713,66.1592],[106.1033,66.3783],[106.3219,66.4789],[106.2469,66.7022],[106.0474,66.789],[106.0437,66.9008],[105.6867,66.9395],[105.5402,67.0234],[105.8938,67.0437],[106.0547,67.1672],[106.4923,67.2838],[106.6852,67.2539],[106.8024,67.3482],[106.8956,68.1426],[106.8855,68.8655],[106.1529,69.3911],[106.4268,69.5639],[106.8386,69.5182],[107.1237,69.5875],[108.0073,69.705],[108.2906,69.8568],[108.871,69.8403],[109.237,69.7759],[109.509,70.0335],[109.358,70.069],[109.2774,70.2065],[109.5355,70.264],[109.6015,70.3782],[109.9955,70.4169],[110.1167,70.478],[110.1028,70.6319],[110.489,70.726],[110.5394,70.8006],[111.3349,70.8553],[111.5224,70.9386],[112.2767,71.0127],[112.5793,71.1137],[112.5132,71.268],[111.9969,71.4136],[111.9961,72.1327],[111.8171,72.1317],[111.6428,72.2745],[111.0852,72.3696],[111.281,72.4783],[111.2103,72.5445],[110.7017,72.6505],[110.6274,72.8945],[110.8812,73.0229],[110.7549,73.1753],[110.5708,73.2525],[110.5231,73.4041],[110.8179,73.5589],[110.9072,73.6919],[109.7139,73.4526],[109.2212,73.3871],[108.3933,73.3173],[107.7223,73.1685],[107.0359,73.1822],[106.7756,73.141],[106.3599,73.1943],[106.1756,73.0944],[106.2546,72.9672],[105.4826,72.7681],[106.2324,73.3228],[106.648,73.3067],[107.1336,73.5302],[107.1468,73.6177],[107.7769,73.6166],[108.4917,73.7725],[108.9961,74.0156],[109.4815,74.0772],[109.8901,74.197],[109.9995,74.3737],[110.2121,74.3724],[110.4997,74.4782],[110.9602,74.5485],[111.4658,74.6973],[111.7438,74.6632],[112.1468,74.8784],[112.8796,74.9929],[113.6052,75.285],[113.7082,75.4634],[113.3368,75.5351],[113.207,75.6501],[113.6174,75.6562],[113.8901,75.854],[113.5212,75.9306],[113.4597,76.1484],[113.2593,76.2664],[112.7404,76.267],[112.6709,76.3631],[112.1991,76.4719],[111.5554,76.6841],[110.3586,76.7557],[110.0614,76.6916],[109.3325,76.7585],[108.6848,76.7165],[107.9461,76.7373],[107.9846,76.6227],[107.5916,76.505],[107.0364,76.507],[106.6123,76.5596],[107.0803,76.8083],[107.4696,76.9064],[107.2505,77.007],[106.8298,77.0547],[106.5,77.0216],[105.797,77.1126],[104.8726,77.0907],[104.8787,77.1674],[105.4558,77.2405],[105.9836,77.4383],[105.8737,77.5686],[105.3342,77.541],[104.9822,77.5891],[104.6782,77.7095],[104.0233,77.7331],[103.5925,77.6316],[103.1966,77.6589],[102.889,77.5463],[102.1577,77.4023],[101.207,77.0985],[100.9193,76.9759],[100.8641,76.838],[101.2346,76.7673],[101.036,76.5202],[99.5086,76.4687],[98.8748,76.5209],[99.0662,76.3531],[99.5558,76.279],[99.8778,76.0957],[99.2615,76.1292],[99.1721,76.2124],[98.5762,76.2316],[97.7986,76.0946],[97.8425,75.9924],[97.1992,75.9931],[96.8306,75.9154],[96.4798,76.0156],[96.0764,75.9616],[96.1105,76.1107],[95.3898,76.164],[94.7385,76.1156],[93.6858,76.1323],[93.785,76.0414],[93.5188,75.948],[93.5498,75.853],[92.0078,75.7258],[91.2913,75.629],[90.8635,75.6683],[90.5989,75.6119],[89.9541,75.5776],[89.7227,75.4515],[89.1323,75.4528],[88.6117,75.3442],[88.3145,75.1809],[87.9119,75.1008],[87.0246,75.1642],[86.8986,75.0877],[87.3543,75.0439],[87.3858,74.9443],[87.0972,74.8621],[87.0817,74.773],[86.6392,74.6973],[85.938,74.728],[85.7404,74.6359],[86.1939,74.622],[86.4915,74.567],[86.4753,74.4582],[86.02,74.2625],[86.5056,74.2553],[86.803,74.184],[87.2401,73.8608],[87.4302,73.8203],[87.1648,73.6114],[86.2036,73.5578],[86.5198,73.6723],[87.0108,73.7787],[87.0801,73.8715],[86.7832,73.9022],[86.0161,73.8665],[85.6043,73.8219],[85.427,73.7119],[85.008,73.7104],[84.7932,73.7647],[84.366,73.7103],[83.728,73.6955],[83.4837,73.6555],[81.9569,73.6627],[81.5298,73.6478],[80.8322,73.5718],[80.2727,73.3098],[80.5283,73.2815],[80.5062,73.0784],[80.7505,73.0377],[80.842,72.9221],[80.6321,72.7338],[80.7041,72.5454],[81.2082,72.3549],[81.5862,72.3507],[82.1981,72.2816],[82.2996,72.1345],[82.1851,72.0935],[82.787,71.9055],[83.3605,71.8406],[83.6282,71.6109],[83.5413,71.497],[83.1476,71.2448],[83.3818,71.0327],[83.7747,70.4766],[83.4839,70.335],[82.9517,70.3251],[83.183,70.1389],[82.8831,70.089],[82.6735,70.1656],[82.6641,70.2602],[83.0105,70.4266],[82.9932,70.5716],[83.1372,70.764],[83.1338,70.8824],[82.6882,70.9619],[82.4084,70.7902],[82.2031,71.0163],[82.3528,71.0963],[82.2966,71.2873],[82.8201,71.3913],[83.3205,71.6833],[82.8674,71.7864],[82.1943,71.7078],[81.7367,71.6999],[81.3423,71.7642],[81.2498,71.8592],[80.6472,72.0341],[80.8346,72.0833],[80.0101,72.2078],[79.3914,72.3856],[78.5028,72.3819]]],[[[110.8777,73.7679],[111.2952,73.8691],[110.5808,73.9914],[110.0215,74.0145],[109.5311,73.7753],[109.7996,73.7051],[110.2869,73.7058],[110.6637,73.7873],[110.8777,73.7679]]],[[[79.563,72.7683],[79.3685,73.0347],[79.1404,73.0954],[78.5923,72.8621],[78.9099,72.7413],[79.3953,72.704],[79.563,72.7683]]],[[[82.2396,75.3757],[81.4924,75.362],[81.6885,75.277],[82.2396,75.3757]]],[[[96.6441,76.267],[95.314,76.2766],[95.3106,76.2012],[95.8914,76.1536],[96.4006,76.1552],[96.6441,76.267]]],[[[111.9588,76.6022],[112.618,76.4588],[112.5281,76.6227],[111.9588,76.6022]]],[[[96.5274,77.2055],[95.7048,77.0751],[96.0066,76.9858],[96.4772,77.0822],[96.5274,77.2055]]],[[[89.6892,77.2806],[89.3044,77.3079],[89.1346,77.2177],[89.3012,77.1472],[89.7468,77.1644],[89.6892,77.2806]]],[[[107.7041,78.1372],[107.5651,78.1876],[106.4771,78.1625],[107.5736,78.0676],[107.7041,78.1372]]],[[[105.4155,78.5834],[105.1751,78.8093],[104.4992,78.8638],[104.3831,78.9886],[104.0735,79.0048],[103.9891,79.1308],[103.3491,79.1164],[102.6399,79.0142],[102.7429,79.1588],[103.1384,79.3251],[102.3029,79.4328],[101.9646,79.2923],[101.3099,79.2388],[101.0271,79.0314],[100.2546,78.6654],[100.2886,78.5927],[100.0007,78.4177],[100.0497,78.3432],[99.2683,78.0416],[99.5147,77.9435],[100.0373,77.9616],[101.0124,78.1304],[101.2098,78.1935],[102.8657,78.2191],[103.7126,78.2563],[104.1882,78.3268],[104.7874,78.3364],[105.3574,78.5063],[105.4155,78.5834]]],[[[77.6136,79.5219],[76.4823,79.6437],[76.1743,79.5691],[76.6961,79.4776],[77.6136,79.5219]]],[[[93.6282,79.9334],[92.6488,79.9838],[91.7821,80.0638],[91.1136,80.0489],[91.2624,79.903],[92.0995,79.8099],[91.9219,79.6789],[92.6248,79.6728],[93.6699,79.8317],[93.6282,79.9334]]],[[[99.886,79.0415],[99.5832,79.1728],[99.7481,79.3642],[99.7072,79.5691],[100.0225,79.8236],[99.199,80.05],[98.5779,79.9826],[98.2556,79.8729],[97.7681,79.9465],[98.0588,80.0318],[97.5921,80.1749],[96.36,80.0987],[95.5021,80.1115],[94.9356,80.0713],[94.2883,79.8986],[94.1694,79.7752],[93.7857,79.6585],[93.7489,79.5439],[94.3123,79.4792],[94.3645,79.2369],[95.0182,79.0385],[95.4221,79.1063],[95.9325,78.9929],[96.7985,78.9892],[97.2639,78.853],[97.7608,78.8088],[99.4056,78.8225],[99.8772,78.9311],[99.886,79.0415]]],[[[79.8067,80.9743],[79.2378,80.9531],[79.1276,80.8067],[80.3264,80.8605],[80.4372,80.9402],[79.8067,80.9743]]],[[[91.5472,81.1538],[91.4548,81.1926],[90.0715,81.2145],[89.9963,81.1053],[91.1862,81.0568],[91.5472,81.1538]]],[[[97.7471,80.7416],[97.7886,80.8166],[96.973,80.9061],[96.5547,81.0774],[95.7766,81.2888],[95.1035,81.2713],[94.8897,81.1444],[93.0527,80.9954],[92.7188,80.888],[92.8887,80.6805],[92.7405,80.513],[91.9185,80.4684],[92.1074,80.2897],[92.5049,80.1577],[93.6941,79.9981],[95.0339,80.1383],[97.188,80.2336],[97.0208,80.5259],[97.1916,80.6453],[97.7471,80.7416]]]]}},{"type":"Feature","properties":{"sourceId":"1159313207","regionId":"region.7249a778-c4f8-417c-9c3f-65ee55219a44","countryId":"country.h03oz0"},"geometry":{"type":"Polygon","coordinates":[[[47.4964,45.5653],[47.47,45.6348],[47.2961,45.6463],[46.9222,45.5777],[46.9062,45.6368],[47.0402,45.9657],[47.17,46.0784],[47.089,46.1182],[46.8455,46.0755],[46.8563,46.2442],[46.5044,46.2738],[46.6636,46.429],[46.9397,46.4316],[46.9301,46.5556],[47.2135,46.7423],[47.1259,46.8507],[46.9879,46.8633],[46.912,46.9796],[46.8009,47.0036],[46.5113,47.4064],[46.7882,47.5566],[46.6845,47.628],[46.4494,47.4781],[46.2971,47.437],[46.1163,47.5024],[45.8433,47.7193],[45.707,47.9084],[45.741,48.0001],[45.5469,47.9971],[45.4049,48.0917],[45.3006,48.0977],[44.9332,48.1355],[44.766,48.0588],[44.5467,48.0631],[44.5402,48.1969],[44.3059,48.2551],[44.3141,48.0941],[44.4669,47.9902],[44.3891,47.8683],[44.0825,47.909],[43.9515,47.7561],[43.7052,47.6831],[43.6336,47.5704],[43.7315,47.4766],[43.8023,47.2825],[43.9392,47.2689],[43.9533,47.3649],[44.1096,47.4137],[44.1168,47.5335],[44.2284,47.5746],[44.334,47.4752],[44.3276,47.1108],[44.2624,46.9001],[43.9304,46.7227],[43.8171,46.5887],[43.9277,46.521],[43.9184,46.416],[43.7859,46.4075],[43.646,46.2157],[43.5594,46.1689],[43.3556,46.1724],[43.0802,46.3598],[42.9118,46.435],[42.7872,46.3894],[42.5968,46.4109],[42.4093,46.5249],[42.1809,46.5779],[42.0343,46.5433],[42.0996,46.4071],[42.2019,46.3145],[41.995,46.3013],[41.8401,46.1529],[41.726,46.2136],[41.6558,46.1053],[41.7126,45.996],[42.1497,45.949],[42.1774,46.0991],[42.3397,46.1071],[42.3174,45.9808],[42.5335,45.9977],[42.8346,46.1558],[42.9914,46.1796],[43.2373,46.1124],[43.3925,46.016],[43.8776,45.9455],[44.097,45.7739],[44.1482,45.6525],[44.421,45.5267],[44.7063,45.506],[45.3525,45.2434],[45.5862,45.1583],[45.706,44.9758],[45.8537,45.0005],[46.4337,44.9366],[46.6035,44.8853],[46.8881,44.7519],[47.0715,44.7851],[47.2012,44.97],[47.2971,45.1874],[47.5365,45.5077],[47.4964,45.5653]]]}},{"type":"Feature","properties":{"sourceId":"1159315449","regionId":"region.dfa5edcc-e434-41ae-b528-01e000359a65","countryId":"country.h03oz0"},"geometry":{"type":"MultiPolygon","coordinates":[[[[166.6644,54.7564],[166.6498,54.8446],[166.479,54.9435],[166.2503,55.1523],[166.2878,55.3039],[165.9556,55.3642],[165.8005,55.2719],[165.9929,55.2219],[166.0829,55.0606],[166.3565,54.8395],[166.6644,54.7564]]],[[[164.7069,58.9768],[164.5581,59.2397],[164.2831,59.1137],[163.9667,59.0286],[163.7663,58.8721],[163.7796,58.8104],[163.5855,58.5579],[164.1212,58.7807],[164.4077,58.8649],[164.6319,58.8654],[164.7069,58.9768]]],[[[174.4536,61.8148],[174.4685,61.9788],[174.3437,62.05],[174.1165,62.0738],[174.0155,62.2693],[174.0798,62.447],[173.8724,62.4405],[173.7976,62.5179],[173.5039,62.5341],[172.8525,62.3315],[172.705,62.4024],[172.3188,62.404],[172.0547,62.4665],[171.4696,62.312],[171.2176,62.3685],[170.9006,62.2794],[170.1594,62.3418],[170.0864,62.4919],[169.8425,62.6553],[169.6569,62.7089],[169.5144,62.8135],[169.1267,62.9725],[168.9392,62.9438],[168.5102,63.0541],[168.5445,63.1265],[168.7956,63.3031],[169.2052,63.5157],[169.5092,63.5836],[169.5822,63.6434],[169.5494,63.811],[169.3444,63.9499],[169.0793,63.9587],[168.8735,64.0207],[168.7779,64.1845],[168.4987,64.3174],[168.1981,64.3387],[168.0257,64.286],[167.7141,64.3407],[167.237,64.6237],[166.8068,64.5329],[166.1986,64.609],[166.0345,64.5595],[165.743,64.6788],[165.684,64.754],[165.3295,64.7755],[165.2627,64.8506],[165.0203,64.8367],[164.7979,64.7716],[164.2164,64.9249],[163.8728,64.8654],[163.5203,64.9314],[163.3452,64.8185],[163.1369,64.7702],[163.2461,64.7268],[163.1671,64.5594],[163.3446,64.4866],[163.4343,64.3731],[163.2559,64.3207],[163.1666,64.1901],[162.7942,64.148],[162.8877,63.877],[162.7259,63.8365],[162.7549,63.7385],[162.9792,63.621],[162.957,63.4911],[162.6946,63.393],[162.7439,63.1815],[162.3799,63.1189],[162.2693,62.935],[162.5475,62.8447],[162.6727,62.7105],[162.7679,62.5031],[162.7361,62.2974],[162.404,62.2528],[162.2654,62.1286],[162.512,62.1034],[162.48,61.9632],[162.3112,61.9342],[162.4677,61.8205],[162.5105,61.6584],[162.7656,61.7051],[162.9307,61.6755],[162.9079,61.5799],[163.3265,61.6579],[163.3434,61.7057],[162.9784,61.8095],[163.1478,62.0376],[163.0915,62.2266],[163.2315,62.3114],[163.2671,62.522],[164.0551,62.6561],[164.3746,62.6909],[164.5979,62.6731],[164.7657,62.5583],[165.1701,62.4592],[164.9884,62.403],[164.739,62.4604],[164.5383,62.4511],[164.4181,62.3535],[164.1272,62.2624],[164.0448,61.6834],[163.8661,61.6465],[163.7595,61.479],[163.9523,61.4345],[164.0288,61.3466],[163.9328,61.2353],[163.7626,61.1869],[163.4873,61.0017],[163.7743,60.9185],[163.3457,60.7993],[162.889,60.7525],[162.7537,60.6459],[162.5018,60.6208],[162.2062,60.538],[161.9386,60.4168],[161.8972,60.203],[161.5328,60.0676],[161.2839,59.8705],[160.8049,59.6054],[160.4973,59.5525],[160.3103,59.3461],[159.8644,59.1406],[159.7297,59.0113],[159.7507,58.9256],[159.4968,58.7165],[159.4016,58.678],[159.0238,58.4148],[158.6548,58.2694],[158.168,58.0207],[157.947,57.9831],[157.7232,58.0246],[157.5867,57.9511],[157.4699,57.8039],[157.2419,57.7705],[156.9815,57.8571],[156.801,57.7734],[156.9307,57.6584],[157.0013,57.4255],[156.8316,57.2135],[156.3856,56.9118],[156.1253,56.832],[155.9243,56.5845],[155.756,56.1067],[155.6862,56.0391],[155.5512,55.2842],[155.61,54.8949],[155.728,54.4268],[155.9358,53.8652],[156.0392,53.3706],[156.1112,52.9354],[156.2657,52.5982],[156.4319,52.5246],[156.3728,52.4046],[156.4392,52.216],[156.5012,51.7751],[156.4802,51.5165],[156.5355,51.2893],[156.7219,51.1955],[156.7615,51.078],[156.7197,50.8865],[157.0459,51.1236],[157.4465,51.3479],[157.5369,51.4861],[157.7592,51.544],[158.0271,51.7761],[158.2869,51.9675],[158.2864,52.0342],[158.5477,52.296],[158.5156,52.7463],[158.6226,52.9273],[158.4151,52.9927],[158.558,53.07],[158.6737,52.9949],[158.7087,52.8918],[159.0033,53.0769],[159.4777,53.2294],[159.6325,53.2571],[160.0156,53.1154],[160.0176,53.2652],[159.9224,53.2836],[159.9692,53.5703],[159.8441,53.7969],[159.9015,53.9819],[160.053,54.1757],[160.2189,54.242],[160.4204,54.3784],[160.7412,54.5352],[161.0664,54.5968],[161.3119,54.4901],[161.7532,54.5198],[162.1301,54.7724],[162.1532,54.8499],[161.813,55.1792],[161.7477,55.376],[161.7771,55.6083],[162.0193,55.9313],[162.0402,56.0455],[162.1421,56.1291],[162.5925,56.2685],[162.4012,56.3698],[162.4997,56.4355],[162.7402,56.4798],[162.9099,56.4257],[162.9899,56.5334],[163.1161,56.5005],[162.9399,56.3817],[162.7536,56.347],[162.638,56.2208],[162.8216,56.0562],[163.0512,56.0054],[163.1112,56.1015],[163.3661,56.1807],[163.3386,56.3553],[163.241,56.5932],[163.2806,56.688],[163.0685,56.7413],[162.9672,56.7036],[162.7835,56.763],[162.7896,56.9219],[162.8599,57.0514],[162.7859,57.1455],[162.8331,57.3833],[163.0748,57.461],[163.3295,57.7089],[163.2189,57.8135],[163.0039,57.8375],[162.7116,57.9667],[162.5298,57.9365],[162.4555,57.7844],[162.2146,57.8217],[162.0256,57.9288],[161.9932,58.0874],[162.1699,58.4059],[162.4053,58.6544],[162.8162,58.8872],[163.0685,58.9681],[162.8866,59.1135],[163.0806,59.2713],[163.3125,59.2875],[163.3031,59.4331],[163.1687,59.5106],[163.3901,59.6315],[163.3782,59.8144],[163.5041,59.8979],[163.698,59.904],[163.6515,60.0517],[164.0173,60.0358],[164.1643,59.9634],[164.3391,59.9915],[164.3206,60.0886],[164.4885,60.111],[164.7233,59.9568],[164.8071,59.7896],[165.0135,59.848],[165.1986,60.0052],[165.1296,60.0842],[165.7214,60.2697],[166.0523,60.4538],[166.2497,60.3835],[166.2878,60.2247],[166.1753,60.1203],[166.1095,59.8275],[166.2878,59.8446],[167.0481,60.3284],[168.0964,60.5715],[168.4847,60.5986],[168.6248,60.5556],[169.1665,60.5673],[169.3503,60.5332],[169.7078,60.3995],[169.7468,60.283],[169.9558,60.0592],[170.2651,59.9204],[170.4006,59.9656],[170.5023,60.2725],[170.6659,60.3411],[170.5807,60.4339],[170.8107,60.5121],[171.1795,60.5589],[171.3724,60.6431],[171.4065,60.7505],[171.5999,60.7376],[171.6633,60.8167],[172.0068,60.8552],[172.2427,61.0198],[172.4761,61.0557],[172.3861,61.2274],[172.6467,61.1911],[172.9313,61.3515],[173.1284,61.397],[173.291,61.5195],[173.4971,61.5713],[173.5446,61.7491],[173.8019,61.6918],[173.991,61.7145],[174.138,61.8446],[174.4536,61.8148]]]]}},{"type":"Feature","properties":{"sourceId":"1159315597","regionId":"region.6f56bae6-8ca2-4614-926d-fb248ad249a4","countryId":"country.h03oz0"},"geometry":{"type":"Polygon","coordinates":[[[67.3812,68.7923],[67.2356,68.8204],[67.2072,68.8015],[67.3333,68.7585],[67.3812,68.7923]]]}},{"type":"Feature","properties":{"sourceId":"1159313195","regionId":"region.dacf9101-e8c7-40c1-a0bb-31ad36727c06","countryId":"country.h03oz0"},"geometry":{"type":"Polygon","coordinates":[[[57.4084,56.3291],[57.2735,56.3049],[57.2135,56.182],[56.8641,56.1081],[56.4025,56.3874],[56.2753,56.3051],[56.0733,56.2895],[55.8758,56.4367],[55.5481,56.3995],[55.4477,56.3407],[54.9684,56.3204],[54.9182,56.392],[54.5316,56.5149],[54.3525,56.3585],[54.3458,56.2526],[54.1172,56.1582],[54.0468,56.058],[53.8378,56.0386],[53.6317,55.9067],[53.9764,55.8527],[54.1768,55.707],[54.1745,55.6236],[53.9969,55.5443],[53.891,55.3812],[53.7227,55.3377],[53.5914,55.2119],[53.4184,55.222],[53.1468,55.1466],[53.2692,55.012],[53.4219,54.9822],[53.5787,54.8222],[53.6069,54.7281],[53.3478,54.3816],[53.4705,54.0457],[53.6558,53.7524],[53.878,53.658],[54.1084,53.4166],[54.5196,53.3598],[54.6641,53.2355],[54.8016,53.2708],[54.9266,53.2195],[54.955,53.1105],[55.1618,52.8232],[55.4067,52.8371],[55.4116,52.6576],[55.5449,52.5417],[55.5456,52.3849],[55.7776,52.3436],[55.8891,52.3991],[55.9192,52.4988],[56.0776,52.6036],[56.3652,52.5231],[56.4514,52.3088],[56.1939,52.189],[56.2172,52.1323],[56.4954,52.1615],[56.6848,52.0453],[56.6076,51.8295],[56.7801,51.5922],[57.0355,51.6597],[57.2067,51.5751],[57.3744,51.6386],[57.4316,51.7258],[57.6209,51.759],[57.6526,51.8633],[57.8819,51.846],[58.2359,51.7384],[58.5764,51.7931],[58.6389,52.0164],[58.6061,52.1805],[58.6905,52.2653],[58.857,52.2632],[58.828,52.4327],[58.7237,52.6451],[58.7488,52.8354],[58.9004,53.0659],[58.8685,53.5018],[58.8209,53.5956],[58.9068,53.6658],[58.9062,53.8616],[59.0141,53.9582],[59.162,53.9929],[59.344,54.1851],[59.5442,54.1961],[59.6939,54.1291],[59.8005,54.242],[59.6667,54.3397],[59.7463,54.4471],[59.6795,54.4981],[59.8597,54.603],[59.9746,54.8014],[59.6138,54.8667],[59.4041,54.7026],[59.2278,54.6112],[59.0614,54.6319],[58.8247,54.5722],[58.6138,54.4703],[58.3637,54.5475],[58.2063,54.5151],[57.9714,54.3928],[57.7429,54.5006],[57.7417,54.5831],[57.5941,54.6287],[57.1651,54.819],[57.243,54.9571],[57.1369,55.0921],[57.2636,55.2619],[57.518,55.334],[58.0302,55.2748],[58.2879,55.1707],[58.364,55.0844],[58.6195,54.9497],[58.8157,55.0249],[58.6736,55.1885],[58.7968,55.2028],[58.872,55.3233],[59.1592,55.3316],[59.2013,55.4501],[59.5649,55.4996],[59.4466,55.632],[59.2548,55.6141],[59.2959,55.7805],[59.165,55.7899],[59.269,56.0479],[59.0263,56.1694],[58.9435,56.0657],[58.7465,56.0628],[58.543,56.1631],[58.3077,56.1045],[57.8021,56.1506],[57.5372,56.1002],[57.4108,56.2354],[57.4084,56.3291]]]}},{"type":"Feature","properties":{"sourceId":"1159313225","regionId":"region.ce21cb3a-f5a6-49e7-9f86-9232ee694310","countryId":"country.h03oz0"},"geometry":{"type":"Polygon","coordinates":[[[57.4084,56.3291],[57.4108,56.2354],[57.5372,56.1002],[57.8021,56.1506],[58.3077,56.1045],[58.543,56.1631],[58.7465,56.0628],[58.9435,56.0657],[59.0263,56.1694],[59.1346,56.206],[59.1221,56.3172],[59.7013,56.3061],[60.2396,56.2092],[60.7508,56.2373],[60.909,56.1881],[61.1503,56.217],[61.0842,56.3257],[61.3849,56.367],[61.642,56.3194],[61.8635,56.1807],[62.0718,56.1335],[62.0827,56.291],[62.2526,56.3627],[62.333,56.4692],[63.0011,56.598],[63.3585,56.5634],[63.4477,56.6097],[63.7665,56.508],[64.1733,56.4684],[64.2193,56.6008],[64.3566,56.6529],[64.337,56.7527],[64.8258,56.8411],[64.9954,56.7683],[65.1403,56.7701],[64.9937,57.0415],[64.9918,57.2213],[64.8417,57.4461],[64.9367,57.5486],[64.8393,57.6407],[65.4279,57.8339],[65.5396,57.7795],[65.7023,57.9013],[66.1966,58.0325],[66.0019,58.2975],[65.9345,58.6144],[65.669,58.6633],[65.3823,58.9191],[65.1847,59.2233],[65.0016,59.3377],[64.3243,59.4112],[63.98,59.4055],[63.8251,59.477],[63.7955,59.7916],[63.5894,60.155],[63.4375,60.1586],[63.1973,60.242],[63.22,60.3005],[62.8812,60.64],[62.7597,60.8594],[62.8598,61.0013],[62.6201,61.2107],[62.4197,61.3051],[61.9002,61.4336],[61.1652,61.6827],[60.7594,61.7036],[60.4309,61.7471],[60.0566,61.7212],[59.9843,61.9028],[59.4854,61.9933],[59.3451,61.8566],[59.3487,61.6822],[59.4284,61.5069],[59.261,61.2222],[59.3585,61.1429],[59.3729,60.9705],[59.4677,60.8079],[59.3853,60.5735],[59.2393,60.4802],[59.1885,60.2779],[58.9616,60.0049],[58.805,59.8628],[58.6751,59.8592],[58.5819,59.7158],[58.451,59.705],[58.4031,59.5523],[58.6695,59.2932],[59.0035,59.2306],[59.1753,59.1465],[59.0911,59.022],[59.1812,58.953],[59.0658,58.8841],[59.0827,58.7693],[59.1864,58.7107],[59.3876,58.7033],[59.456,58.4928],[59.2805,58.4128],[59.2025,58.3046],[58.6783,58.1071],[58.6046,57.9956],[58.8298,57.7262],[58.5798,57.5944],[58.4365,57.676],[58.2681,57.6698],[57.9951,57.4773],[57.938,57.332],[58.0386,57.2365],[58.0299,57.0994],[57.869,57.058],[57.8246,56.9742],[57.5596,56.8883],[57.323,56.9199],[57.2187,56.853],[57.3576,56.6812],[57.3729,56.552],[57.3175,56.3734],[57.4084,56.3291]]]}},{"type":"Feature","properties":{"sourceId":"1159313235","regionId":"region.36c488c3-4aae-4d67-87a8-88fe95c7b7cc","countryId":"country.h03oz0"},"geometry":{"type":"Polygon","coordinates":[[[59.4854,61.9933],[59.9843,61.9028],[60.0566,61.7212],[60.4309,61.7471],[60.7594,61.7036],[61.1652,61.6827],[61.9002,61.4336],[62.4197,61.3051],[62.6201,61.2107],[62.8598,61.0013],[62.7597,60.8594],[62.8812,60.64],[63.22,60.3005],[63.1973,60.242],[63.4375,60.1586],[63.5894,60.155],[63.7955,59.7916],[63.8251,59.477],[63.98,59.4055],[64.3243,59.4112],[65.0016,59.3377],[65.1847,59.2233],[65.3823,58.9191],[65.669,58.6633],[65.9345,58.6144],[66.3802,58.5891],[66.7407,58.6696],[66.7737,58.9297],[66.9511,58.9732],[67.0709,58.9249],[67.2637,59.0204],[67.5645,59.0929],[67.7422,59.2119],[68.1954,59.2415],[68.3581,59.2829],[68.5434,59.5509],[68.844,59.6213],[69.2952,59.7829],[69.0777,59.8932],[69.3061,59.9889],[69.5013,59.9892],[69.6156,59.9049],[70.1549,59.9],[70.3985,59.8175],[70.7976,59.863],[71.0172,59.8226],[71.1934,59.9051],[71.2965,59.7991],[71.9998,59.5658],[72.4372,59.3034],[72.4536,59.2151],[72.6569,59.107],[72.8633,59.1574],[72.9756,59.099],[72.9669,59.0001],[73.0946,58.9462],[73.0321,58.8631],[73.4441,58.8176],[73.6206,58.8536],[73.9995,58.7996],[74.1001,58.7394],[74.7431,58.7481],[74.9809,58.7185],[75.1595,58.6502],[75.6416,58.9824],[75.6869,59.0401],[75.6284,59.2378],[75.8434,59.3233],[76.1717,59.5428],[76.4401,59.5446],[76.6455,59.5851],[76.7415,59.7578],[76.7575,60.0567],[76.6986,60.1173],[76.848,60.2661],[76.7494,60.3469],[76.7796,60.4518],[77.0127,60.5272],[76.9703,60.6491],[77.1361,60.8561],[77.4075,60.8111],[77.7023,60.8252],[77.9411,60.7492],[78.1641,60.8031],[78.4744,60.7775],[78.6749,60.828],[78.8065,60.7798],[79.1685,60.8366],[79.3136,60.7923],[79.3595,60.6636],[79.8533,60.6919],[80.1654,60.6636],[80.4139,60.7606],[80.7235,60.7966],[81.0172,60.7572],[81.1405,60.6367],[81.4977,60.6155],[81.8304,60.6447],[82.139,60.532],[82.3624,60.6006],[82.4074,60.723],[83.1442,61.0282],[83.5036,61.0472],[83.9972,60.8261],[84.2596,60.8555],[84.6481,61.0007],[85.6712,61.2892],[85.6439,61.3876],[85.9504,61.4647],[85.9562,61.55],[85.4796,61.6279],[84.9191,61.7965],[84.6811,61.8153],[84.5201,61.9451],[84.5513,62.0015],[84.4357,62.178],[84.237,62.3767],[84.0959,62.3751],[83.7982,62.5603],[83.3107,62.457],[83.0335,62.5295],[83.01,62.5947],[82.741,62.6802],[82.7327,62.7572],[82.0735,62.8],[81.8398,62.6919],[81.3492,62.8212],[81.0747,63.1174],[80.5842,63.0826],[80.5744,63.019],[80.0732,62.8262],[79.9147,62.792],[79.8201,62.6037],[78.7931,62.6151],[78.3794,62.5678],[77.9665,62.478],[77.889,62.5573],[77.327,62.7104],[77.1322,62.813],[77.0262,62.975],[76.6226,63.0378],[76.2894,62.95],[76.2402,63.0188],[75.8027,63.114],[75.3636,63.1078],[74.9145,63.032],[74.5074,63.0432],[74.2411,63.172],[73.3681,63.2069],[73.1038,63.4363],[72.655,63.2802],[72.1608,63.2992],[71.9637,63.1971],[71.608,63.1852],[71.5691,63.5514],[71.3876,63.6746],[70.9138,63.6924],[70.8132,63.8217],[70.6377,63.9032],[70.5697,64.0154],[70.7548,64.1002],[70.7689,64.1936],[70.4727,64.2516],[70.3069,64.3436],[69.9999,64.3159],[69.6931,64.4],[69.3896,64.3885],[69.2441,64.4658],[68.8592,64.4357],[68.9904,64.3296],[68.8106,64.2212],[68.425,64.296],[68.1786,64.1762],[67.6791,64.079],[67.2807,64.0806],[67.1709,64.1629],[66.8187,64.2256],[66.7959,64.3213],[66.9363,64.487],[66.6816,64.5575],[66.434,64.5152],[66.1461,64.5859],[65.3997,64.5714],[65.1759,64.4458],[64.9952,64.4659],[64.6222,64.4387],[64.4443,64.3562],[64.0162,64.3574],[63.8957,64.2871],[63.6114,64.2685],[63.4171,64.3239],[63.4666,64.4505],[63.2148,64.526],[62.6992,64.4922],[62.532,64.56],[62.8028,64.7263],[62.6787,64.8781],[62.8015,65.0514],[62.8167,65.2916],[62.5165,65.3388],[62.3736,65.4489],[62.2784,65.6229],[62.0185,65.7171],[61.8819,65.7018],[61.5106,65.5005],[61.2631,65.3074],[61.2405,65.1919],[61.0028,65.0603],[60.8309,65.0514],[60.6765,64.9123],[60.305,65.0714],[60.1474,65.0648],[59.6476,64.7724],[59.7041,64.6677],[59.4842,64.4973],[59.6331,64.3437],[59.5884,64.2326],[59.8381,64.0801],[59.5844,63.9383],[59.4938,63.6105],[59.2922,63.3422],[59.3296,63.2739],[59.2317,63.0891],[59.2781,62.9702],[59.4831,62.8924],[59.3941,62.7314],[59.5265,62.5414],[59.6437,62.5103],[59.4041,62.108],[59.4854,61.9933]]]}},{"type":"Feature","properties":{"sourceId":"1159313161","regionId":"region.87a7838f-5e66-49ce-8e61-1e45e86c4dd3","countryId":"country.h03oz0"},"geometry":{"type":"Polygon","coordinates":[[[40.1602,53.3422],[39.9179,53.4162],[39.9068,53.4985],[39.7402,53.5883],[39.5115,53.5254],[39.4154,53.4136],[39.1618,53.3946],[39.0415,53.5496],[38.8954,53.5652],[38.6972,53.5001],[38.7617,53.382],[38.4773,53.31],[38.5954,53.2403],[38.6327,53.1232],[38.3066,52.9741],[38.1077,53.059],[37.9124,53.0726],[37.841,53.0085],[37.7271,52.5969],[37.7828,52.5084],[37.9108,52.4729],[38.0384,52.3445],[37.948,52.2456],[37.7776,52.1615],[37.7471,52.0169],[37.8208,51.9122],[37.997,51.879],[38.2988,51.961],[38.6976,52.0978],[38.8799,52.0925],[38.9944,52.0007],[39.1823,52.0982],[39.4471,52.0822],[39.4966,51.9727],[39.8341,51.9202],[39.913,51.9798],[40.5038,51.9535],[40.5068,52.0219],[40.6969,52.2696],[40.4766,52.3738],[40.3308,52.403],[40.203,52.5116],[39.9531,52.6544],[39.9792,52.7688],[40.0799,52.8042],[40.0705,52.9253],[40.1415,53.0719],[40.1066,53.2757],[40.1602,53.3422]]]}},{"type":"Feature","properties":{"sourceId":"1159313187","regionId":"region.69d82079-aecc-4255-b407-09ee83f22b38","countryId":"country.h03oz0"},"geometry":{"type":"Polygon","coordinates":[[[40.1602,53.3422],[40.1066,53.2757],[40.1415,53.0719],[40.0705,52.9253],[40.0799,52.8042],[39.9792,52.7688],[39.9531,52.6544],[40.203,52.5116],[40.3308,52.403],[40.4766,52.3738],[40.6969,52.2696],[40.5068,52.0219],[40.5038,51.9535],[40.7346,51.9404],[40.9377,51.8902],[40.8919,51.7426],[41.0661,51.7102],[41.2683,51.735],[41.3113,51.7938],[41.5565,51.7667],[41.9522,51.6564],[42.2477,51.6945],[42.2737,51.6004],[42.4892,51.6077],[42.4904,51.6928],[42.6433,51.804],[42.6941,51.9661],[42.806,52.0122],[42.7515,52.1738],[43.0796,52.4027],[43.0416,52.5606],[43.2366,52.6612],[43.0952,52.8217],[42.9054,52.9697],[42.7475,53.0223],[42.3542,53.3682],[42.3122,53.4404],[42.0939,53.5398],[42.1344,53.8122],[41.7483,53.8235],[41.4001,53.7832],[41.3487,53.7411],[41.3537,53.5563],[41.1744,53.4337],[41.0213,53.4895],[40.8395,53.4875],[40.7384,53.56],[40.3175,53.3562],[40.1602,53.3422]]]}},{"type":"Feature","properties":{"sourceId":"1159313233","regionId":"region.9cc98caf-fe8a-447b-8a55-cfa8a1ffc3ed","countryId":"country.h03oz0"},"geometry":{"type":"Polygon","coordinates":[[[84.2596,60.8555],[83.9972,60.8261],[83.5036,61.0472],[83.1442,61.0282],[82.4074,60.723],[82.3624,60.6006],[82.139,60.532],[81.8304,60.6447],[81.4977,60.6155],[81.1405,60.6367],[81.0172,60.7572],[80.7235,60.7966],[80.4139,60.7606],[80.1654,60.6636],[79.8533,60.6919],[79.3595,60.6636],[79.3136,60.7923],[79.1685,60.8366],[78.8065,60.7798],[78.6749,60.828],[78.4744,60.7775],[78.1641,60.8031],[77.9411,60.7492],[77.7023,60.8252],[77.4075,60.8111],[77.1361,60.8561],[76.9703,60.6491],[77.0127,60.5272],[76.7796,60.4518],[76.7494,60.3469],[76.848,60.2661],[76.6986,60.1173],[76.7575,60.0567],[76.7415,59.7578],[76.6455,59.5851],[76.4401,59.5446],[76.1717,59.5428],[75.8434,59.3233],[75.6284,59.2378],[75.6869,59.0401],[75.6416,58.9824],[75.1595,58.6502],[75.1052,58.581],[75.3043,58.4511],[75.0801,58.3535],[75.2219,58.2221],[75.0929,58.1101],[75.5428,57.9409],[75.5805,57.675],[75.7271,57.5989],[75.8586,57.3991],[75.9925,57.3849],[76.1087,57.2503],[76.8022,57.21],[76.9185,57.1879],[78.4443,57.1613],[78.4476,57.1219],[79.5898,56.9286],[80.2486,56.4547],[80.3103,56.4386],[81.1223,56.5326],[81.2146,56.5076],[81.5574,56.2583],[81.9444,56.3395],[82.3424,56.3556],[82.4265,56.3943],[82.8285,56.4405],[82.8565,56.5326],[83.096,56.5493],[83.2517,56.4556],[83.1539,56.3819],[83.2144,56.2121],[83.1276,56.1317],[83.3535,55.9691],[83.2232,55.737],[83.5682,55.6927],[83.9511,56.0049],[84.1968,56.0548],[84.4104,56.0441],[85.1212,56.2159],[85.6879,56.2388],[85.6065,56.3241],[85.7845,56.4062],[86.1116,56.4966],[86.2174,56.6242],[86.3942,56.5493],[86.7067,56.6319],[86.913,56.5555],[87.1298,56.54],[87.1667,56.6756],[87.397,56.616],[87.6204,56.6397],[87.7792,56.548],[88.4189,56.8285],[88.624,56.833],[88.7209,57.0553],[88.5296,57.0958],[88.7264,57.2228],[88.8615,57.4317],[89.0772,57.5147],[89.1668,57.6158],[89.3804,57.6372],[89.3284,57.95],[88.8508,57.9606],[88.6874,58.0366],[88.1557,58.1065],[88.0143,58.2683],[87.9322,58.5261],[88.3826,58.9089],[88.8258,59.0345],[88.6203,59.1988],[88.5859,59.2987],[87.9363,59.2662],[87.8784,59.289],[87.5539,59.6407],[87.2136,59.685],[87.0841,59.8828],[86.6254,59.95],[85.9682,59.9559],[85.4963,59.8916],[84.6919,59.9048],[84.5313,59.975],[84.6319,60.2056],[84.7812,60.356],[84.7083,60.4589],[84.2596,60.8555]]]}},{"type":"Feature","properties":{"sourceId":"1159313215","regionId":"region.1f0de84f-f43e-43ea-b119-b8d6799ffad8","countryId":"country.h03oz0"},"geometry":{"type":"Polygon","coordinates":[[[53.6317,55.9067],[53.2891,55.8583],[53.2765,55.9353],[53.564,56.1811],[53.4272,56.2765],[53.2603,56.2539],[53.3356,56.1565],[53.2731,56.0847],[52.9582,56.2522],[52.945,56.3661],[53.0801,56.5266],[52.9345,56.5381],[52.9081,56.4159],[52.7332,56.3784],[52.562,56.2594],[52.8392,56.1631],[52.6553,56.0178],[52.1954,56.0771],[52.242,55.9645],[52.0645,55.8961],[51.9375,55.9737],[51.8286,55.918],[51.3991,55.9936],[51.5006,56.0824],[51.4365,56.1444],[51.2244,56.0999],[51.0731,56.1305],[50.7056,56.3299],[50.5861,56.3665],[50.3496,56.6695],[50.072,56.6227],[50.1799,56.5495],[50.0246,56.4596],[49.885,56.4418],[49.7645,56.5359],[49.2759,56.3532],[49.037,56.3579],[49.0157,56.2327],[48.6941,55.9646],[48.401,55.8878],[48.4124,55.8294],[48.2054,55.6936],[48.025,55.6305],[48.1008,55.5454],[47.9738,55.4995],[47.8341,55.3421],[48.0166,55.2763],[48.0747,55.1084],[47.9963,54.9682],[47.8031,54.9448],[47.7288,54.8313],[47.4872,54.8576],[47.2419,54.6777],[47.3661,54.5268],[47.6374,54.5654],[47.7536,54.7313],[47.8495,54.7041],[48.0857,54.7663],[48.2899,54.7381],[48.4696,54.6342],[48.8275,54.6478],[49.0144,54.7928],[49.2912,54.8838],[49.4758,54.7754],[49.6155,54.562],[49.7463,54.5742],[50.0775,54.5165],[50.3842,54.4858],[50.5194,54.3298],[50.6969,54.4267],[50.948,54.3476],[51.0038,54.5392],[51.1688,54.6373],[51.3913,54.6015],[51.5135,54.6393],[51.6676,54.5671],[51.936,54.5276],[51.9327,54.4363],[52.0995,54.3885],[52.2227,54.4446],[52.482,54.4672],[52.5385,54.3773],[52.7711,54.347],[53.0009,54.271],[52.9512,54.1958],[53.1414,54.0762],[53.4705,54.0457],[53.3478,54.3816],[53.6069,54.7281],[53.5787,54.8222],[53.4219,54.9822],[53.2692,55.012],[53.1468,55.1466],[53.4184,55.222],[53.5914,55.2119],[53.7227,55.3377],[53.891,55.3812],[53.9969,55.5443],[54.1745,55.6236],[54.1768,55.707],[53.9764,55.8527],[53.6317,55.9067]]]}},{"type":"Feature","properties":{"sourceId":"1159313217","regionId":"region.78d33df8-5d4d-4fce-b258-85dedc5e7ba5","countryId":"country.h03oz0"},"geometry":{"type":"Polygon","coordinates":[[[50.0775,54.5165],[49.7463,54.5742],[49.6155,54.562],[49.4758,54.7754],[49.2912,54.8838],[49.0144,54.7928],[48.8275,54.6478],[48.4696,54.6342],[48.2899,54.7381],[48.0857,54.7663],[47.8495,54.7041],[47.7536,54.7313],[47.6374,54.5654],[47.3661,54.5268],[47.2419,54.6777],[47.063,54.6902],[46.8691,54.6317],[46.4413,54.7722],[46.5333,54.5526],[46.5431,54.4063],[46.719,54.3296],[46.3794,54.2305],[46.0183,54.1894],[45.8791,54.0313],[45.7916,54.0039],[45.9572,54.0054],[46.212,53.9087],[46.1926,53.8503],[46.4683,53.6543],[46.4936,53.5109],[46.7948,53.4085],[46.9059,53.3353],[46.9545,53.1911],[46.9126,53.0792],[46.9832,52.7713],[46.8521,52.726],[46.8307,52.6163],[47.0619,52.5702],[47.4354,52.5698],[47.5308,52.6105],[47.7308,52.5867],[47.7775,52.6803],[47.9173,52.6748],[47.9978,52.7544],[48.2522,52.8101],[48.437,52.7804],[48.5925,52.9194],[48.5217,52.9782],[48.2216,52.9989],[48.0345,53.3146],[47.9485,53.3587],[48.0568,53.4761],[48.3756,53.4712],[48.3313,53.6245],[48.4564,53.6658],[48.4911,53.7705],[48.8743,53.7164],[49.0293,53.8572],[49.2992,53.84],[49.4137,53.8683],[49.6245,53.8146],[49.9572,53.9068],[49.9791,53.9658],[50.1974,54.0381],[50.2562,54.3049],[50.2056,54.4181],[50.0775,54.5165]]]}},{"type":"Feature","properties":{"sourceId":"1159313183","regionId":"region.b4e3b7b6-7111-4402-b42c-c90346dcab7a","countryId":"country.h03oz0"},"geometry":{"type":"Polygon","coordinates":[[[42.1344,53.8122],[42.0939,53.5398],[42.3122,53.4404],[42.3542,53.3682],[42.7475,53.0223],[42.9054,52.9697],[43.0952,52.8217],[43.2366,52.6612],[43.0416,52.5606],[43.0796,52.4027],[43.193,52.4623],[43.3527,52.3925],[43.747,52.4334],[44.044,52.3495],[44.3467,52.3161],[44.5003,52.5212],[44.8725,52.434],[44.9096,52.3775],[45.4315,52.4005],[45.6444,52.5186],[45.9806,52.4072],[45.9715,52.4856],[46.2888,52.6719],[46.5162,52.695],[46.8307,52.6163],[46.8521,52.726],[46.9832,52.7713],[46.9126,53.0792],[46.9545,53.1911],[46.9059,53.3353],[46.7948,53.4085],[46.4936,53.5109],[46.4683,53.6543],[46.1926,53.8503],[46.212,53.9087],[45.9572,54.0054],[45.7916,54.0039],[45.6462,53.9302],[45.3393,53.8849],[45.1762,53.9788],[44.8828,53.9691],[44.6165,53.8915],[44.7295,53.6997],[44.5339,53.6643],[44.0994,53.7356],[43.8769,53.8097],[43.933,53.8618],[43.7518,53.9632],[43.5278,54.0146],[43.1816,54.0011],[43.1063,53.9092],[43.1704,53.8392],[42.9398,53.8011],[42.6309,53.8076],[42.513,53.7372],[42.3077,53.8475],[42.1344,53.8122]]]}},{"type":"Feature","properties":{"sourceId":"1159313243","regionId":"region.52b53b63-31d5-45ce-8a0f-3b5611d6c39a","countryId":"country.h03oz0"},"geometry":{"type":"Polygon","coordinates":[[[88.624,56.833],[88.4189,56.8285],[87.7792,56.548],[87.6204,56.6397],[87.397,56.616],[87.1667,56.6756],[87.1298,56.54],[86.913,56.5555],[86.7067,56.6319],[86.3942,56.5493],[86.2174,56.6242],[86.1116,56.4966],[85.7845,56.4062],[85.6065,56.3241],[85.6879,56.2388],[85.1212,56.2159],[84.4104,56.0441],[84.5665,55.9614],[84.6056,55.8407],[84.5656,55.7088],[84.7093,55.6618],[84.771,55.5398],[84.731,55.3912],[84.8755,55.3885],[84.8226,55.2462],[84.9158,55.1653],[84.8826,54.9853],[85.0761,54.8683],[84.9545,54.7445],[85.0433,54.6623],[84.9483,54.6041],[85.0794,54.4694],[85.16,54.4872],[85.4348,54.2115],[85.577,54.2318],[85.9438,54.0399],[86.1175,54.0002],[86.4056,53.7509],[86.4548,53.614],[86.7234,53.4841],[86.9835,53.4074],[86.7052,53.1963],[86.9433,53.0795],[87.077,53.0752],[87.0261,52.921],[86.9445,52.8624],[87.1732,52.6116],[87.334,52.5975],[87.3703,52.5183],[87.6355,52.4498],[87.9238,52.5476],[88.201,52.4159],[88.4132,52.4551],[88.3648,52.168],[88.6881,52.2567],[88.6761,52.3525],[88.9446,52.488],[89.1151,52.6264],[89.0432,52.6781],[89.2356,52.81],[89.1182,52.92],[88.8951,52.9874],[89.0491,53.1305],[89.0506,53.2494],[88.8952,53.3866],[88.8339,53.5846],[89.0112,53.6794],[89.0183,53.7423],[89.2604,53.8348],[89.0727,53.9526],[88.9815,54.0652],[89.1872,54.1474],[89.2186,54.2425],[89.1292,54.3505],[88.7977,54.4071],[88.5608,54.2877],[88.5186,54.4161],[88.603,54.5217],[88.6126,54.6969],[88.7531,54.8046],[88.5467,55.0232],[88.55,55.0834],[88.3965,55.279],[88.6088,55.4456],[88.6823,55.516],[89.0616,55.6929],[89.3628,55.7725],[89.3298,55.9022],[89.1987,56.1346],[88.9132,56.3098],[88.5925,56.4436],[88.5167,56.6266],[88.6612,56.6363],[88.7211,56.7317],[88.624,56.833]]]}},{"type":"Feature","properties":{"sourceId":"1159313167","regionId":"region.58cf8697-d12e-4ac6-9d23-9ea26173fa97","countryId":"country.h03oz0"},"geometry":{"type":"Polygon","coordinates":[[[37.841,53.0085],[37.7874,53.0889],[37.5613,53.1688],[37.5683,53.289],[37.3272,53.3032],[37.1969,53.2507],[36.8073,53.2966],[36.6668,53.4159],[36.398,53.4285],[36.2202,53.5703],[36.0096,53.6183],[35.9106,53.644],[35.7658,53.5191],[35.6371,53.5432],[35.4221,53.4043],[35.3557,53.2842],[35.1035,53.3108],[35.1821,53.1016],[35.1565,52.9695],[34.967,52.9703],[34.8049,52.8682],[35.0915,52.698],[34.9896,52.5105],[34.8329,52.424],[34.8968,52.3532],[35.1237,52.3346],[35.3963,52.414],[35.8926,52.2745],[36.357,52.3658],[36.5523,52.2153],[36.8202,52.1203],[37.1583,52.072],[37.3535,51.9362],[37.4807,52.0095],[37.6518,51.9711],[37.7471,52.0169],[37.7776,52.1615],[37.948,52.2456],[38.0384,52.3445],[37.9108,52.4729],[37.7828,52.5084],[37.7271,52.5969],[37.841,53.0085]]]}},{"type":"Feature","properties":{"sourceId":"1159313609","regionId":"region.8394b20a-eea3-4d27-9e0e-22191c4abbcc","countryId":"country.h03oz0"},"geometry":{"type":"Polygon","coordinates":[[[108.0265,64.2235],[108.2236,64.2034],[108.3201,64.039],[108.2629,63.9959],[107.6798,63.9892],[107.5503,63.857],[107.3725,63.8655],[107.2024,63.9569],[107.0526,63.8918],[106.7644,63.9957],[106.6799,63.9306],[106.7934,63.8424],[106.6295,63.6968],[106.6914,63.6363],[106.5168,63.483],[106.7253,63.375],[106.6614,63.2967],[106.3683,63.2724],[106.4033,63.1133],[106.1256,63.0482],[106.2253,62.8938],[106.4349,62.8467],[106.4948,62.6919],[106.7257,62.5877],[106.7139,62.4876],[106.4791,62.3285],[106.4039,62.0307],[106.2181,62.0032],[105.9022,61.8349],[105.9414,61.6854],[105.7176,61.6496],[105.3675,61.5298],[105.2532,61.4199],[104.904,61.3675],[105.0046,61.1976],[104.8366,61.1762],[104.4597,60.8388],[104.5945,60.7352],[104.5232,60.6449],[104.6762,60.3999],[104.8892,60.3017],[105.4758,60.2539],[105.4238,60.1229],[105.4848,60.0219],[105.3772,59.8217],[105.1864,59.8585],[104.7988,59.6909],[104.8832,59.5254],[104.9857,59.4611],[105.2253,59.4293],[105.1957,59.3033],[105.2881,59.2642],[105.3535,59.1079],[104.9483,58.9586],[104.7591,58.8205],[104.8725,58.7185],[104.7867,58.6663],[104.4582,58.6023],[104.3738,58.7133],[103.9487,58.7739],[103.8895,58.9026],[103.6929,58.9232],[103.3752,59.0341],[103.246,59.1801],[103.2393,59.2836],[102.9988,59.3154],[102.7593,59.1994],[102.4549,59.1531],[102.4386,58.9437],[102.5373,58.8966],[102.5197,58.7279],[102.3111,58.6423],[102.1617,58.5156],[101.7736,58.4533],[101.6785,58.4067],[101.5309,58.2253],[101.2976,58.2193],[101.1373,57.9854],[100.9705,57.8705],[100.8014,57.673],[100.9553,57.5553],[100.9114,57.4515],[100.7156,57.4129],[100.4187,57.5418],[100.2754,57.8048],[100.1293,57.8668],[100.0173,58.0815],[99.7028,58.0857],[99.4975,57.929],[99.4109,57.7955],[99.0799,57.7704],[98.9616,57.7233],[98.7675,57.7907],[97.9867,57.8219],[97.934,57.8113],[97.3549,57.0605],[97.4888,56.9637],[97.4685,56.8274],[97.7653,56.788],[97.7623,56.5591],[97.8682,56.5548],[97.8407,56.3931],[97.5914,56.3867],[97.5649,56.1896],[97.3519,56.0512],[97.1253,56.1017],[96.9865,56.0183],[96.96,55.8609],[96.7601,55.7461],[96.7528,55.6507],[96.918,55.3295],[96.7199,55.2649],[96.6847,55.0849],[96.5862,55.0191],[96.7119,54.9266],[96.5649,54.6969],[96.495,54.5105],[96.3514,54.5619],[96.0388,54.5582],[95.8969,54.3893],[95.7167,54.3879],[95.6782,54.2342],[95.919,54.1557],[96.0793,54.0627],[96.1259,53.9724],[96.4055,53.7833],[96.5051,53.6844],[96.6841,53.6385],[96.8749,53.7291],[97.1352,53.613],[97.3284,53.5964],[97.4478,53.4615],[97.6988,53.3789],[97.9715,53.3516],[98.0308,53.2526],[98.2795,53.2257],[98.3032,53.1037],[98.6152,53.1075],[98.6979,53.1548],[99.0557,53.1038],[98.9893,53.0345],[99.2498,52.9538],[99.379,53.1128],[99.6902,53.132],[99.8782,53.2994],[100.0798,53.3003],[100.2605,53.3748],[100.401,53.2342],[100.3627,53.1368],[100.6064,52.9436],[101.4756,52.5711],[101.9104,52.3171],[102.0457,52.2122],[102.188,52.2758],[102.3204,52.2313],[102.5421,52.2276],[102.777,51.9846],[103.0647,51.8827],[103.2216,51.7883],[103.1814,51.6208],[103.335,51.4342],[103.5763,51.4792],[103.8187,51.3878],[103.8137,51.1319],[104.0981,51.2182],[104.2124,51.2811],[104.4942,51.309],[104.6094,51.2683],[104.6499,51.6224],[105.1231,51.7311],[105.4612,51.8633],[105.7515,52.031],[105.9916,52.2209],[106.1983,52.4402],[108.041,53.1927],[108.4235,53.7832],[109.0073,54.4249],[109.0221,54.4936],[108.6709,54.5469],[108.6404,54.6011],[108.7161,54.7851],[108.6903,55.0623],[108.7822,55.1695],[108.6513,55.3132],[108.6222,55.4559],[108.7714,55.6233],[108.8541,55.8663],[109.105,56.0217],[108.9912,56.0397],[108.799,56.2574],[108.557,56.3457],[108.7186,56.4994],[108.699,56.5829],[108.9296,56.5882],[109.1431,56.6761],[109.3137,56.6717],[109.4102,56.7349],[109.7804,56.7111],[109.8869,56.8909],[109.989,56.969],[110.3991,56.9212],[110.5319,56.8467],[110.7525,56.8741],[111.1337,56.8147],[111.3632,56.8948],[111.3367,56.95],[111.4625,57.1025],[111.8543,56.9133],[112.1096,56.9444],[112.2349,56.8777],[112.4439,56.863],[112.6621,56.9597],[112.762,56.7525],[112.8855,56.6967],[113.3558,56.6264],[113.5468,56.6716],[114.0102,56.5453],[114.1272,56.676],[114.4985,56.6709],[114.7953,56.7097],[114.8507,56.8367],[115.0504,56.9907],[115.0859,57.1186],[115.4499,57.097],[115.6978,57.1367],[115.8522,57.2401],[116.1557,57.2285],[116.1703,57.1414],[115.8048,57.0313],[115.7108,56.9635],[115.8602,56.9324],[116.122,56.8127],[116.3616,56.8473],[116.6291,56.7485],[116.815,56.7262],[117.1795,56.866],[117.5708,56.8512],[117.6725,56.9775],[117.6009,57.1497],[117.7943,57.2874],[117.5971,57.3212],[117.427,57.2637],[117.2571,57.509],[117.2823,57.6172],[117.1404,57.6684],[117.1283,57.8416],[117.313,57.847],[117.4377,58.1518],[117.5878,58.1843],[117.4709,58.304],[117.6838,58.398],[118.1421,58.3859],[118.3174,58.3525],[118.4051,58.2615],[118.6304,58.1752],[118.7841,58.2128],[119.1081,58.2227],[119.0704,58.3412],[119.1324,58.4723],[118.8212,58.5743],[118.8929,58.8164],[118.7072,59.0638],[118.6887,59.1915],[118.8397,59.3004],[118.7339,59.4198],[118.4073,59.5123],[118.336,59.5956],[118.0583,59.5826],[117.906,59.4439],[117.7786,59.5283],[117.5975,59.4723],[117.3524,59.4974],[117.0893,59.5884],[117.1904,59.6464],[117.2282,59.7983],[117.0651,59.9079],[117.0766,60.0292],[116.9543,60.1686],[116.5824,60.3599],[116.0754,60.4069],[115.6863,60.5262],[115.3947,60.4871],[115.1122,60.3946],[115.0068,60.2685],[114.8359,60.1904],[114.6971,60.2192],[114.5402,60.1021],[114.5455,59.9854],[114.309,59.8789],[114.0302,59.6811],[113.8493,59.6816],[113.7793,59.6086],[113.4352,59.4023],[113.4647,59.2663],[113.2642,59.1569],[113.1522,59.1645],[112.5544,59.0334],[112.4652,59.1678],[112.6311,59.3105],[112.4354,59.3263],[112.2179,59.5004],[111.9325,59.2719],[111.7758,59.2758],[111.6253,59.2073],[111.4701,59.2673],[111.1638,59.1894],[110.7135,59.2589],[110.4709,59.0336],[110.1193,58.9804],[109.6364,59.066],[109.4988,59.2944],[109.2678,59.316],[109.2694,59.4491],[109.5174,59.6296],[109.5037,59.7638],[109.6504,59.8706],[109.7639,60.027],[109.6944,60.1286],[109.9168,60.4506],[110.1162,60.5871],[110.0568,60.6739],[110.2684,60.702],[110.2397,60.831],[110.4584,60.9883],[110.4814,61.1592],[110.1688,61.1641],[110.0944,61.2626],[109.7924,61.3252],[109.8513,61.5573],[109.62,61.7181],[109.5978,61.8704],[109.9995,62.1635],[109.9182,62.4063],[109.5567,62.4314],[109.3059,62.4836],[109.6144,62.8737],[109.4654,62.9496],[109.453,63.149],[109.2155,63.4418],[109.0527,63.5491],[108.8571,63.5369],[108.5471,63.599],[108.1596,63.5629],[108.2794,63.7964],[108.6868,63.7954],[108.7352,63.9771],[108.495,64.1157],[108.4675,64.2817],[108.0265,64.2235]]]}},{"type":"Feature","properties":{"sourceId":"1159313245","regionId":"region.b60fe3d3-b117-42ba-af74-b358d4ad8c12","countryId":"country.h03oz0"},"geometry":{"type":"Polygon","coordinates":[[[88.6088,55.4456],[88.3965,55.279],[88.55,55.0834],[88.5467,55.0232],[88.7531,54.8046],[88.6126,54.6969],[88.603,54.5217],[88.5186,54.4161],[88.5608,54.2877],[88.7977,54.4071],[89.1292,54.3505],[89.2186,54.2425],[89.1872,54.1474],[88.9815,54.0652],[89.0727,53.9526],[89.2604,53.8348],[89.0183,53.7423],[89.0112,53.6794],[88.8339,53.5846],[88.8952,53.3866],[89.0506,53.2494],[89.0491,53.1305],[88.8951,52.9874],[89.1182,52.92],[89.2356,52.81],[89.0432,52.6781],[89.1151,52.6264],[88.9446,52.488],[88.6761,52.3525],[88.6881,52.2567],[88.3648,52.168],[88.1215,52.0983],[87.8391,51.8106],[88.0864,51.7136],[87.8615,51.5494],[88.1316,51.3859],[88.3637,51.3198],[88.5077,51.3164],[88.6654,51.4236],[88.7357,51.5594],[89.2327,51.6448],[89.5806,51.553],[89.7304,51.5822],[89.9429,51.7502],[90.1046,51.7677],[90.0275,51.9844],[90.1237,52.1286],[90.3594,52.1918],[90.4766,52.1834],[90.7003,52.4582],[91.038,52.6602],[91.2419,52.7475],[91.3963,52.868],[91.3511,53.0775],[91.6599,53.1585],[91.8412,53.2883],[91.744,53.4467],[91.4697,53.5139],[91.3266,53.8167],[91.4651,53.966],[91.4639,54.0565],[91.2096,54.3382],[91.159,54.4879],[90.855,54.6267],[90.9153,54.7911],[90.7149,54.8312],[90.6848,54.9047],[90.4583,54.8708],[90.4355,55.0163],[90.1292,55.1052],[89.904,55.0861],[89.6578,55.0031],[89.55,55.0464],[89.2008,54.9904],[89.1474,55.0763],[88.9661,55.1848],[88.9502,55.2891],[88.7598,55.3441],[88.6088,55.4456]]]}},{"type":"Feature","properties":{"sourceId":"1159313181","regionId":"region.62e72eda-b8e9-4ccf-a809-e2023f87f294","countryId":"country.h03oz0"},"geometry":{"type":"Polygon","coordinates":[[[42.3077,53.8475],[42.513,53.7372],[42.6309,53.8076],[42.9398,53.8011],[43.1704,53.8392],[43.1063,53.9092],[43.1816,54.0011],[43.5278,54.0146],[43.7518,53.9632],[43.933,53.8618],[43.8769,53.8097],[44.0994,53.7356],[44.5339,53.6643],[44.7295,53.6997],[44.6165,53.8915],[44.8828,53.9691],[45.1762,53.9788],[45.3393,53.8849],[45.6462,53.9302],[45.7916,54.0039],[45.8791,54.0313],[46.0183,54.1894],[46.3794,54.2305],[46.719,54.3296],[46.5431,54.4063],[46.5333,54.5526],[46.4413,54.7722],[46.4147,54.8954],[46.0557,55.0421],[45.8153,54.9997],[45.7103,55.1768],[45.6047,55.1638],[45.4391,55.0332],[45.4244,54.8818],[45.2662,54.8728],[45.0411,54.7144],[45.0914,54.6589],[44.9172,54.4762],[44.5974,54.5796],[44.5398,54.5304],[44.1072,54.6458],[44.0914,54.7337],[43.9491,54.807],[43.6895,54.8306],[43.6105,54.9011],[43.369,54.9497],[43.1552,54.9027],[43.0977,54.7988],[42.6364,54.7867],[42.4668,54.8713],[42.3905,54.807],[42.6993,54.5824],[42.5566,54.4922],[42.4628,54.2539],[42.596,54.1765],[42.3077,53.8475]]]}},{"type":"Feature","properties":{"sourceId":"1159313135","regionId":"region.b2ea3f58-0167-44e3-8cb6-61c97f46287e","countryId":"country.h03oz0"},"geometry":{"type":"Polygon","coordinates":[[[36.0096,53.6183],[35.9315,53.7861],[35.9887,53.9163],[36.1113,53.961],[36.2372,54.2291],[36.7145,54.3172],[36.8914,54.2832],[36.9654,54.3958],[36.8484,54.4722],[36.805,54.6099],[37.0886,54.5488],[37.2076,54.6877],[37.259,54.8358],[37.12,54.9908],[37.0842,55.0958],[36.9043,55.2291],[36.5863,55.3087],[36.4229,55.3187],[36.238,55.1937],[35.5786,55.2905],[35.3697,55.2388],[35.2845,55.1121],[34.8173,54.7094],[34.4996,54.632],[34.4158,54.4508],[34.3261,54.4296],[34.1075,54.5503],[33.7287,54.5617],[33.6167,54.381],[33.6837,54.3213],[33.5012,54.0158],[33.6823,54.0264],[33.8598,53.8787],[34.1992,53.8916],[34.4895,53.6665],[34.4882,53.5441],[34.6726,53.3901],[35.0174,53.3808],[35.1035,53.3108],[35.3557,53.2842],[35.4221,53.4043],[35.6371,53.5432],[35.7658,53.5191],[35.9106,53.644],[36.0096,53.6183]]]}},{"type":"Feature","properties":{"sourceId":"1159313125","regionId":"region.6d310d8e-be90-4de5-a488-ac665766486b","countryId":"country.h03oz0"},"geometry":{"type":"Polygon","coordinates":[[[40.926,58.5791],[41.0342,58.5221],[41.1639,58.3609],[40.8888,58.1982],[40.8847,58.1255],[40.6264,57.9404],[40.6226,57.6549],[40.3852,57.4976],[40.448,57.441],[40.4452,57.2763],[40.5707,57.3164],[41.0729,57.3475],[41.6044,57.5242],[41.5672,57.7042],[41.63,57.7499],[41.886,57.6856],[42.0259,57.589],[42.1862,57.5598],[42.404,57.6326],[42.851,57.6671],[42.8533,57.3943],[43.2635,57.4244],[43.3123,57.5171],[43.5424,57.5669],[43.7274,57.4658],[43.9954,57.4395],[44.3032,57.517],[44.6123,57.7067],[44.7277,57.7036],[44.8646,57.8798],[44.7927,57.955],[44.8626,58.0754],[45.155,58.0798],[45.4621,58.0353],[45.5565,57.9385],[45.8172,58.0471],[46.3413,58.0746],[46.4237,58.3469],[46.6873,58.5669],[46.9472,58.6066],[47.1199,58.775],[47.3129,58.8069],[47.2819,58.893],[47.6022,58.9067],[47.5709,59.0599],[47.2392,59.2202],[47.2524,59.3555],[47.0563,59.3785],[47.1135,59.6113],[46.757,59.6069],[46.4064,59.6325],[46.3563,59.347],[46.1823,59.3452],[46.0036,59.2821],[45.9183,59.1844],[45.3662,59.1985],[45.0911,59.1842],[44.9911,59.1216],[44.207,59.1717],[43.7418,59.2595],[43.5817,59.1885],[43.498,59.2943],[43.2941,59.2181],[43.1506,59.2614],[42.7996,59.1704],[42.6315,59.3082],[42.197,59.3035],[42.0581,59.427],[41.959,59.2777],[42.0899,59.2297],[42.0119,59.1183],[41.5219,59.0369],[41.2454,58.9023],[41.1459,58.785],[41.2176,58.7401],[40.926,58.5791]]]}},{"type":"Feature","properties":{"sourceId":"1159313133","regionId":"region.9adc165a-7558-4ced-a72b-077a6dffc51e","countryId":"country.h03oz0"},"geometry":{"type":"Polygon","coordinates":[[[40.926,58.5791],[40.5651,58.5905],[40.1608,58.5586],[39.969,58.7595],[39.6195,58.8945],[39.1188,58.9538],[38.9159,58.7444],[38.55,58.7772],[38.4782,58.706],[38.0476,58.7357],[37.9409,58.6413],[37.7166,58.6217],[37.6263,58.4902],[37.4491,58.4075],[37.3497,58.239],[37.6735,58.083],[37.4844,57.9808],[37.3665,57.9771],[37.3909,57.828],[37.81,57.608],[37.7943,57.4426],[37.9842,57.3592],[38.3064,57.2763],[38.1429,57.197],[38.2498,57.1288],[38.1993,56.8942],[38.2565,56.7702],[38.3741,56.6966],[38.6292,56.581],[38.8474,56.5976],[39,56.5428],[39.1211,56.5937],[39.2716,56.5383],[39.3098,56.6844],[39.4172,56.7721],[39.3868,56.8354],[39.5273,56.9558],[39.5202,57.0269],[39.844,57.1289],[39.8417,57.1768],[40.1925,57.2128],[40.4452,57.2763],[40.448,57.441],[40.3852,57.4976],[40.6226,57.6549],[40.6264,57.9404],[40.8847,58.1255],[40.8888,58.1982],[41.1639,58.3609],[41.0342,58.5221],[40.926,58.5791]]]}},{"type":"Feature","properties":{"sourceId":"1159313189","regionId":"region.fc98e0dc-88bf-4a8b-ab47-2f01e518346f","countryId":"country.h03oz0"},"geometry":{"type":"Polygon","coordinates":[[[39.4172,56.7721],[39.3098,56.6844],[39.2716,56.5383],[39.1211,56.5937],[39,56.5428],[38.8474,56.5976],[38.6292,56.581],[38.3741,56.6966],[38.3296,56.5623],[38.4124,56.369],[38.4028,56.2642],[38.5623,56.0832],[38.6056,55.9589],[38.8394,55.9009],[39.0158,55.9252],[39.1231,55.8298],[39.3098,55.8306],[39.3581,55.761],[39.8231,55.8328],[40.085,55.6126],[40.2065,55.3093],[40.5168,55.3277],[40.6115,55.2071],[40.9646,55.2604],[41.0466,55.1832],[41.2103,55.2212],[41.4116,55.131],[41.7832,55.1191],[41.933,55.3299],[42.117,55.4217],[42.0557,55.6129],[42.281,55.77],[42.4864,55.8519],[42.565,55.9691],[42.6941,56.0028],[42.6862,56.1221],[42.7608,56.3061],[42.5879,56.4202],[42.2886,56.4713],[42.0664,56.3684],[41.9577,56.3906],[41.9339,56.5168],[41.0528,56.4751],[40.7147,56.5985],[40.4908,56.5838],[40.1559,56.4343],[39.9426,56.5299],[39.8588,56.7796],[39.6794,56.8218],[39.4172,56.7721]]]}},{"type":"Feature","properties":{"sourceId":"1159313185","regionId":"region.7821af78-3dd1-4288-bf03-39ec0461300e","countryId":"country.h03oz0"},"geometry":{"type":"Polygon","coordinates":[[[38.8954,53.5652],[39.0415,53.5496],[39.1618,53.3946],[39.4154,53.4136],[39.5115,53.5254],[39.7402,53.5883],[39.9068,53.4985],[39.9179,53.4162],[40.1602,53.3422],[40.3175,53.3562],[40.7384,53.56],[40.8395,53.4875],[41.0213,53.4895],[41.1744,53.4337],[41.3537,53.5563],[41.3487,53.7411],[41.4001,53.7832],[41.7483,53.8235],[42.1344,53.8122],[42.3077,53.8475],[42.596,54.1765],[42.4628,54.2539],[42.5566,54.4922],[42.6993,54.5824],[42.3905,54.807],[42.4668,54.8713],[42.4397,55.013],[42.1667,54.949],[41.7832,55.1191],[41.4116,55.131],[41.2103,55.2212],[41.0466,55.1832],[40.9646,55.2604],[40.6115,55.2071],[40.5168,55.3277],[40.2065,55.3093],[40.0014,55.2004],[39.827,55.1826],[39.8882,55.0813],[39.6845,55.0207],[39.3977,54.8761],[39.2157,54.6322],[38.8204,54.6019],[38.7977,54.4512],[38.6751,54.2447],[38.7137,54.0013],[38.9093,53.7534],[38.8954,53.5652]]]}},{"type":"Feature","properties":{"sourceId":"1159313123","regionId":"region.2e926be1-0f51-44c6-b597-4ff4828ea912","countryId":"country.h03oz0"},"geometry":{"type":"Polygon","coordinates":[[[43.7274,57.4658],[43.5424,57.5669],[43.3123,57.5171],[43.2635,57.4244],[42.8533,57.3943],[42.851,57.6671],[42.404,57.6326],[42.1862,57.5598],[42.0259,57.589],[41.886,57.6856],[41.63,57.7499],[41.5672,57.7042],[41.6044,57.5242],[41.0729,57.3475],[40.5707,57.3164],[40.4452,57.2763],[40.1925,57.2128],[39.8417,57.1768],[39.844,57.1289],[39.5202,57.0269],[39.5273,56.9558],[39.3868,56.8354],[39.4172,56.7721],[39.6794,56.8218],[39.8588,56.7796],[39.9426,56.5299],[40.1559,56.4343],[40.4908,56.5838],[40.7147,56.5985],[41.0528,56.4751],[41.9339,56.5168],[41.9577,56.3906],[42.0664,56.3684],[42.2886,56.4713],[42.5879,56.4202],[42.648,56.4806],[42.8819,56.4716],[42.7866,56.669],[42.83,56.8023],[42.9776,56.8418],[43.339,56.8607],[43.5013,56.9064],[43.6696,57.0427],[43.5143,57.1176],[43.5386,57.2618],[43.6888,57.2792],[43.7274,57.4658]]]}},{"type":"Feature","properties":{"sourceId":"1159313127","regionId":"region.5cc733a1-3709-4389-97d7-5260576f0012","countryId":"country.h03oz0"},"geometry":{"type":"Polygon","coordinates":[[[42.4668,54.8713],[42.6364,54.7867],[43.0977,54.7988],[43.1552,54.9027],[43.369,54.9497],[43.6105,54.9011],[43.6895,54.8306],[43.9491,54.807],[44.0914,54.7337],[44.1072,54.6458],[44.5398,54.5304],[44.5974,54.5796],[44.9172,54.4762],[45.0914,54.6589],[45.0411,54.7144],[45.2662,54.8728],[45.4244,54.8818],[45.4391,55.0332],[45.6047,55.1638],[45.7103,55.1768],[45.8153,54.9997],[46.0557,55.0421],[46.0979,55.2042],[46.2286,55.2733],[46.2535,55.3854],[46.3841,55.4631],[46.1397,55.5238],[45.9201,55.688],[46.0938,55.808],[46.0988,55.9408],[46.214,56.0498],[46.0922,56.0564],[46.0677,56.1819],[45.8738,56.2588],[45.949,56.4332],[45.6627,56.4609],[45.651,56.5908],[45.8589,56.6291],[45.9586,56.8721],[46.601,56.92],[46.7149,56.9663],[46.7626,57.0302],[46.6952,57.3205],[46.7501,57.5173],[47.0542,57.4983],[47.2487,57.5673],[47.471,57.5285],[47.5721,57.8104],[47.7623,57.876],[47.7031,57.9584],[47.3542,58.0255],[46.4299,58.0205],[46.3413,58.0746],[45.8172,58.0471],[45.5565,57.9385],[45.4621,58.0353],[45.155,58.0798],[44.8626,58.0754],[44.7927,57.955],[44.8646,57.8798],[44.7277,57.7036],[44.6123,57.7067],[44.3032,57.517],[43.9954,57.4395],[43.7274,57.4658],[43.6888,57.2792],[43.5386,57.2618],[43.5143,57.1176],[43.6696,57.0427],[43.5013,56.9064],[43.339,56.8607],[42.9776,56.8418],[42.83,56.8023],[42.7866,56.669],[42.8819,56.4716],[42.648,56.4806],[42.5879,56.4202],[42.7608,56.3061],[42.6862,56.1221],[42.6941,56.0028],[42.565,55.9691],[42.4864,55.8519],[42.281,55.77],[42.0557,55.6129],[42.117,55.4217],[41.933,55.3299],[41.7832,55.1191],[42.1667,54.949],[42.4397,55.013],[42.4668,54.8713]]]}},{"type":"Feature","properties":{"sourceId":"1159313171","regionId":"region.756ceade-0291-4894-a632-f293df35c892","countryId":"country.h03oz0"},"geometry":{"type":"Polygon","coordinates":[[[38.8954,53.5652],[38.9093,53.7534],[38.7137,54.0013],[38.6751,54.2447],[38.5212,54.2888],[38.3904,54.4686],[38.4622,54.6403],[38.2188,54.6596],[38.0393,54.7137],[37.9386,54.8323],[37.7499,54.8203],[37.7583,54.7362],[37.5643,54.7365],[37.4608,54.8223],[37.259,54.8358],[37.2076,54.6877],[37.0886,54.5488],[36.805,54.6099],[36.8484,54.4722],[36.9654,54.3958],[36.8914,54.2832],[36.7145,54.3172],[36.2372,54.2291],[36.1113,53.961],[35.9887,53.9163],[35.9315,53.7861],[36.0096,53.6183],[36.2202,53.5703],[36.398,53.4285],[36.6668,53.4159],[36.8073,53.2966],[37.1969,53.2507],[37.3272,53.3032],[37.5683,53.289],[37.5613,53.1688],[37.7874,53.0889],[37.841,53.0085],[37.9124,53.0726],[38.1077,53.059],[38.3066,52.9741],[38.6327,53.1232],[38.5954,53.2403],[38.4773,53.31],[38.7617,53.382],[38.6972,53.5001],[38.8954,53.5652]]]}},{"type":"Feature","properties":{"sourceId":"1159313205","regionId":"region.e8462e7f-270d-40ac-bf81-14b3885bf10b","countryId":"country.h03oz0"},"geometry":{"type":"Polygon","coordinates":[[[48.4124,55.8294],[48.024,55.9366],[47.9051,56.1138],[47.4367,56.1885],[47.3847,56.3301],[47.0557,56.2877],[46.658,56.1195],[46.4024,56.1192],[46.214,56.0498],[46.0988,55.9408],[46.0938,55.808],[45.9201,55.688],[46.1397,55.5238],[46.3841,55.4631],[46.2535,55.3854],[46.2286,55.2733],[46.0979,55.2042],[46.0557,55.0421],[46.4147,54.8954],[46.4413,54.7722],[46.8691,54.6317],[47.063,54.6902],[47.2419,54.6777],[47.4872,54.8576],[47.7288,54.8313],[47.8031,54.9448],[47.9963,54.9682],[48.0747,55.1084],[48.0166,55.2763],[47.8341,55.3421],[47.9738,55.4995],[48.1008,55.5454],[48.025,55.6305],[48.2054,55.6936],[48.4124,55.8294]]]}},{"type":"Feature","properties":{"sourceId":"1159313131","regionId":"region.7ecb7b0b-bb8f-4f5b-bf9f-762d120a816c","countryId":"country.h03oz0"},"geometry":{"type":"Polygon","coordinates":[[[37.7729,61.5221],[37.2783,61.5005],[36.9964,61.5944],[36.8734,61.5449],[36.5776,61.5295],[36.4668,61.4066],[35.6039,61.1883],[35.686,61.1209],[35.4893,60.9595],[35.4399,60.8616],[35.1541,60.7873],[35.2586,60.5853],[35.2311,60.3412],[35.1474,60.2688],[35.1571,60.067],[35.3825,59.8754],[35.4958,59.5535],[35.3237,59.5067],[35.4485,59.4277],[35.3012,59.301],[34.9005,59.2379],[34.7299,59.1032],[34.8315,58.991],[35.1308,58.9373],[35.1246,58.815],[35.2657,58.7648],[35.3985,58.8435],[35.7512,58.8265],[35.8361,58.7447],[36.1263,58.6955],[36.1733,58.525],[36.3236,58.4998],[36.5206,58.5585],[36.8156,58.7582],[36.8642,58.8428],[37.1222,58.866],[37.1875,58.7709],[37.6263,58.4902],[37.7166,58.6217],[37.9409,58.6413],[38.0476,58.7357],[38.4782,58.706],[38.55,58.7772],[38.9159,58.7444],[39.1188,58.9538],[39.6195,58.8945],[39.969,58.7595],[40.1608,58.5586],[40.5651,58.5905],[40.926,58.5791],[41.2176,58.7401],[41.1459,58.785],[41.2454,58.9023],[41.5219,59.0369],[42.0119,59.1183],[42.0899,59.2297],[41.959,59.2777],[42.0581,59.427],[42.197,59.3035],[42.6315,59.3082],[42.7996,59.1704],[43.1506,59.2614],[43.2941,59.2181],[43.498,59.2943],[43.5817,59.1885],[43.7418,59.2595],[44.207,59.1717],[44.9911,59.1216],[45.0911,59.1842],[45.3662,59.1985],[45.9183,59.1844],[46.0036,59.2821],[46.1823,59.3452],[46.3563,59.347],[46.4064,59.6325],[46.757,59.6069],[47.1135,59.6113],[47.1126,59.7527],[46.9226,59.8439],[47.0364,60.0995],[46.6085,60.0673],[46.4041,60.1068],[46.3491,60.2144],[46.4408,60.2714],[46.7495,60.2611],[46.8625,60.5073],[47.0488,60.5752],[46.9591,60.6602],[47.0429,60.8538],[46.7533,60.9071],[46.7365,60.9861],[46.5271,61.0513],[46.2851,60.9678],[45.7666,61.0546],[45.7227,61.1794],[45.3324,61.1893],[45.2291,60.9039],[44.2058,60.9718],[44.1585,61.0824],[43.776,61.0208],[43.7154,60.8845],[43.5361,60.8531],[43.5109,60.7675],[43.1499,60.806],[43.0488,60.7402],[42.8231,60.8553],[42.6505,60.8631],[42.3948,60.7694],[41.8009,60.899],[41.5185,60.8992],[41.3941,60.858],[41.3399,60.676],[41.0593,60.6497],[40.8191,60.711],[40.5344,60.7246],[39.9235,60.6519],[39.6482,60.746],[39.3382,60.684],[39.0682,60.7141],[38.9477,60.8027],[38.7895,60.7128],[38.6327,60.7232],[38.4185,60.874],[38.213,60.924],[38.1663,61.1331],[37.9632,61.1602],[37.8574,61.2846],[37.7729,61.5221]]]}},{"type":"Feature","properties":{"sourceId":"1159313149","regionId":"region.fc8e7b22-03ba-45fb-90ab-8a94805fc64e","countryId":"country.h03oz0"},"geometry":{"type":"Polygon","coordinates":[[[34.7299,59.1032],[34.5677,59.1081],[34.2475,59.1976],[34.0998,59.1447],[33.855,59.1984],[33.7161,59.3021],[33.5203,59.373],[33.2457,59.3263],[32.9548,59.4218],[32.584,59.1805],[32.2915,59.2072],[32.1241,59.3943],[31.8821,59.3755],[31.8267,59.3145],[31.5631,59.3684],[31.4525,59.092],[31.2579,58.9808],[31.1598,59.0725],[30.9814,59.0596],[30.962,58.9752],[30.728,58.8286],[30.6874,58.7458],[30.4125,58.7109],[30.1006,58.7296],[30.1672,58.5331],[29.975,58.4447],[29.6585,58.2436],[29.6794,58.0773],[29.8203,58.0835],[29.9505,57.944],[30.53,57.8866],[30.4721,57.6822],[30.6088,57.6174],[30.4928,57.4876],[30.5156,57.3181],[30.7731,57.2577],[30.6468,57.1908],[30.6448,56.9819],[31.0001,56.9652],[31.1175,56.931],[31.307,56.9688],[31.5456,56.9398],[31.7221,57.1057],[31.9668,57.1168],[32.2721,57.1952],[32.6681,57.3462],[32.8073,57.46],[33.2162,57.4539],[33.3249,57.6546],[33.5368,57.7197],[33.5805,57.8577],[33.7012,57.9267],[33.545,58.0472],[33.7188,58.158],[33.8695,58.1442],[34.1417,58.208],[34.4885,58.1464],[34.7856,58.2418],[35.0348,58.1995],[35.2691,58.2713],[35.3945,58.4315],[35.5517,58.448],[35.9349,58.4233],[36.1733,58.525],[36.1263,58.6955],[35.8361,58.7447],[35.7512,58.8265],[35.3985,58.8435],[35.2657,58.7648],[35.1246,58.815],[35.1308,58.9373],[34.8315,58.991],[34.7299,59.1032]]]}},{"type":"Feature","properties":{"sourceId":"1159313129","regionId":"region.138dc659-2b83-416a-96d7-efcb7e26bf13","countryId":"country.h03oz0"},"geometry":{"type":"Polygon","coordinates":[[[37.6263,58.4902],[37.1875,58.7709],[37.1222,58.866],[36.8642,58.8428],[36.8156,58.7582],[36.5206,58.5585],[36.3236,58.4998],[36.1733,58.525],[35.9349,58.4233],[35.5517,58.448],[35.3945,58.4315],[35.2691,58.2713],[35.0348,58.1995],[34.7856,58.2418],[34.4885,58.1464],[34.1417,58.208],[33.8695,58.1442],[33.7188,58.158],[33.545,58.0472],[33.7012,57.9267],[33.5805,57.8577],[33.5368,57.7197],[33.3249,57.6546],[33.2162,57.4539],[32.8073,57.46],[32.6681,57.3462],[32.2721,57.1952],[31.9668,57.1168],[31.7221,57.1057],[31.5456,56.9398],[31.307,56.9688],[31.1175,56.931],[31.0001,56.9652],[30.8963,56.8967],[30.8168,56.7203],[31.0801,56.6228],[31.0166,56.5191],[31.2154,56.4354],[31.2311,56.3462],[31.4915,56.3013],[31.4975,56.0289],[31.3447,55.964],[31.4674,55.729],[31.7549,55.7144],[31.8936,55.7705],[32.0937,55.6741],[32.7218,55.6897],[32.9393,55.6318],[33.1879,55.6525],[33.5053,55.7552],[33.8381,55.9495],[33.9166,56.0731],[34.2007,56.0745],[34.6309,55.9179],[35.0315,55.9844],[35.1741,55.9483],[35.3172,56.054],[35.6451,56.4741],[35.7829,56.392],[35.9825,56.3872],[36.537,56.4754],[36.8329,56.5832],[37.0554,56.5176],[37.1349,56.5603],[37.231,56.7729],[37.4989,56.7848],[37.5534,56.9056],[37.6564,56.9435],[37.9744,56.8538],[38.0147,56.7736],[38.2565,56.7702],[38.1993,56.8942],[38.2498,57.1288],[38.1429,57.197],[38.3064,57.2763],[37.9842,57.3592],[37.7943,57.4426],[37.81,57.608],[37.3909,57.828],[37.3665,57.9771],[37.4844,57.9808],[37.6735,58.083],[37.3497,58.239],[37.4491,58.4075],[37.6263,58.4902]]]}},{"type":"Feature","properties":{"sourceId":"1159313163","regionId":"region.4a57ce47-1f69-4b55-8551-a5d4595e7409","countryId":"country.h03oz0"},"geometry":{"type":"Polygon","coordinates":[[[35.3697,55.2388],[35.5786,55.2905],[36.238,55.1937],[36.4229,55.3187],[36.5863,55.3087],[36.9043,55.2291],[37.0145,55.3012],[36.914,55.4259],[37.1749,55.4478],[37.2106,55.6016],[37.4141,55.6599],[37.3482,55.744],[37.4311,55.8777],[37.6115,55.9037],[37.8005,55.8377],[37.8127,55.6494],[37.6591,55.5689],[37.5656,55.3585],[37.463,55.379],[37.4248,55.1842],[37.2162,55.0838],[37.12,54.9908],[37.259,54.8358],[37.4608,54.8223],[37.5643,54.7365],[37.7583,54.7362],[37.7499,54.8203],[37.9386,54.8323],[38.0393,54.7137],[38.2188,54.6596],[38.4622,54.6403],[38.3904,54.4686],[38.5212,54.2888],[38.6751,54.2447],[38.7977,54.4512],[38.8204,54.6019],[39.2157,54.6322],[39.3977,54.8761],[39.6845,55.0207],[39.8882,55.0813],[39.827,55.1826],[40.0014,55.2004],[40.2065,55.3093],[40.085,55.6126],[39.8231,55.8328],[39.3581,55.761],[39.3098,55.8306],[39.1231,55.8298],[39.0158,55.9252],[38.8394,55.9009],[38.6056,55.9589],[38.5623,56.0832],[38.4028,56.2642],[38.4124,56.369],[38.3296,56.5623],[38.3741,56.6966],[38.2565,56.7702],[38.0147,56.7736],[37.9744,56.8538],[37.6564,56.9435],[37.5534,56.9056],[37.4989,56.7848],[37.231,56.7729],[37.1349,56.5603],[37.0554,56.5176],[36.8329,56.5832],[36.537,56.4754],[35.9825,56.3872],[35.7829,56.392],[35.6451,56.4741],[35.3172,56.054],[35.1741,55.9483],[35.3535,55.7794],[35.3971,55.6171],[35.3031,55.5712],[35.3012,55.2991],[35.3697,55.2388]]]}},{"type":"Feature","properties":{"sourceId":"1159313165","regionId":"region.06fbb6fc-81da-4eae-bd87-ea8d5784ff92","countryId":"country.h03oz0"},"geometry":{"type":"Polygon","coordinates":[[[37.12,54.9908],[37.2162,55.0838],[37.4248,55.1842],[37.463,55.379],[37.5656,55.3585],[37.6591,55.5689],[37.8127,55.6494],[37.8005,55.8377],[37.6115,55.9037],[37.4311,55.8777],[37.3482,55.744],[37.4141,55.6599],[37.2106,55.6016],[37.1749,55.4478],[36.914,55.4259],[37.0145,55.3012],[36.9043,55.2291],[37.0842,55.0958],[37.12,54.9908]]]}},{"type":"Feature","properties":{"sourceId":"1159313201","regionId":"region.f6338375-7aaf-4c0a-9aa7-eb73d02fb946","countryId":"country.h03oz0"},"geometry":{"type":"Polygon","coordinates":[[[50.072,56.6227],[50.1013,56.7924],[50.0169,56.8637],[49.7418,56.8995],[49.6998,57.0734],[49.285,57.0391],[49.1497,57.1502],[49.213,57.2915],[49.0348,57.2882],[48.9606,57.0893],[48.8223,57.1635],[48.293,57.1633],[48.2023,57.0281],[47.9098,56.9826],[47.7699,57.0601],[47.509,56.8934],[47.1741,56.8141],[47.161,56.9012],[46.7149,56.9663],[46.601,56.92],[45.9586,56.8721],[45.8589,56.6291],[45.651,56.5908],[45.6627,56.4609],[45.949,56.4332],[45.8738,56.2588],[46.0677,56.1819],[46.0922,56.0564],[46.214,56.0498],[46.4024,56.1192],[46.658,56.1195],[47.0557,56.2877],[47.3847,56.3301],[47.4367,56.1885],[47.9051,56.1138],[48.024,55.9366],[48.4124,55.8294],[48.401,55.8878],[48.6941,55.9646],[49.0157,56.2327],[49.037,56.3579],[49.2759,56.3532],[49.7645,56.5359],[49.885,56.4418],[50.0246,56.4596],[50.1799,56.5495],[50.072,56.6227]]]}},{"type":"Feature","properties":{"sourceId":"1159313199","regionId":"region.960d4583-dd30-454f-82a5-88fb9f29b0fb","countryId":"country.h03oz0"},"geometry":{"type":"Polygon","coordinates":[[[50.072,56.6227],[50.3496,56.6695],[50.5861,56.3665],[50.7056,56.3299],[51.0731,56.1305],[51.2244,56.0999],[51.4365,56.1444],[51.4204,56.2836],[51.1453,56.5147],[51.2057,56.6703],[51.3786,56.6799],[51.4003,56.7671],[51.5405,56.883],[51.3589,56.9273],[51.2275,57.0675],[51.1204,57.2655],[51.1814,57.4466],[51.3972,57.4781],[51.6009,57.457],[51.8621,57.6473],[51.9239,57.8169],[51.8846,57.9864],[51.6735,58.1661],[51.7961,58.3613],[51.971,58.4641],[52.1672,58.4896],[52.3287,58.4503],[52.8701,58.4106],[52.9213,58.5343],[53.13,58.5371],[53.1651,58.4562],[53.3395,58.3886],[53.4984,58.4503],[53.7846,58.4399],[53.7047,58.595],[53.7501,58.6968],[53.922,58.7828],[53.7265,58.9168],[53.8765,59.0928],[53.4337,59.1438],[53.3346,59.1852],[53.2058,59.364],[53.3543,59.5008],[53.4184,59.6785],[53.5921,59.7085],[53.7065,60.0012],[53.6076,60.1427],[53.3581,60.1665],[52.4538,60.2005],[52.2978,60.2416],[52.0609,60.3169],[51.9004,60.2442],[51.8022,60.1152],[51.5213,59.9462],[51.3072,60.028],[51.0754,60.0607],[50.8301,59.8708],[50.3864,59.8395],[50.0404,59.6819],[49.834,59.6381],[49.7949,59.2331],[49.5273,59.2351],[49.5249,59.3975],[49.3631,59.4158],[49.1514,59.5055],[49.0726,59.6596],[48.5076,59.7151],[48.4561,60.1153],[48.4972,60.2183],[48.7547,60.3612],[48.5186,60.4765],[48.5384,60.5644],[48.419,60.8538],[47.9842,60.8965],[47.9655,60.9994],[47.5685,61.0591],[47.2448,61.0562],[47.0429,60.8538],[46.9591,60.6602],[47.0488,60.5752],[46.8625,60.5073],[46.7495,60.2611],[46.4408,60.2714],[46.3491,60.2144],[46.4041,60.1068],[46.6085,60.0673],[47.0364,60.0995],[46.9226,59.8439],[47.1126,59.7527],[47.1135,59.6113],[47.0563,59.3785],[47.2524,59.3555],[47.2392,59.2202],[47.5709,59.0599],[47.6022,58.9067],[47.2819,58.893],[47.3129,58.8069],[47.1199,58.775],[46.9472,58.6066],[46.6873,58.5669],[46.4237,58.3469],[46.3413,58.0746],[46.4299,58.0205],[47.3542,58.0255],[47.7031,57.9584],[47.7623,57.876],[47.5721,57.8104],[47.471,57.5285],[47.2487,57.5673],[47.0542,57.4983],[46.7501,57.5173],[46.6952,57.3205],[46.7626,57.0302],[46.7149,56.9663],[47.161,56.9012],[47.1741,56.8141],[47.509,56.8934],[47.7699,57.0601],[47.9098,56.9826],[48.2023,57.0281],[48.293,57.1633],[48.8223,57.1635],[48.9606,57.0893],[49.0348,57.2882],[49.213,57.2915],[49.1497,57.1502],[49.285,57.0391],[49.6998,57.0734],[49.7418,56.8995],[50.0169,56.8637],[50.1013,56.7924],[50.072,56.6227]]]}},{"type":"Feature","properties":{"sourceId":"1159313203","regionId":"region.95ab01aa-ff90-43c4-95ab-3c8ae9135365","countryId":"country.h03oz0"},"geometry":{"type":"Polygon","coordinates":[[[54.3525,56.3585],[54.1683,56.5345],[53.8691,56.7132],[54.0884,56.7712],[54.0986,56.9659],[54.3411,57.0119],[54.2947,57.0836],[54.3143,57.2905],[54.1582,57.3143],[54.1885,57.4627],[54.096,57.6074],[54.1563,57.7062],[54.0872,57.9942],[53.8102,58.2281],[53.886,58.3191],[53.7846,58.4399],[53.4984,58.4503],[53.3395,58.3886],[53.1651,58.4562],[53.13,58.5371],[52.9213,58.5343],[52.8701,58.4106],[52.3287,58.4503],[52.1672,58.4896],[51.971,58.4641],[51.7961,58.3613],[51.6735,58.1661],[51.8846,57.9864],[51.9239,57.8169],[51.8621,57.6473],[51.6009,57.457],[51.3972,57.4781],[51.1814,57.4466],[51.1204,57.2655],[51.2275,57.0675],[51.3589,56.9273],[51.5405,56.883],[51.4003,56.7671],[51.3786,56.6799],[51.2057,56.6703],[51.1453,56.5147],[51.4204,56.2836],[51.4365,56.1444],[51.5006,56.0824],[51.3991,55.9936],[51.8286,55.918],[51.9375,55.9737],[52.0645,55.8961],[52.242,55.9645],[52.1954,56.0771],[52.6553,56.0178],[52.8392,56.1631],[52.562,56.2594],[52.7332,56.3784],[52.9081,56.4159],[52.9345,56.5381],[53.0801,56.5266],[52.945,56.3661],[52.9582,56.2522],[53.2731,56.0847],[53.3356,56.1565],[53.2603,56.2539],[53.4272,56.2765],[53.564,56.1811],[53.2765,55.9353],[53.2891,55.8583],[53.6317,55.9067],[53.8378,56.0386],[54.0468,56.058],[54.1172,56.1582],[54.3458,56.2526],[54.3525,56.3585]]]}},{"type":"Feature","properties":{"sourceId":"1159313197","regionId":"region.f1a7a786-d88b-4e17-be80-3b6499c101ee","countryId":"country.h03oz0"},"geometry":{"type":"Polygon","coordinates":[[[59.4854,61.9933],[59.4041,62.108],[59.6437,62.5103],[59.5265,62.5414],[59.3941,62.7314],[59.4831,62.8924],[59.2781,62.9702],[59.2317,63.0891],[59.3296,63.2739],[59.2922,63.3422],[59.4938,63.6105],[59.5844,63.9383],[59.8381,64.0801],[59.5884,64.2326],[59.6331,64.3437],[59.4842,64.4973],[59.7041,64.6677],[59.6476,64.7724],[60.1474,65.0648],[60.305,65.0714],[60.6765,64.9123],[60.8309,65.0514],[61.0028,65.0603],[61.2405,65.1919],[61.2631,65.3074],[61.5106,65.5005],[61.8819,65.7018],[62.0185,65.7171],[62.5041,65.8309],[62.8386,65.8693],[62.8702,66.0791],[63.3057,66.4002],[63.8085,66.5472],[63.9693,66.6463],[64.3156,66.6677],[64.5669,66.7936],[65.1162,66.9083],[65.0898,67.0541],[65.1902,67.145],[66.11,67.4888],[65.8312,67.6427],[66.2059,67.693],[66.0224,67.7942],[66.0831,67.9336],[65.4366,67.92],[65.2898,68.0123],[65.2727,68.2164],[65.4805,68.4304],[64.7451,68.4045],[64.5228,68.3438],[64.5303,68.2001],[63.829,68.0172],[63.9442,67.8837],[63.6897,67.7621],[63.4453,67.771],[62.8712,67.5796],[62.8213,67.388],[61.8505,67.1261],[61.6948,67.03],[61.4317,66.9997],[60.082,66.9899],[58.7896,66.9997],[53.7725,66.9985],[52.2455,67.0891],[51.4946,66.9074],[51.5102,66.7833],[49.006,66.1191],[48.9894,65.2685],[49.0213,65.2383],[49.5674,65.2921],[49.6632,65.2546],[50.063,64.8902],[50.4674,64.7916],[50.3484,64.5377],[50.2733,64.5129],[49.6267,64.5917],[49.4501,64.463],[48.95,64.4906],[48.8402,64.3573],[48.5183,64.3555],[48.4083,64.2242],[48.1962,64.2389],[48.1158,64.3481],[46.6115,64.3266],[46.3229,64.2647],[45.8245,64.2836],[45.4422,64.1875],[45.593,64.0639],[45.8836,63.9643],[46.4358,63.8877],[46.8192,63.747],[47.0262,63.5306],[46.9366,63.3519],[47.0909,63.2465],[47.5546,63.1485],[47.3995,62.9548],[47.0826,62.8396],[47.2377,62.6357],[47.2349,62.3515],[47.3863,62.3204],[47.4134,62.1928],[47.621,62.1855],[47.7511,62.3218],[48.2908,62.3216],[48.2368,62.473],[48.3661,62.7293],[48.6286,62.7058],[48.7145,62.8155],[48.8751,62.8291],[49.609,62.7702],[49.3694,62.1494],[49.2127,62.0911],[49.0516,61.691],[49.4614,61.5861],[49.3022,61.1762],[48.8887,61.1412],[48.5093,61.0477],[48.419,60.8538],[48.5384,60.5644],[48.5186,60.4765],[48.7547,60.3612],[48.4972,60.2183],[48.4561,60.1153],[48.5076,59.7151],[49.0726,59.6596],[49.1514,59.5055],[49.3631,59.4158],[49.5249,59.3975],[49.5273,59.2351],[49.7949,59.2331],[49.834,59.6381],[50.0404,59.6819],[50.3864,59.8395],[50.8301,59.8708],[51.0754,60.0607],[51.3072,60.028],[51.5213,59.9462],[51.8022,60.1152],[51.9004,60.2442],[52.0609,60.3169],[52.2978,60.2416],[52.3239,60.4321],[52.1385,60.4728],[52.1338,60.5468],[51.7742,60.6056],[51.8898,60.8758],[52.3548,60.8439],[52.4423,60.9796],[52.7898,60.9489],[52.8765,61.0938],[53.3487,61.0373],[53.354,60.8934],[53.7911,60.8478],[53.8535,60.9802],[54.9795,60.8638],[55.0621,61.009],[55.2137,61.019],[55.3156,61.123],[55.6902,61.0862],[55.8411,61.2496],[56.2574,61.2063],[56.3908,61.4202],[56.7024,61.5248],[57.086,61.488],[57.2044,61.5109],[58.6915,61.5027],[59.0233,61.5524],[59.3487,61.6822],[59.3451,61.8566],[59.4854,61.9933]]]}},{"type":"Feature","properties":{"sourceId":"1159314843","regionId":"region.cc074944-b2c4-4f09-a509-97983f4eca81","countryId":"country.h03oz0"},"geometry":{"type":"Polygon","coordinates":[[[54.3525,56.3585],[54.5316,56.5149],[54.9182,56.392],[54.9684,56.3204],[55.4477,56.3407],[55.5481,56.3995],[55.8758,56.4367],[56.0733,56.2895],[56.2753,56.3051],[56.4025,56.3874],[56.8641,56.1081],[57.2135,56.182],[57.2735,56.3049],[57.4084,56.3291],[57.3175,56.3734],[57.3729,56.552],[57.3576,56.6812],[57.2187,56.853],[57.323,56.9199],[57.5596,56.8883],[57.8246,56.9742],[57.869,57.058],[58.0299,57.0994],[58.0386,57.2365],[57.938,57.332],[57.9951,57.4773],[58.2681,57.6698],[58.4365,57.676],[58.5798,57.5944],[58.8298,57.7262],[58.6046,57.9956],[58.6783,58.1071],[59.2025,58.3046],[59.2805,58.4128],[59.456,58.4928],[59.3876,58.7033],[59.1864,58.7107],[59.0827,58.7693],[59.0658,58.8841],[59.1812,58.953],[59.0911,59.022],[59.1753,59.1465],[59.0035,59.2306],[58.6695,59.2932],[58.4031,59.5523],[58.451,59.705],[58.5819,59.7158],[58.6751,59.8592],[58.805,59.8628],[58.9616,60.0049],[59.1885,60.2779],[59.2393,60.4802],[59.3853,60.5735],[59.4677,60.8079],[59.3729,60.9705],[59.3585,61.1429],[59.261,61.2222],[59.4284,61.5069],[59.3487,61.6822],[59.0233,61.5524],[58.6915,61.5027],[57.2044,61.5109],[57.086,61.488],[56.7024,61.5248],[56.3908,61.4202],[56.2574,61.2063],[55.8411,61.2496],[55.6902,61.0862],[55.3156,61.123],[55.2137,61.019],[55.0621,61.009],[54.9795,60.8638],[53.8535,60.9802],[53.7911,60.8478],[53.354,60.8934],[53.3487,61.0373],[52.8765,61.0938],[52.7898,60.9489],[52.4423,60.9796],[52.3548,60.8439],[51.8898,60.8758],[51.7742,60.6056],[52.1338,60.5468],[52.1385,60.4728],[52.3239,60.4321],[52.2978,60.2416],[52.4538,60.2005],[53.3581,60.1665],[53.6076,60.1427],[53.7065,60.0012],[53.5921,59.7085],[53.4184,59.6785],[53.3543,59.5008],[53.2058,59.364],[53.3346,59.1852],[53.4337,59.1438],[53.8765,59.0928],[53.7265,58.9168],[53.922,58.7828],[53.7501,58.6968],[53.7047,58.595],[53.7846,58.4399],[53.886,58.3191],[53.8102,58.2281],[54.0872,57.9942],[54.1563,57.7062],[54.096,57.6074],[54.1885,57.4627],[54.1582,57.3143],[54.3143,57.2905],[54.2947,57.0836],[54.3411,57.0119],[54.0986,56.9659],[54.0884,56.7712],[53.8691,56.7132],[54.1683,56.5345],[54.3525,56.3585]]]}},{"type":"Feature","properties":{"sourceId":"1159313209","regionId":"region.b7dd1481-a1d1-4a48-acbe-24da79607fee","countryId":"country.h03oz0"},"geometry":{"type":"Polygon","coordinates":[[[52.5385,54.3773],[52.482,54.4672],[52.2227,54.4446],[52.0995,54.3885],[51.9327,54.4363],[51.936,54.5276],[51.6676,54.5671],[51.5135,54.6393],[51.3913,54.6015],[51.1688,54.6373],[51.0038,54.5392],[50.948,54.3476],[50.6969,54.4267],[50.5194,54.3298],[50.3842,54.4858],[50.0775,54.5165],[50.2056,54.4181],[50.2562,54.3049],[50.1974,54.0381],[49.9791,53.9658],[49.9572,53.9068],[49.6245,53.8146],[49.4137,53.8683],[49.2992,53.84],[49.0293,53.8572],[48.8743,53.7164],[48.4911,53.7705],[48.4564,53.6658],[48.3313,53.6245],[48.3756,53.4712],[48.0568,53.4761],[47.9485,53.3587],[48.0345,53.3146],[48.2216,52.9989],[48.5217,52.9782],[48.5925,52.9194],[48.437,52.7804],[48.5239,52.6818],[48.6997,52.6392],[48.7301,52.568],[48.9361,52.4752],[49.3437,52.4687],[49.4777,52.3314],[49.6278,52.3664],[49.8123,52.1931],[50.2215,52.1299],[50.2359,52.0351],[50.5174,51.9914],[50.7315,51.914],[50.767,51.7594],[51.4152,52.1027],[51.4526,52.2193],[51.4129,52.35],[51.5627,52.4473],[51.4714,52.5691],[51.5452,52.6814],[51.7323,52.6684],[51.7151,52.8403],[52.0609,52.9997],[52.1926,53.3752],[52.0792,53.5012],[52.2535,53.6543],[52.4764,54.0771],[52.3393,54.1742],[52.2715,54.3266],[52.5057,54.3225],[52.5385,54.3773]]]}},{"type":"Feature","properties":{"sourceId":"1159313147","regionId":"region.d1a9c5e5-b052-4bd1-a9d4-97f3c80bfb74","countryId":"country.h03oz0"},"geometry":{"type":"Polygon","coordinates":[[[41.7126,45.996],[41.4201,45.9948],[41.3754,45.9468],[41.1624,45.9536],[41.2606,45.872],[41.2744,45.7541],[41.1722,45.7016],[40.8703,45.6959],[40.8408,45.5388],[41.0081,45.3848],[41.0383,45.2182],[41.3596,45.212],[41.3471,45.1219],[41.4693,44.987],[41.6415,44.981],[41.651,44.8966],[41.5384,44.7363],[41.4175,44.7078],[41.5666,44.546],[41.7294,44.4586],[41.9046,44.4948],[42.038,44.3639],[42.5555,44.2449],[42.3031,44.1285],[42.3781,43.9715],[42.497,44.0304],[42.6601,43.9167],[42.6832,43.8072],[42.8521,43.8171],[42.9751,43.891],[43.266,43.9098],[43.3,43.824],[43.5018,43.8666],[43.7287,43.8387],[43.9061,43.9942],[44.2585,43.9246],[44.2849,43.8189],[44.3993,43.7952],[44.6936,43.8299],[44.8035,43.8021],[44.8387,43.6611],[45,43.7046],[45.0799,43.7877],[45.0834,43.9528],[45.2374,43.8802],[45.4318,43.8786],[45.5094,44.0152],[45.5063,44.1905],[45.1241,44.2024],[45.1307,44.2683],[45.4045,44.3175],[45.3984,44.4444],[45.2374,44.4601],[45.2709,44.5906],[45.4349,44.6175],[45.614,44.766],[45.6211,44.899],[45.706,44.9758],[45.5862,45.1583],[45.3525,45.2434],[44.7063,45.506],[44.421,45.5267],[44.1482,45.6525],[44.097,45.7739],[43.8776,45.9455],[43.3925,46.016],[43.2373,46.1124],[42.9914,46.1796],[42.8346,46.1558],[42.5335,45.9977],[42.3174,45.9808],[42.3397,46.1071],[42.1774,46.0991],[42.1497,45.949],[41.7126,45.996]]]}},{"type":"Feature","properties":{"sourceId":"1159313137","regionId":"region.5f072126-6da2-444b-97b4-47d46c86c88d","countryId":"country.h03oz0"},"geometry":{"type":"Polygon","coordinates":[[[39.7515,45.1265],[39.6416,45.193],[39.54,45.1556],[39.3242,45.0012],[39.0423,44.9659],[38.921,45.0165],[38.7604,44.9386],[39.0638,44.8103],[39.5527,44.8065],[39.6316,44.8576],[39.4893,44.9666],[39.6392,45.034],[39.7503,44.9347],[39.8838,45.0074],[40.0198,44.7238],[39.9149,44.6986],[39.9148,44.5829],[39.7926,44.3571],[39.9709,44.256],[40.0782,44.2442],[39.9885,44.0776],[39.9047,44.0767],[39.8003,44.1898],[39.7297,43.918],[39.9305,43.8981],[40.279,43.7512],[40.3364,43.7692],[40.4552,43.981],[40.3834,44.0334],[40.3665,44.1981],[40.4365,44.2844],[40.4064,44.4993],[40.3271,44.564],[40.3936,44.7253],[40.6245,44.767],[40.5276,44.9152],[40.4155,44.9999],[40.1742,45.1096],[39.9643,45.0748],[39.7515,45.1265]]]}}]}