{"type":"FeatureCollection","features":[{"type":"Feature","properties":{"sourceId":"1159312657","regionId":"region.d6e27fd0-d143-49ce-92f8-76915508d3fe","countryId":"country.j4e5mk"},"geometry":{"type":"Polygon","coordinates":[[[77.8003,35.4954],[77.8831,35.4311],[78.0556,35.4529],[78.0012,35.2689],[78.13,35.0554],[78.2732,34.6589],[78.3794,34.5787],[78.6073,34.5465],[78.9569,34.34],[79.2045,34.4394],[79.3384,34.4308],[79.5126,34.4717],[79.7173,34.4128],[79.794,34.431],[79.9563,34.6848],[79.8838,34.9196],[80.0469,35.0177],[80.0142,35.0859],[80.1762,35.2532],[80.3192,35.5093],[80.486,35.4042],[80.8585,35.3471],[80.9789,35.2934],[81.0609,35.3886],[81.2102,35.3169],[81.3573,35.3324],[81.5451,35.2518],[81.7114,35.2457],[82.0022,35.3194],[82.086,35.448],[82.2892,35.545],[82.3189,35.6337],[82.4282,35.6898],[82.7104,35.6502],[82.9359,35.6741],[82.9718,35.4904],[83.0987,35.4128],[83.2461,35.4212],[83.5648,35.3607],[83.8707,35.3745],[83.9844,35.416],[84.2147,35.389],[84.5634,35.5595],[84.7776,35.6005],[84.9236,35.6893],[85.1498,35.7498],[85.3893,35.7567],[85.6198,35.6754],[85.7169,35.7593],[85.9299,35.7617],[86.0874,35.8756],[86.2123,36.1159],[86.4594,36.2194],[86.7139,36.2315],[86.787,36.2603],[87.1938,36.304],[87.3456,36.3741],[87.5709,36.3338],[87.9245,36.3826],[88.0001,36.4284],[88.4592,36.4489],[88.7117,36.3684],[88.8281,36.3737],[88.9583,36.2873],[89.2236,36.2636],[89.6778,36.082],[89.8668,36.0656],[89.972,36.1049],[90.0138,36.2528],[90.1657,36.1292],[90.6227,36.1111],[90.8294,36.0104],[91.1113,36.0739],[91.1358,36.1406],[91.0067,36.5035],[90.8053,36.5585],[90.6881,36.6985],[90.7124,36.8215],[90.8078,36.9106],[91.055,36.9451],[91.2876,37.0135],[91.3163,37.119],[91.235,37.1954],[91.0737,37.4879],[90.8345,37.6078],[90.4365,37.7786],[90.4393,37.9961],[90.1935,38.3257],[90.1509,38.4328],[90.3125,38.4658],[90.636,38.6243],[90.6535,38.6741],[91.0125,38.6987],[91.2944,38.7451],[91.4916,38.8173],[91.6286,38.8257],[92.1227,38.9406],[92.3331,39.0499],[92.936,39.1529],[92.948,39.4525],[92.7724,39.8105],[92.7774,39.9055],[92.9195,40.1181],[92.9259,40.4229],[93.0368,40.4899],[93.2863,40.4693],[93.5775,40.588],[93.7599,40.8233],[94.011,41.104],[94.5809,41.5852],[95.0583,41.7886],[95.492,41.856],[95.7719,41.8297],[95.8639,41.855],[96.0358,41.9953],[96.0178,42.1387],[96.0438,42.4999],[96.0909,42.5869],[96.3663,42.7229],[96.2943,42.9333],[95.9085,43.2145],[95.8328,43.4089],[95.6925,43.6305],[95.5892,43.8695],[95.5103,43.9791],[95.3275,44.0067],[95.3214,44.1484],[95.3794,44.2871],[95.0368,44.255],[94.6982,44.3435],[94.5881,44.4361],[94.3385,44.5121],[94.195,44.6543],[93.9751,44.66],[93.8745,44.7142],[93.714,44.8746],[93.5253,44.9513],[93.0759,45.0052],[92.7527,45.038],[92.4751,44.9975],[92.1937,45.0145],[92.0094,45.0762],[91.663,45.0595],[91.4561,45.1375],[91.2491,45.1297],[91.135,45.1979],[90.9055,45.186],[90.7966,45.2928],[90.738,45.4417],[90.6511,45.4931],[90.7108,45.7522],[91.0024,46.0218],[90.9959,46.1137],[90.8962,46.302],[91.0475,46.5664],[91.0143,46.6898],[90.9328,46.8748],[90.8282,46.9823],[90.7121,47.0147],[90.4687,47.3089],[90.4412,47.493],[90.3274,47.623],[90.0829,47.7561],[90.0446,47.8798],[89.7513,47.8243],[89.5418,48.031],[89.3343,48.0324],[89.244,47.9802],[89.0456,47.993],[88.9323,48.097],[88.8054,48.106],[88.5808,48.212],[88.5651,48.343],[88.2356,48.4932],[87.9428,48.5995],[88.0338,48.7291],[87.8059,48.8006],[87.7569,48.9204],[87.8219,49.0287],[87.8163,49.1658],[87.3238,49.0853],[87.1163,49.1298],[86.8873,49.1068],[86.7275,48.9903],[86.7895,48.8391],[86.7445,48.7035],[86.5651,48.5273],[86.3338,48.4904],[86.192,48.4182],[85.7837,48.4076],[85.5864,48.1412],[85.5154,47.9203],[85.5954,47.6241],[85.58,47.5238],[85.6704,47.3843],[85.6597,47.2065],[85.5568,47.1787],[85.4986,47.0518],[85.2051,47.0337],[84.916,46.8506],[84.7396,46.8148],[84.7317,46.9478],[84.6635,46.9839],[84.1591,46.9933],[83.9053,46.974],[83.5245,47.0671],[83.1504,47.2115],[83.0135,47.1946],[82.9855,46.9425],[82.839,46.7324],[82.6744,46.3311],[82.5683,46.1965],[82.4889,45.9017],[82.3722,45.7342],[82.2971,45.5545],[82.3275,45.4933],[82.6157,45.4354],[82.6339,45.3394],[82.5852,45.1768],[82.4758,45.1157],[82.2946,45.2282],[81.9501,45.1445],[81.8073,45.1887],[81.7393,45.3381],[80.8539,45.1265],[80.6971,45.1437],[80.4251,45.0921],[80.365,45.0432],[80.0617,45.019],[79.8582,44.9037],[79.9917,44.7936],[80.2183,44.8181],[80.4762,44.7354],[80.3763,44.6713],[80.3329,44.4174],[80.373,44.2702],[80.3451,44.1031],[80.4762,43.9102],[80.7127,43.4589],[80.6429,43.3262],[80.7355,43.2889],[80.7734,43.1129],[80.5759,43.1194],[80.3681,43.0285],[80.4762,42.8639],[80.2275,42.791],[80.14,42.623],[80.2684,42.238],[80.2103,42.1895],[80.2565,42.0844],[80.1819,42.021],[79.8429,42.0018],[79.7475,41.8797],[79.611,41.8676],[79.411,41.7786],[79.3041,41.7876],[78.9762,41.6418],[78.6721,41.5384],[78.6192,41.4781],[78.3599,41.3775],[78.3597,41.2875],[78.2313,41.1729],[78.075,41.0395],[77.8667,41.0641],[77.6656,41.0013],[77.4749,40.982],[77.333,41.0207],[77.1188,41.0117],[77.0077,41.0442],[76.861,41.0132],[76.7708,40.8671],[76.6308,40.7289],[76.6242,40.6275],[76.4491,40.4155],[76.3302,40.3481],[76.2442,40.4412],[75.9215,40.3091],[75.6818,40.2917],[75.6669,40.4502],[75.5599,40.6329],[75.4818,40.6141],[75.1939,40.4413],[75.0391,40.4411],[74.8323,40.5081],[74.7058,40.3313],[74.3699,40.1058],[74.1676,40.1064],[74.004,40.0608],[73.823,39.8057],[73.9268,39.5929],[73.8207,39.4682],[73.6326,39.4483],[73.6023,39.2358],[73.6982,39.0784],[73.816,38.9938],[73.6837,38.8549],[73.7974,38.6028],[73.9329,38.5297],[74.1404,38.6692],[74.3342,38.667],[74.7763,38.5107],[74.8383,38.3794],[74.7711,38.2915],[74.7907,38.0814],[74.8928,37.994],[74.8832,37.8439],[74.9652,37.7675],[74.8919,37.5992],[75.1641,37.4006],[75.0684,37.3121],[74.8923,37.2311],[74.4873,37.2259],[74.3661,37.1478],[74.5424,37.0217],[74.6625,37.0545],[74.9105,36.9626],[75.1001,36.9941],[75.3513,36.9158],[75.4105,36.7473],[75.5705,36.7667],[75.7905,36.6878],[75.9766,36.4626],[75.9688,36.302],[76.0144,36.2304],[75.8943,36.0974],[75.9223,36.0317],[76.0614,35.9916],[76.166,35.8062],[76.312,35.8097],[76.5653,35.8655],[76.5708,35.7513],[76.7774,35.6461],[77.1053,35.538],[77.2508,35.5307],[77.4128,35.4694],[77.6606,35.4581],[77.8003,35.4954]]]}},{"type":"Feature","properties":{"sourceId":"1159312655","regionId":"region.25c224b6-9446-422a-9dd4-6ef01e4b068b","countryId":"country.j4e5mk"},"geometry":{"type":"Polygon","coordinates":[[[78.9569,34.34],[78.9762,34.2172],[78.7301,34.0793],[78.7211,33.9944],[78.7941,33.7439],[78.7814,33.5528],[78.8243,33.4611],[78.965,33.3443],[79.098,33.2877],[79.2601,33.2918],[79.4561,33.2504],[79.3732,33.1121],[79.4141,32.9721],[79.6207,32.7287],[79.4435,32.5348],[79.2874,32.5326],[79.1129,32.4724],[79.0917,32.3906],[78.9434,32.3464],[78.7715,32.4617],[78.7133,32.6375],[78.6302,32.578],[78.381,32.528],[78.4488,32.4268],[78.458,32.2297],[78.5131,32.2076],[78.6493,32.0364],[78.7446,31.9642],[78.6709,31.7705],[78.8189,31.6074],[78.6995,31.51],[78.7626,31.4451],[78.7385,31.335],[78.8926,31.2818],[78.9888,31.3433],[79.0702,31.4614],[79.2383,31.3297],[79.3022,31.1635],[79.395,31.0367],[79.5296,30.9536],[79.739,30.9792],[79.8335,30.9615],[80.0625,30.7848],[80.1693,30.7853],[80.1669,30.6619],[80.2528,30.565],[80.7231,30.392],[80.7817,30.321],[80.976,30.2552],[80.996,30.197],[81.0845,30.0279],[81.1945,30.0045],[81.2679,30.0721],[81.3573,30.1736],[81.3875,30.3739],[81.4831,30.3319],[81.5916,30.4143],[81.779,30.358],[82.0888,30.3301],[82.1445,30.0694],[82.3944,30.0031],[82.5418,29.9232],[82.8366,29.6598],[82.8997,29.6884],[83.0329,29.6205],[83.1621,29.6252],[83.328,29.485],[83.5171,29.1917],[83.655,29.1604],[83.7197,29.2336],[83.9456,29.2918],[84.0991,29.247],[84.1323,29.1438],[84.2314,29.026],[84.2253,28.9141],[84.354,28.8613],[84.4508,28.7339],[84.6072,28.6982],[84.6778,28.6044],[84.9187,28.5357],[85.0549,28.6387],[85.168,28.5832],[85.0776,28.4357],[85.0819,28.3317],[85.2596,28.2669],[85.4316,28.2971],[85.6118,28.2511],[85.6751,28.3064],[85.8483,28.1589],[85.9803,27.8852],[86.0546,27.888],[86.1129,27.9268],[86.0687,28.0768],[86.156,28.1565],[86.203,28.0026],[86.4388,27.9109],[86.5168,27.9714],[86.5442,28.093],[86.662,28.1068],[86.77,28.0121],[86.9821,27.9507],[87.1558,27.8258],[87.3868,27.8044],[87.5316,27.8368],[87.6785,27.8134],[87.8259,27.9066],[88.1182,27.8609],[88.1267,27.9504],[88.3788,27.9826],[88.6105,28.1058],[88.8177,27.9947],[88.8539,27.8437],[88.8057,27.6551],[88.741,27.5457],[88.7736,27.4085],[88.8923,27.3155],[88.997,27.3309],[88.9511,27.4331],[89.051,27.6083],[89.1247,27.6149],[89.2058,27.7474],[89.4174,27.9887],[89.5615,28.1346],[89.7558,28.1844],[89.8629,28.2958],[90.0709,28.3452],[90.2618,28.3354],[90.5877,28.2333],[90.4752,28.0723],[90.6839,28.0871],[90.7553,28.0552],[91.0926,27.9717],[91.1759,28.0575],[91.2697,28.0729],[91.4365,27.9894],[91.6217,27.9507],[91.6283,27.8527],[91.8266,27.8076],[91.8649,27.73],[92.0649,27.7617],[92.2396,27.8653],[92.3039,27.7862],[92.4044,27.8538],[92.575,27.8478],[92.7364,27.9859],[92.6548,28.1058],[92.7792,28.1959],[92.8503,28.192],[92.9749,28.2823],[93.2078,28.3405],[93.1863,28.432],[93.3172,28.6035],[93.4462,28.6719],[93.6255,28.6724],[93.8631,28.7049],[93.9278,28.6828],[93.992,28.8446],[94.2502,28.9331],[94.3473,29.0243],[94.2708,29.0979],[94.3964,29.2071],[94.5286,29.2312],[94.6304,29.3195],[94.7042,29.2847],[94.7766,29.1667],[95.0477,29.1408],[95.2249,29.0594],[95.3674,29.0365],[95.4876,29.069],[95.5153,29.2094],[95.5923,29.2497],[95.7172,29.2183],[95.7448,29.3404],[96.142,29.3685],[96.2054,29.2569],[96.3164,29.1719],[96.1746,29.1088],[96.1953,28.9411],[96.3666,29.0365],[96.4576,28.9946],[96.5767,28.8085],[96.598,28.7099],[96.3365,28.4797],[96.3696,28.3781],[96.5615,28.4473],[96.7169,28.4365],[96.934,28.3366],[97.1156,28.3666],[97.3235,28.2175],[97.4367,28.2864],[97.4453,28.383],[97.5277,28.5295],[97.6996,28.488],[97.74,28.3826],[97.8975,28.3553],[97.9911,28.214],[98.115,28.1439],[98.2302,28.2029],[98.2998,28.3548],[98.41,28.2506],[98.4899,28.2481],[98.6404,28.4241],[98.5892,28.6703],[98.6781,28.7571],[98.6387,28.8787],[98.6648,28.9742],[98.785,29.0002],[98.8735,28.8118],[99.0063,29.0732],[98.9902,29.202],[99.1088,29.2238],[99.0625,29.3083],[99.042,29.5625],[98.9868,29.6509],[99.0055,29.8201],[99.0563,29.9153],[98.9868,30.1444],[98.9607,30.46],[98.9054,30.6638],[98.9543,30.7479],[98.7751,30.9022],[98.803,30.991],[98.6203,31.1879],[98.6827,31.3159],[98.7678,31.2304],[98.885,31.3541],[98.5922,31.5988],[98.4455,31.8036],[98.453,31.9841],[98.2202,32.2522],[98.2058,32.3556],[98.0142,32.4645],[97.7157,32.5442],[97.6309,32.4441],[97.5623,32.4843],[97.3609,32.5002],[97.3932,32.385],[97.3598,32.2605],[97.2544,32.204],[97.2549,32.0758],[97.1241,32.0093],[97.0181,32.0229],[96.7541,31.9738],[96.7954,31.7155],[96.4832,31.7535],[96.2782,31.9091],[96.1826,31.8712],[96.0942,31.7005],[95.8489,31.7143],[95.5927,31.7616],[95.4971,31.7417],[95.4068,31.8107],[95.3543,31.9544],[95.4253,32.0948],[95.2591,32.2441],[95.0618,32.2612],[94.9513,32.3372],[94.9389,32.4282],[94.7552,32.5355],[94.5822,32.6722],[94.3169,32.5408],[94.1108,32.4782],[93.8774,32.4954],[93.7342,32.5725],[93.5104,32.5161],[93.2185,32.6598],[93.0313,32.6635],[93.0059,32.7346],[92.65,32.7404],[92.4658,32.7694],[92.2214,32.745],[92.1961,32.8686],[91.9768,32.8486],[91.8131,32.9683],[91.7203,32.9825],[91.5427,33.0803],[91.3765,33.2713],[91.3616,33.337],[91.1892,33.337],[91.1279,33.2543],[90.9499,33.2394],[90.8041,33.1405],[90.6603,33.1559],[90.4363,33.2822],[90.3232,33.2887],[90.2057,33.4015],[90.1406,33.5782],[89.9751,33.6306],[89.8772,33.8227],[89.7419,33.9095],[89.6367,34.0934],[89.7866,34.1985],[89.8403,34.3833],[89.7239,34.7396],[89.8252,34.8461],[89.7877,34.9264],[89.5836,34.9409],[89.5717,35.0733],[89.4548,35.2128],[89.4843,35.3422],[89.7301,35.4437],[89.6903,35.5086],[89.7888,35.8269],[89.5814,35.8398],[89.4846,35.8802],[89.4351,35.9878],[89.5147,36.0533],[89.6778,36.082],[89.2236,36.2636],[88.9583,36.2873],[88.8281,36.3737],[88.7117,36.3684],[88.4592,36.4489],[88.0001,36.4284],[87.9245,36.3826],[87.5709,36.3338],[87.3456,36.3741],[87.1938,36.304],[86.787,36.2603],[86.7139,36.2315],[86.4594,36.2194],[86.2123,36.1159],[86.0874,35.8756],[85.9299,35.7617],[85.7169,35.7593],[85.6198,35.6754],[85.3893,35.7567],[85.1498,35.7498],[84.9236,35.6893],[84.7776,35.6005],[84.5634,35.5595],[84.2147,35.389],[83.9844,35.416],[83.8707,35.3745],[83.5648,35.3607],[83.2461,35.4212],[83.0987,35.4128],[82.9718,35.4904],[82.9359,35.6741],[82.7104,35.6502],[82.4282,35.6898],[82.3189,35.6337],[82.2892,35.545],[82.086,35.448],[82.0022,35.3194],[81.7114,35.2457],[81.5451,35.2518],[81.3573,35.3324],[81.2102,35.3169],[81.0609,35.3886],[80.9789,35.2934],[80.8585,35.3471],[80.486,35.4042],[80.3192,35.5093],[80.1762,35.2532],[80.0142,35.0859],[80.0469,35.0177],[79.8838,34.9196],[79.9563,34.6848],[79.794,34.431],[79.7173,34.4128],[79.5126,34.4717],[79.3384,34.4308],[79.2045,34.4394],[78.9569,34.34]]]}},{"type":"Feature","properties":{"sourceId":"1159312757","regionId":"region.e6da1830-da6b-4556-8fe3-0268a54e0536","countryId":"country.j4e5mk"},"geometry":{"type":"Polygon","coordinates":[[[116.6843,49.8233],[116.0378,48.8701],[116.0282,48.7675],[115.8004,48.5304],[115.8093,48.274],[115.7708,48.2241],[115.5145,48.1221],[115.5619,47.9332],[115.8527,47.7056],[115.9729,47.7091],[116.0843,47.8069],[116.2439,47.8629],[116.4997,47.8364],[116.8533,47.8721],[117.0697,47.8102],[117.3171,47.6541],[117.5272,47.7865],[117.7417,47.9776],[118.1825,48.0282],[118.5423,47.9662],[118.7674,47.7562],[119.0835,47.6616],[119.1576,47.5177],[119.3101,47.4761],[119.3207,47.407],[119.7,47.1595],[119.7701,46.993],[119.9029,46.8424],[119.9042,46.7089],[119.6801,46.5916],[119.4529,46.6275],[119.3169,46.6117],[119.0624,46.661],[118.9672,46.7405],[118.8162,46.7582],[118.7201,46.6767],[118.2383,46.7154],[117.8783,46.5964],[117.6962,46.5123],[117.582,46.592],[117.3938,46.5714],[117.3531,46.3795],[117.3017,46.3501],[116.8046,46.3829],[116.582,46.298],[116.3572,46.1056],[116.2132,45.9082],[116.2516,45.8033],[116.1699,45.7091],[116.012,45.6786],[115.6378,45.4444],[115.3373,45.3947],[114.9389,45.3738],[114.7373,45.425],[114.5337,45.3855],[114.4189,45.2015],[114.1636,45.0401],[114.0553,44.9406],[113.8893,44.9083],[113.6351,44.7463],[113.1049,44.7944],[112.6142,44.9088],[112.4413,45.0524],[111.9846,45.0872],[111.7385,44.9663],[111.5514,44.6932],[111.5438,44.6013],[111.4064,44.4165],[111.5194,44.1886],[111.6345,44.0659],[111.8388,43.9388],[111.9443,43.7864],[111.9334,43.6966],[111.7538,43.6632],[111.5973,43.5234],[111.0961,43.3667],[110.9337,43.2878],[110.6801,43.0577],[110.6082,42.9447],[110.4067,42.7686],[110.0749,42.6435],[109.9127,42.6288],[109.6673,42.549],[109.4851,42.4493],[109.2534,42.4259],[108.9945,42.4495],[108.7969,42.3984],[108.5365,42.4351],[108.0497,42.4391],[106.7678,42.2866],[105.8686,41.9935],[105.2745,41.7555],[105.2009,41.7435],[105.0148,41.5961],[104.8923,41.6448],[104.498,41.6658],[104.5008,41.8706],[103.721,41.7556],[103.0735,42.0045],[102.0342,42.1846],[101.8865,42.278],[101.7354,42.4612],[101.6376,42.5154],[101.4107,42.5449],[101.2187,42.5298],[100.017,42.6765],[99.6219,42.5974],[99.4745,42.5642],[98.6622,42.6436],[97.85,42.723],[97.1907,42.7871],[97.8469,41.6193],[97.6476,41.4555],[97.7085,41.3494],[97.9505,41.1198],[98.3265,40.8557],[98.2348,40.5417],[98.5152,40.5335],[98.6458,40.5676],[98.8257,40.7266],[99.1574,40.8363],[99.496,40.8429],[99.6645,40.9013],[100.0112,40.8963],[100.176,40.7351],[100.2038,40.617],[100.0142,40.4025],[99.8994,40.2048],[99.627,40.0692],[99.4309,39.8788],[99.6861,39.876],[100.0435,39.7277],[100.1889,39.6949],[100.3068,39.5498],[100.455,39.4956],[100.5435,39.4089],[100.8332,39.3801],[100.852,39.1675],[101.0485,39.0008],[101.18,39.0206],[101.2478,38.87],[101.414,38.7492],[101.5802,38.6882],[101.8311,38.6898],[102.0228,38.8927],[101.8255,39.0644],[102.3931,39.2372],[102.5935,39.1779],[102.9654,39.1194],[103.284,39.293],[103.7493,39.4249],[104.024,39.4411],[104.06,39.3078],[104.2248,39.0907],[104.1716,38.9595],[104.0426,38.8741],[103.9795,38.759],[103.7943,38.5908],[103.4712,38.4359],[103.5217,38.1398],[103.3881,38.102],[103.4382,37.8424],[103.6787,37.775],[104.1085,37.4618],[104.2625,37.3903],[104.3585,37.4012],[104.4252,37.4986],[104.647,37.5066],[104.9443,37.5457],[105.0849,37.6607],[105.3544,37.7526],[105.6587,37.7398],[105.7881,37.8051],[105.8247,38.0055],[105.7556,38.1355],[105.8281,38.2268],[105.8412,38.5713],[105.8966,38.7362],[106.0603,38.9791],[106.1132,39.1208],[106.2834,39.1565],[106.2757,39.2692],[106.4969,39.2858],[106.6141,39.3583],[106.7891,39.361],[106.8082,39.1991],[106.9778,39.0356],[106.9317,38.9211],[106.7044,38.6372],[106.645,38.4592],[106.4701,38.2907],[106.8292,38.1504],[107.0608,38.1149],[107.1626,38.1386],[107.3242,38.0659],[107.4047,37.9217],[107.6576,37.8529],[107.885,37.8016],[108.0387,37.6325],[108.333,37.6336],[108.4964,37.6686],[108.7643,37.6819],[108.7907,37.9418],[108.9543,37.9255],[109.028,38.111],[108.9535,38.1991],[108.9864,38.3352],[109.16,38.5421],[109.3132,38.6205],[109.4239,38.7691],[109.538,38.7852],[109.6743,39.0112],[109.8206,39.0545],[109.9633,39.1813],[110.1769,39.2852],[110.1092,39.4284],[110.2252,39.4241],[110.3381,39.3181],[110.4942,39.3743],[110.6034,39.2672],[110.6849,39.2644],[110.8457,39.4652],[111.0131,39.5649],[111.1371,39.565],[111.041,39.423],[111.11,39.3852],[111.3427,39.4444],[111.4899,39.6522],[111.7612,39.598],[111.9215,39.6888],[112.099,40.0054],[112.2793,40.229],[112.3992,40.2883],[112.7342,40.1728],[112.8438,40.2257],[112.9614,40.3559],[113.2299,40.4167],[113.3341,40.3187],[113.5183,40.3437],[113.6766,40.4285],[114.0438,40.488],[114.027,40.6352],[114.1541,40.7426],[114.0601,40.8137],[114.0186,40.9236],[113.8807,41.0993],[113.9849,41.2409],[113.9089,41.294],[113.928,41.4184],[114.0273,41.5313],[114.1971,41.5936],[114.2557,41.8601],[114.4197,41.9563],[114.4813,42.0753],[114.5963,42.1413],[114.8049,42.1784],[114.9203,41.9369],[114.8758,41.8117],[114.889,41.61],[115.0974,41.6162],[115.2259,41.5858],[115.3474,41.6241],[115.3398,41.7208],[115.5275,41.7723],[115.8588,41.9275],[115.9373,41.9275],[116.0379,41.8006],[116.2072,41.884],[116.3775,42.0097],[116.5997,41.9237],[116.8581,42.0195],[116.8789,42.2202],[116.8266,42.3082],[116.8871,42.3954],[117.0559,42.4628],[117.2439,42.4823],[117.4124,42.4581],[117.4504,42.5493],[117.8005,42.5688],[118.0242,42.3826],[118.1339,42.0219],[118.2679,42.0739],[118.3222,41.8635],[118.2782,41.7527],[118.1594,41.7191],[118.3136,41.5696],[118.3703,41.314],[118.4784,41.3551],[119.1527,41.3122],[119.231,41.2734],[119.3616,41.375],[119.3897,41.4726],[119.2986,41.7773],[119.3659,42.1005],[119.2453,42.1919],[119.3357,42.2894],[119.5628,42.3718],[119.6294,42.2505],[119.8215,42.2086],[119.8082,42.1202],[120.0303,41.8606],[120.1408,41.7893],[120.3402,41.9658],[120.4688,42.038],[120.5092,42.1487],[120.6279,42.1604],[120.9126,42.2966],[121.0342,42.2601],[121.3689,42.5],[121.5444,42.5352],[121.6461,42.4536],[121.8778,42.5396],[121.9183,42.6466],[122.045,42.7209],[122.2994,42.6365],[122.4257,42.722],[122.3669,42.7991],[122.4764,42.8496],[122.7279,42.741],[122.8928,42.7449],[123.1313,42.8264],[123.1819,42.9441],[123.612,43.0814],[123.6963,43.3535],[123.3781,43.4532],[123.3614,43.5398],[123.49,43.5914],[123.5222,43.697],[123.3223,44.0419],[123.3591,44.1513],[123.2576,44.2041],[123.1238,44.4944],[122.9553,44.4468],[122.7154,44.3356],[122.3766,44.22],[122.2541,44.2459],[122.2819,44.4287],[122.046,44.6949],[122.0108,45.1183],[122.1918,45.201],[122.234,45.2871],[122.1365,45.4491],[122.0271,45.4845],[121.9344,45.69],[121.6664,45.7158],[121.8148,45.9137],[121.7737,46.0103],[121.996,45.9803],[122.2398,45.8135],[122.3986,45.9492],[122.4979,45.8254],[122.647,45.7251],[122.7734,45.7885],[122.7987,46.0893],[123.0689,46.1087],[123.1617,46.2201],[122.9889,46.4066],[123.0197,46.6123],[123.3973,46.5978],[123.6087,46.7746],[123.38,46.8981],[123.1868,46.7616],[122.9962,46.8403],[122.7973,47.0337],[122.574,47.1311],[122.4052,47.3317],[122.5654,47.5312],[123.2068,47.8138],[123.2933,47.9457],[123.5776,48.0543],[123.7269,48.1911],[124.0779,48.4483],[124.2341,48.5308],[124.3008,48.4919],[124.3272,48.3322],[124.4256,48.1744],[124.5622,48.2362],[124.5207,48.369],[124.5381,48.5717],[124.8216,49.0609],[124.8639,49.1754],[125.1581,49.1511],[125.2229,49.22],[125.2674,49.4385],[125.2196,49.6681],[125.2348,49.848],[125.1885,49.9419],[125.2952,50.0145],[125.2644,50.1057],[125.4184,50.1946],[125.5308,50.393],[125.8094,50.5622],[125.824,50.7668],[126.0563,50.9803],[125.9844,51.1042],[125.7195,51.2537],[125.4866,51.5074],[125.3333,51.5827],[125.1275,51.6157],[125.0606,51.5344],[124.8206,51.3659],[124.6662,51.3353],[124.5019,51.3606],[124.3508,51.2786],[124.1621,51.3284],[123.8663,51.3134],[123.7888,51.2328],[123.5696,51.2039],[123.4383,51.2731],[123.2717,51.2667],[122.9562,51.3861],[122.7145,51.7017],[122.7542,51.8475],[122.6377,52.095],[122.7751,52.2],[122.7307,52.2489],[122.4918,52.2948],[122.3386,52.4537],[122.1737,52.4796],[122.0179,52.2831],[121.8313,52.2694],[121.6923,52.3885],[121.4909,52.4447],[121.1739,52.595],[121.5027,52.7747],[121.8002,53.0236],[121.6072,53.2407],[121.4133,53.3173],[121.2035,53.2767],[120.8743,53.2802],[120.4503,53.0083],[120.2802,52.8659],[120.033,52.7607],[120.0564,52.6005],[120.176,52.5837],[120.4299,52.6361],[120.724,52.5422],[120.6262,52.3468],[120.7581,52.2374],[120.7792,52.1176],[120.6476,51.911],[120.4931,51.8757],[120.1538,51.664],[120.1082,51.6652],[119.9157,51.3307],[119.7581,51.199],[119.7483,51.0834],[119.518,50.9048],[119.4967,50.7371],[119.2936,50.5992],[119.2437,50.4455],[119.3529,50.3455],[119.3162,50.0927],[119.0917,49.9866],[118.6444,49.9546],[118.1686,49.6715],[117.7588,49.5127],[117.4729,49.6143],[117.2529,49.6225],[117.0576,49.6729],[116.6843,49.8233]]]}},{"type":"Feature","properties":{"sourceId":"1159310923","regionId":"region.baa844ea-b61e-41fd-a174-e0afbd221d64","countryId":"country.j4e5mk"},"geometry":{"type":"Polygon","coordinates":[[[96.3663,42.7229],[96.0909,42.5869],[96.0438,42.4999],[96.0178,42.1387],[96.0358,41.9953],[95.8639,41.855],[95.7719,41.8297],[95.492,41.856],[95.0583,41.7886],[94.5809,41.5852],[94.011,41.104],[93.7599,40.8233],[93.5775,40.588],[93.2863,40.4693],[93.0368,40.4899],[92.9259,40.4229],[92.9195,40.1181],[92.7774,39.9055],[92.7724,39.8105],[92.948,39.4525],[92.936,39.1529],[93.1403,39.1987],[93.2756,39.1887],[93.502,39.2719],[93.7221,39.3067],[93.9089,39.2856],[94.117,39.3219],[94.4793,39.3178],[95.0572,39.1475],[95.3053,39.1828],[95.4609,39.0466],[95.5658,39.0152],[95.7216,38.8747],[96.0076,38.7517],[96.0548,38.6788],[96.3155,38.6269],[96.5026,38.549],[96.5104,38.4701],[96.8451,38.3564],[96.9455,38.3582],[96.9712,38.5673],[96.9911,38.9968],[96.9625,39.1032],[97.0265,39.1962],[97.1375,39.2032],[97.3626,39.1504],[98.0686,38.8018],[98.2626,38.9317],[98.3243,39.0233],[98.4446,38.9573],[98.6022,38.9476],[98.7819,39.0677],[98.9621,38.9818],[99.4963,38.6011],[99.5572,38.5154],[99.7999,38.3657],[100.079,38.2784],[100.1408,38.4858],[100.3578,38.307],[100.5543,38.2521],[100.6357,38.1054],[101.0498,37.9637],[101.2929,37.7989],[101.6465,37.6119],[101.7656,37.525],[101.9371,37.7307],[102.0672,37.5483],[102.0327,37.4789],[102.4266,37.2781],[102.5506,37.1638],[102.4601,36.9557],[102.6747,36.8016],[102.6108,36.6572],[102.7697,36.4976],[102.8186,36.3261],[103.0404,36.2165],[102.9333,36.0861],[102.9995,35.9907],[102.976,35.8333],[102.8375,35.8608],[102.7003,35.8395],[102.7022,35.524],[102.535,35.5356],[102.4264,35.4353],[102.2893,35.4069],[102.3756,35.2037],[102.2671,35.0559],[102.0094,34.9421],[101.9232,34.7873],[101.7551,34.7037],[101.7934,34.6319],[102.1503,34.4951],[102.2123,34.3515],[102.0765,34.267],[102.012,34.1776],[101.8625,34.1414],[101.7804,34.0675],[101.6117,34.1912],[101.3237,34.2595],[101.256,34.3005],[101.0358,34.3389],[100.9353,34.3863],[100.8155,34.2946],[100.7917,34.1549],[100.948,33.9298],[101.1295,33.8506],[101.1603,33.6641],[101.3996,33.6451],[101.4956,33.7046],[101.5769,33.6305],[101.6134,33.5119],[101.7775,33.53],[101.884,33.5463],[101.9232,33.4064],[101.8322,33.2692],[101.8637,33.1226],[102.2788,33.3778],[102.4818,33.465],[102.4818,33.5401],[102.356,33.6094],[102.3431,33.7252],[102.1712,33.9418],[102.4406,34.0597],[102.6176,34.0835],[102.5978,34.1655],[102.7818,34.2742],[102.9306,34.2956],[103.0006,34.214],[103.1201,34.1686],[103.1842,33.8221],[103.3507,33.7557],[103.5586,33.8069],[103.5228,33.7141],[103.7451,33.676],[104.093,33.6685],[104.1563,33.624],[104.1747,33.4902],[104.2929,33.3636],[104.3282,33.1404],[104.4059,33.0633],[104.2889,32.8479],[104.4057,32.8094],[104.5584,32.6883],[104.8983,32.6118],[105.0318,32.6387],[105.1468,32.6083],[105.27,32.6417],[105.4352,32.7736],[105.4986,32.9074],[105.6393,32.8855],[105.8865,32.978],[105.9127,33.2337],[105.7472,33.294],[105.8324,33.4975],[106.0735,33.6175],[106.1706,33.5622],[106.3927,33.6188],[106.4955,33.5436],[106.5595,33.5986],[106.4817,33.7009],[106.4798,33.8682],[106.4302,33.9421],[106.5137,34.1066],[106.656,34.2542],[106.6736,34.3847],[106.4983,34.5202],[106.3684,34.5202],[106.3177,34.5833],[106.4915,34.741],[106.5497,34.8626],[106.4912,35.0301],[106.5646,35.0796],[106.9148,35.089],[107.0515,35.0381],[107.2109,34.8918],[107.3208,34.9422],[107.4969,34.9258],[107.5696,34.9654],[107.8303,34.9767],[107.6705,35.228],[107.7417,35.3184],[107.9787,35.2235],[108.155,35.2906],[108.2768,35.2628],[108.4926,35.2725],[108.6172,35.3928],[108.6037,35.5479],[108.51,35.7009],[108.4931,35.8812],[108.6771,36.0052],[108.6998,36.1255],[108.6499,36.2265],[108.7037,36.359],[108.6065,36.432],[108.4413,36.4613],[108.3564,36.546],[108.0417,36.5977],[107.8865,36.7554],[107.5009,36.8908],[107.2996,36.9072],[107.2855,37.0685],[107.1878,37.1171],[106.9329,37.1072],[106.7907,37.1897],[106.6441,37.1817],[106.6339,36.9979],[106.5748,36.9313],[106.649,36.8342],[106.6022,36.7258],[106.5024,36.7065],[106.4966,36.2684],[106.6039,36.2778],[106.8137,36.2116],[106.9448,36.0769],[106.9134,35.7888],[106.7671,35.7066],[106.4696,35.7274],[106.4951,35.5531],[106.4649,35.3324],[106.3134,35.2736],[106.2107,35.3952],[106.0651,35.4877],[105.9361,35.5248],[105.8294,35.4936],[105.687,35.6605],[105.4318,35.7564],[105.3181,35.9332],[105.3515,36.0576],[105.4374,36.1067],[105.4459,36.2546],[105.3928,36.3844],[105.2687,36.5502],[105.2205,36.693],[105.3217,36.7807],[105.1802,36.9721],[104.9224,37.0968],[104.8554,37.2182],[104.7647,37.2505],[104.6895,37.4119],[104.4645,37.4402],[104.3585,37.4012],[104.2625,37.3903],[104.1085,37.4618],[103.6787,37.775],[103.4382,37.8424],[103.3881,38.102],[103.5217,38.1398],[103.4712,38.4359],[103.7943,38.5908],[103.9795,38.759],[104.0426,38.8741],[104.1716,38.9595],[104.2248,39.0907],[104.06,39.3078],[104.024,39.4411],[103.7493,39.4249],[103.284,39.293],[102.9654,39.1194],[102.5935,39.1779],[102.3931,39.2372],[101.8255,39.0644],[102.0228,38.8927],[101.8311,38.6898],[101.5802,38.6882],[101.414,38.7492],[101.2478,38.87],[101.18,39.0206],[101.0485,39.0008],[100.852,39.1675],[100.8332,39.3801],[100.5435,39.4089],[100.455,39.4956],[100.3068,39.5498],[100.1889,39.6949],[100.0435,39.7277],[99.6861,39.876],[99.4309,39.8788],[99.627,40.0692],[99.8994,40.2048],[100.0142,40.4025],[100.2038,40.617],[100.176,40.7351],[100.0112,40.8963],[99.6645,40.9013],[99.496,40.8429],[99.1574,40.8363],[98.8257,40.7266],[98.6458,40.5676],[98.5152,40.5335],[98.2348,40.5417],[98.3265,40.8557],[97.9505,41.1198],[97.7085,41.3494],[97.6476,41.4555],[97.8469,41.6193],[97.1907,42.7871],[96.3663,42.7229]]]}},{"type":"Feature","properties":{"sourceId":"1159312665","regionId":"region.a23cacc7-b3d5-48d4-a163-393ec6b3de0f","countryId":"country.j4e5mk"},"geometry":{"type":"Polygon","coordinates":[[[101.8215,21.2211],[101.7225,21.3042],[101.7348,21.5544],[101.7936,21.5882],[101.7286,21.7175],[101.7515,21.8064],[101.6068,21.9676],[101.5182,22.2282],[101.6061,22.2848],[101.6545,22.4461],[101.7132,22.4915],[101.8178,22.4063],[102.0146,22.4461],[102.1187,22.3975],[102.218,22.4107],[102.3246,22.5651],[102.4427,22.7652],[102.5358,22.6958],[102.6927,22.6705],[102.8452,22.5852],[102.8937,22.4874],[102.9891,22.4376],[103.142,22.5378],[103.1417,22.607],[103.2525,22.6786],[103.3096,22.7879],[103.4017,22.7378],[103.4731,22.5916],[103.5499,22.6487],[103.6469,22.799],[103.8668,22.5754],[103.9854,22.5272],[104.0238,22.7192],[104.0733,22.7827],[104.2133,22.825],[104.2495,22.7283],[104.3619,22.6925],[104.5535,22.836],[104.7282,22.8391],[104.827,22.9543],[104.7979,23.0856],[105.0611,23.2325],[105.3323,23.318],[105.4309,23.2678],[105.5213,23.1631],[105.848,23.5194],[105.983,23.469],[106.1281,23.5407],[106.1522,23.7504],[106.1938,23.8694],[106.1574,23.9737],[105.9708,24.0877],[105.788,24.0207],[105.5321,24.1263],[105.4472,24.0376],[105.3203,24.1181],[105.253,24.0855],[105.1699,24.1674],[105.1762,24.3099],[105.0608,24.4307],[104.9611,24.4164],[104.7527,24.4683],[104.7287,24.3642],[104.5992,24.4025],[104.5019,24.5782],[104.5399,24.7418],[104.5456,24.8134],[104.707,25.0173],[104.7197,25.2109],[104.5658,25.3812],[104.5535,25.4845],[104.4327,25.5068],[104.4224,25.5793],[104.3062,25.6648],[104.4206,25.8569],[104.3929,25.9479],[104.499,26.0308],[104.5452,26.2704],[104.6755,26.3793],[104.5594,26.5847],[104.3585,26.6478],[104.1534,26.6512],[104.0204,26.5142],[103.8292,26.5471],[103.7578,26.6294],[103.7751,26.7317],[103.7173,26.799],[103.7783,26.9559],[103.7009,27.0524],[103.6954,27.1517],[103.9113,27.3904],[103.9811,27.3995],[104.1743,27.2715],[104.3444,27.4412],[104.4437,27.3472],[104.5942,27.3138],[104.7834,27.3322],[104.8709,27.3098],[105.0826,27.4125],[105.1974,27.3986],[105.297,27.7217],[105.2281,27.8558],[105.2824,28.0007],[105.0557,28.0881],[104.9662,28.0478],[104.8974,27.9011],[104.6048,27.8458],[104.3754,27.9617],[104.3338,28.0467],[104.4446,28.0999],[104.3765,28.2823],[104.2685,28.3338],[104.2501,28.5308],[104.4142,28.6401],[104.0568,28.6305],[103.8367,28.6049],[103.7952,28.5312],[103.8803,28.3257],[103.7089,28.2159],[103.5718,28.2432],[103.4346,28.0682],[103.5142,27.9714],[103.5085,27.8645],[103.4148,27.7429],[103.2181,27.5669],[103.1208,27.4123],[102.9774,27.3889],[102.8895,27.2915],[102.9139,27.1123],[102.9013,26.9247],[102.9753,26.8311],[103.0579,26.5572],[103.0033,26.4004],[102.8782,26.3651],[102.7203,26.2376],[102.6099,26.2602],[102.5681,26.3786],[102.2521,26.2289],[102.1126,26.0844],[101.9216,26.0989],[101.8495,26.0348],[101.7637,26.1763],[101.58,26.3069],[101.6436,26.3495],[101.5442,26.495],[101.4124,26.5697],[101.5029,26.7664],[101.3707,26.7746],[101.3424,26.871],[101.1415,27.0449],[101.1728,27.1911],[101.0038,27.1975],[100.9917,27.3308],[100.8669,27.4947],[100.8721,27.562],[100.6609,27.8751],[100.5326,27.8163],[100.2959,27.8526],[100.2021,27.8988],[100.0588,28.0661],[100.0469,28.1871],[100.162,28.2363],[100.1431,28.3416],[100.001,28.4562],[99.8284,28.6726],[99.6287,28.8146],[99.5029,28.5794],[99.3931,28.5428],[99.3815,28.1845],[99.2747,28.2773],[99.1626,28.4382],[99.1695,28.6025],[99.1177,28.7087],[99.1088,29.2238],[98.9902,29.202],[99.0063,29.0732],[98.8735,28.8118],[98.785,29.0002],[98.6648,28.9742],[98.6387,28.8787],[98.6781,28.7571],[98.5892,28.6703],[98.6404,28.4241],[98.4899,28.2481],[98.41,28.2506],[98.2998,28.3548],[98.2302,28.2029],[98.115,28.1439],[98.1071,27.9731],[98.1767,27.8981],[98.2044,27.7273],[98.2947,27.5366],[98.3833,27.5558],[98.4,27.6757],[98.6793,27.5773],[98.6744,27.3866],[98.7042,27.3042],[98.6726,27.1756],[98.7492,26.7714],[98.7556,26.625],[98.7172,26.4087],[98.6578,26.3116],[98.7055,26.1749],[98.5455,26.1056],[98.5824,25.9823],[98.6924,25.879],[98.61,25.8006],[98.4613,25.7947],[98.3326,25.567],[98.1502,25.6131],[98.0995,25.4933],[98.1084,25.3889],[97.8889,25.2056],[97.8236,25.2616],[97.7375,25.0905],[97.6639,24.8298],[97.5361,24.745],[97.5196,24.4308],[97.6399,24.4393],[97.7184,24.2777],[97.7077,24.1253],[97.5165,23.9428],[97.6473,23.8685],[97.89,24.0226],[98.1815,24.1187],[98.3307,24.0995],[98.5033,24.1213],[98.5852,24.0757],[98.867,24.1433],[98.8562,24.0838],[98.6633,23.9695],[98.6637,23.7969],[98.7779,23.7693],[98.8574,23.6043],[98.7809,23.5329],[98.8755,23.4464],[98.9107,23.2976],[98.859,23.1794],[99.0264,23.1604],[99.0749,23.1017],[99.2166,23.0574],[99.351,23.1193],[99.4782,23.0658],[99.5346,22.9493],[99.4299,22.9367],[99.4144,22.8569],[99.3079,22.7196],[99.3578,22.4955],[99.2828,22.4119],[99.1664,22.2046],[99.1664,22.1321],[99.3649,22.0989],[99.4386,22.1242],[99.7392,22.0668],[99.821,22.0178],[99.9424,22.0455],[99.9657,21.963],[99.9202,21.852],[99.9503,21.7212],[100.0823,21.6845],[100.09,21.5289],[100.1871,21.4279],[100.3265,21.5243],[100.4567,21.455],[100.6217,21.4691],[100.797,21.6261],[101.0687,21.762],[101.1739,21.6119],[101.159,21.5527],[101.1714,21.4034],[101.2348,21.3637],[101.209,21.2455],[101.2753,21.1741],[101.4951,21.2428],[101.7179,21.1345],[101.7685,21.1605],[101.8215,21.2211]]]}},{"type":"Feature","properties":{"sourceId":"1159312759","regionId":"region.be9deb03-b993-42d4-9bee-199da54fd8ba","countryId":"country.j4e5mk"},"geometry":{"type":"Polygon","coordinates":[[[130.6253,48.8744],[130.3868,48.8963],[130.2493,48.8645],[129.9134,49.0395],[129.7112,49.2742],[129.5718,49.2798],[129.5024,49.4108],[129.3621,49.3498],[129.0506,49.3767],[128.7969,49.5725],[128.6662,49.6095],[128.0925,49.5416],[127.9916,49.5987],[127.8309,49.5939],[127.722,49.6486],[127.6443,49.7671],[127.5081,49.8223],[127.4867,50.0256],[127.5784,50.2206],[127.3307,50.3282],[127.289,50.466],[127.3648,50.5547],[127.2874,50.751],[127.1443,50.9035],[126.9318,51.0638],[126.9054,51.1643],[126.9546,51.3296],[126.8003,51.419],[126.8074,51.5342],[126.4461,51.9825],[126.5312,52.1527],[126.3167,52.1998],[126.4212,52.2873],[126.2123,52.533],[125.9732,52.6316],[126.0351,52.7271],[125.6214,53.0621],[125.5213,53.0424],[125.1274,53.2065],[124.7202,53.1488],[124.6787,53.1993],[124.4082,53.2357],[124.2327,53.3817],[124.1218,53.3527],[123.9706,53.4552],[123.6396,53.5513],[123.4855,53.526],[123.2526,53.5678],[123.1536,53.5131],[122.8597,53.4739],[122.4712,53.4647],[122.3378,53.4913],[122.0251,53.4298],[121.889,53.4306],[121.4133,53.3173],[121.6072,53.2407],[121.8002,53.0236],[121.5027,52.7747],[121.1739,52.595],[121.4909,52.4447],[121.6923,52.3885],[121.8313,52.2694],[122.0179,52.2831],[122.1737,52.4796],[122.3386,52.4537],[122.4918,52.2948],[122.7307,52.2489],[122.7751,52.2],[122.6377,52.095],[122.7542,51.8475],[122.7145,51.7017],[122.9562,51.3861],[123.2717,51.2667],[123.4383,51.2731],[123.5696,51.2039],[123.7888,51.2328],[123.8663,51.3134],[124.1621,51.3284],[124.3508,51.2786],[124.5019,51.3606],[124.6662,51.3353],[124.8206,51.3659],[125.0606,51.5344],[125.1275,51.6157],[125.3333,51.5827],[125.4866,51.5074],[125.7195,51.2537],[125.9844,51.1042],[126.0563,50.9803],[125.824,50.7668],[125.8094,50.5622],[125.5308,50.393],[125.4184,50.1946],[125.2644,50.1057],[125.2952,50.0145],[125.1885,49.9419],[125.2348,49.848],[125.2196,49.6681],[125.2674,49.4385],[125.2229,49.22],[125.1581,49.1511],[124.8639,49.1754],[124.8216,49.0609],[124.5381,48.5717],[124.5207,48.369],[124.5622,48.2362],[124.4256,48.1744],[124.3272,48.3322],[124.3008,48.4919],[124.2341,48.5308],[124.0779,48.4483],[123.7269,48.1911],[123.5776,48.0543],[123.2933,47.9457],[123.2068,47.8138],[122.5654,47.5312],[122.4052,47.3317],[122.574,47.1311],[122.7973,47.0337],[122.9962,46.8403],[123.1868,46.7616],[123.38,46.8981],[123.6087,46.7746],[123.3973,46.5978],[123.0197,46.6123],[122.9889,46.4066],[123.1617,46.2201],[123.9194,46.2723],[124.0341,46.0185],[124.062,45.8717],[124.0178,45.7817],[124.141,45.6322],[124.2236,45.6355],[124.3956,45.4515],[124.8725,45.4486],[125.0277,45.4984],[125.1035,45.3953],[125.3074,45.417],[125.4325,45.4773],[125.6987,45.5109],[125.7049,45.3597],[125.8407,45.2348],[126.1505,45.1412],[126.5593,45.2467],[126.789,45.1493],[126.9527,45.1342],[127.0766,44.934],[126.9783,44.8261],[127.0323,44.7306],[127.2331,44.616],[127.3752,44.6488],[127.5593,44.5738],[127.4928,44.4109],[127.7147,44.1615],[127.8496,44.0559],[128.0521,44.1258],[128.043,44.3407],[128.1553,44.353],[128.2069,44.4405],[128.3587,44.5017],[128.4188,44.4501],[128.4459,44.1539],[128.6315,43.9122],[128.7474,43.8022],[128.7645,43.7091],[128.8829,43.5562],[129.0149,43.5397],[129.2289,43.6084],[129.2492,43.7862],[129.5349,43.8703],[129.7524,43.8742],[129.9129,44.0216],[130.0001,43.9836],[130.1036,43.8454],[130.2802,43.9644],[130.3328,43.9278],[130.4141,43.6692],[130.5887,43.6277],[130.9166,43.4505],[130.9946,43.5077],[131.1495,43.4361],[131.2528,43.4692],[131.192,43.5886],[131.1703,43.7811],[131.2645,44.0542],[131.0658,44.682],[130.9334,44.8417],[131.0516,44.909],[131.158,44.9017],[131.4195,44.959],[131.6091,45.0897],[131.6278,45.1985],[131.7232,45.2153],[131.818,45.3328],[131.9697,45.2338],[132.8398,45.0592],[132.9534,45.0244],[133.1154,45.123],[133.0975,45.2435],[133.1402,45.4354],[133.2021,45.5113],[133.4135,45.5733],[133.4878,45.6867],[133.5144,45.8793],[133.6581,45.9345],[133.7193,46.0793],[133.6874,46.1418],[133.9025,46.259],[133.9215,46.4101],[133.8493,46.4803],[133.9985,46.6377],[134.0205,46.834],[134.1242,47.0705],[134.2273,47.1177],[134.1541,47.2579],[134.2928,47.4097],[134.4846,47.4302],[134.6827,47.5878],[134.7726,47.7107],[134.5672,48.0404],[134.683,48.1355],[134.7009,48.2615],[134.5426,48.3573],[134.3864,48.3813],[134.0572,48.3272],[133.9824,48.2852],[133.7213,48.2448],[133.5599,48.1133],[133.4637,48.0895],[133.1852,48.1248],[133.092,48.1068],[132.6588,47.8698],[132.5247,47.7075],[132.3324,47.7365],[132.1617,47.69],[131.8943,47.67],[131.703,47.6962],[131.5774,47.6686],[131.4184,47.7426],[131.0234,47.6823],[130.9418,47.718],[130.907,47.8843],[130.6824,48.0504],[130.6634,48.1164],[130.8194,48.2819],[130.7159,48.4991],[130.5333,48.6358],[130.6253,48.8744]]]}},{"type":"Feature","properties":{"sourceId":"1159312755","regionId":"region.0d0d5127-cf96-4457-9b54-38f994bf9756","countryId":"country.j4e5mk"},"geometry":{"type":"Polygon","coordinates":[[[131.2528,43.4692],[131.1495,43.4361],[130.9946,43.5077],[130.9166,43.4505],[130.5887,43.6277],[130.4141,43.6692],[130.3328,43.9278],[130.2802,43.9644],[130.1036,43.8454],[130.0001,43.9836],[129.9129,44.0216],[129.7524,43.8742],[129.5349,43.8703],[129.2492,43.7862],[129.2289,43.6084],[129.0149,43.5397],[128.8829,43.5562],[128.7645,43.7091],[128.7474,43.8022],[128.6315,43.9122],[128.4459,44.1539],[128.4188,44.4501],[128.3587,44.5017],[128.2069,44.4405],[128.1553,44.353],[128.043,44.3407],[128.0521,44.1258],[127.8496,44.0559],[127.7147,44.1615],[127.4928,44.4109],[127.5593,44.5738],[127.3752,44.6488],[127.2331,44.616],[127.0323,44.7306],[126.9783,44.8261],[127.0766,44.934],[126.9527,45.1342],[126.789,45.1493],[126.5593,45.2467],[126.1505,45.1412],[125.8407,45.2348],[125.7049,45.3597],[125.6987,45.5109],[125.4325,45.4773],[125.3074,45.417],[125.1035,45.3953],[125.0277,45.4984],[124.8725,45.4486],[124.3956,45.4515],[124.2236,45.6355],[124.141,45.6322],[124.0178,45.7817],[124.062,45.8717],[124.0341,46.0185],[123.9194,46.2723],[123.1617,46.2201],[123.0689,46.1087],[122.7987,46.0893],[122.7734,45.7885],[122.647,45.7251],[122.4979,45.8254],[122.3986,45.9492],[122.2398,45.8135],[121.996,45.9803],[121.7737,46.0103],[121.8148,45.9137],[121.6664,45.7158],[121.9344,45.69],[122.0271,45.4845],[122.1365,45.4491],[122.234,45.2871],[122.1918,45.201],[122.0108,45.1183],[122.046,44.6949],[122.2819,44.4287],[122.2541,44.2459],[122.3766,44.22],[122.7154,44.3356],[122.9553,44.4468],[123.1238,44.4944],[123.2576,44.2041],[123.3591,44.1513],[123.3223,44.0419],[123.5222,43.697],[123.49,43.5914],[123.3614,43.5398],[123.3781,43.4532],[123.6963,43.3535],[123.8065,43.4542],[124.0064,43.3101],[124.2819,43.226],[124.4189,43.0819],[124.3759,42.9856],[124.5196,42.8717],[124.7657,43.1056],[124.8884,43.0867],[124.8603,42.8877],[124.9421,42.8037],[125.102,42.4939],[125.2087,42.4058],[125.284,42.2345],[125.4805,42.1514],[125.2954,41.9572],[125.3063,41.6804],[125.4495,41.6799],[125.4699,41.5746],[125.6508,41.2863],[125.7377,41.2452],[125.7664,41.1395],[125.6917,41.0041],[125.5764,40.9126],[125.7041,40.8592],[126.0078,40.8993],[126.1474,41.0923],[126.2607,41.1431],[126.5013,41.4344],[126.6179,41.6659],[126.7886,41.6959],[126.8871,41.7849],[126.9996,41.752],[127.114,41.6104],[127.2691,41.505],[127.4741,41.4988],[127.6383,41.4299],[127.8489,41.4313],[127.9442,41.4709],[128.0642,41.3884],[128.1857,41.4045],[128.303,41.5834],[128.1591,41.7118],[128.04,41.8796],[128.0346,41.9937],[128.262,42.0329],[128.5024,41.9961],[128.721,42.0476],[128.8832,42.0304],[129.2112,42.22],[129.2431,42.3787],[129.3631,42.445],[129.5171,42.391],[129.7033,42.4424],[129.7613,42.746],[129.8798,42.996],[130.1215,42.9818],[130.239,42.9022],[130.243,42.7434],[130.4522,42.5496],[130.5308,42.5305],[130.5845,42.5689],[130.4072,42.7354],[130.7695,42.8658],[130.9924,42.8487],[131.103,42.9104],[131.0855,43.0421],[131.2809,43.3802],[131.2528,43.4692]]]}},{"type":"Feature","properties":{"sourceId":"1159312117","regionId":"region.06749cf3-2fcf-4483-bc14-e1765c68546a","countryId":"country.j4e5mk"},"geometry":{"type":"Polygon","coordinates":[[[125.7041,40.8592],[125.5764,40.9126],[125.6917,41.0041],[125.7664,41.1395],[125.7377,41.2452],[125.6508,41.2863],[125.4699,41.5746],[125.4495,41.6799],[125.3063,41.6804],[125.2954,41.9572],[125.4805,42.1514],[125.284,42.2345],[125.2087,42.4058],[125.102,42.4939],[124.9421,42.8037],[124.8603,42.8877],[124.8884,43.0867],[124.7657,43.1056],[124.5196,42.8717],[124.3759,42.9856],[124.4189,43.0819],[124.2819,43.226],[124.0064,43.3101],[123.8065,43.4542],[123.6963,43.3535],[123.612,43.0814],[123.1819,42.9441],[123.1313,42.8264],[122.8928,42.7449],[122.7279,42.741],[122.4764,42.8496],[122.3669,42.7991],[122.4257,42.722],[122.2994,42.6365],[122.045,42.7209],[121.9183,42.6466],[121.8778,42.5396],[121.6461,42.4536],[121.5444,42.5352],[121.3689,42.5],[121.0342,42.2601],[120.9126,42.2966],[120.6279,42.1604],[120.5092,42.1487],[120.4688,42.038],[120.3402,41.9658],[120.1408,41.7893],[120.0303,41.8606],[119.8082,42.1202],[119.8215,42.2086],[119.6294,42.2505],[119.5628,42.3718],[119.3357,42.2894],[119.2453,42.1919],[119.3659,42.1005],[119.2986,41.7773],[119.3897,41.4726],[119.3616,41.375],[119.231,41.2734],[119.1635,41.1764],[118.9648,41.0747],[118.8547,40.8206],[119.0679,40.6513],[119.1898,40.6201],[119.2936,40.5307],[119.5637,40.5401],[119.6347,40.2091],[119.7426,40.2052],[119.738,40.0995],[119.8502,39.9863],[119.9503,40.0565],[120.436,40.1945],[120.6209,40.4744],[120.9402,40.6912],[120.991,40.8313],[121.1758,40.9223],[121.3613,40.9396],[121.575,40.8415],[121.8511,40.8323],[122.0491,40.7461],[122.1376,40.624],[122.3019,40.5023],[122.1061,40.3101],[122.0916,40.2272],[121.7744,39.9208],[121.5359,39.8618],[121.4573,39.7485],[121.4498,39.6151],[121.3062,39.598],[121.3062,39.5018],[121.436,39.5086],[121.5489,39.3619],[121.7798,39.3715],[121.6017,39.2213],[121.6741,39.088],[121.0904,38.8991],[121.1531,38.7276],[121.3447,38.8146],[121.485,38.8099],[121.6548,38.8579],[121.6493,38.9945],[121.8115,38.9728],[122.1275,39.142],[122.115,39.2008],[122.3963,39.411],[123.0091,39.6805],[123.1743,39.6658],[123.249,39.7482],[123.4104,39.7966],[123.5914,39.7843],[123.6226,39.8717],[123.9857,39.8102],[124.2022,39.8786],[124.3523,39.999],[124.37,40.0983],[124.6426,40.2943],[124.7125,40.3103],[124.8955,40.4836],[125.4152,40.6527],[125.7041,40.8592]]]}},{"type":"Feature","properties":{"sourceId":"1159310341","regionId":"region.c0d82822-02da-4b95-a559-2b1c3a4c8444","countryId":"country.j4e5mk"},"geometry":{"type":"Polygon","coordinates":[[[105.5352,23.099],[105.6903,23.044],[105.8539,22.9047],[105.9992,22.9754],[106.2024,22.947],[106.3157,22.8538],[106.4878,22.9254],[106.6675,22.8675],[106.731,22.8001],[106.7355,22.6954],[106.6802,22.5795],[106.5688,22.5746],[106.533,22.4034],[106.6629,22.2233],[106.6722,22.0925],[106.7224,22.007],[107.0211,21.8923],[107.0658,21.7958],[107.1724,21.7151],[107.2727,21.7183],[107.3336,21.6125],[107.6132,21.6056],[107.7448,21.6575],[107.9912,21.4857],[108.1353,21.5819],[108.4481,21.6581],[108.5714,21.8128],[108.7516,21.6501],[108.8552,21.685],[108.9702,21.6064],[109.1358,21.603],[109.1426,21.5102],[109.2146,21.4174],[109.4382,21.4551],[109.7481,21.5749],[109.9173,21.6872],[109.9672,21.8667],[110.1424,21.8974],[110.3559,21.889],[110.3555,22.1008],[110.6424,22.1835],[110.7546,22.5802],[111.0238,22.6387],[111.066,22.7406],[111.1815,22.7485],[111.3512,22.9082],[111.411,23.0526],[111.3628,23.273],[111.3912,23.4313],[111.471,23.6132],[111.6012,23.658],[111.6575,23.8417],[111.7933,23.8492],[111.8991,23.9909],[111.8693,24.2318],[111.9759,24.2768],[112.0473,24.3815],[111.9333,24.6014],[111.9966,24.7357],[111.926,24.7749],[111.6671,24.7797],[111.5169,24.6427],[111.4282,24.681],[111.4736,24.7929],[111.4297,24.9434],[111.4269,25.1062],[111.2744,25.1477],[111.1258,25.0445],[111.079,24.9442],[110.9546,25.0253],[110.9932,25.1508],[111.1138,25.2386],[111.1642,25.3649],[111.2538,25.3991],[111.3158,25.5032],[111.3237,25.7298],[111.4113,25.8026],[111.4083,25.9079],[111.2562,25.869],[111.2021,25.9303],[111.2519,26.2797],[110.9355,26.3825],[110.8789,26.2752],[110.724,26.2743],[110.5771,26.3508],[110.4846,26.1716],[110.3417,26.1127],[110.247,25.9782],[110.062,26.1499],[109.9117,26.1812],[109.772,25.9082],[109.6032,26.0527],[109.4567,26.0389],[109.3991,25.9985],[109.3004,25.7431],[109.1486,25.7507],[109.0854,25.8054],[109.0244,25.595],[108.7741,25.5219],[108.6946,25.602],[108.5679,25.4159],[108.4048,25.5149],[108.2934,25.5387],[108.1318,25.3864],[108.1292,25.2688],[107.8619,25.146],[107.776,25.153],[107.6416,25.2675],[107.4989,25.2141],[107.3979,25.3873],[107.2442,25.5586],[107.0219,25.498],[106.9955,25.2554],[106.886,25.197],[106.6668,25.1735],[106.5871,25.1044],[106.3066,24.9815],[106.1557,24.9604],[106.1762,24.7822],[106.0012,24.6485],[105.9165,24.7287],[105.7877,24.7157],[105.6753,24.7897],[105.5086,24.8175],[105.4444,24.9236],[105.2894,24.9332],[105.2059,25.0039],[105.1001,24.9543],[105.0125,24.7975],[104.8767,24.755],[104.7293,24.6314],[104.5399,24.7418],[104.5019,24.5782],[104.5992,24.4025],[104.7287,24.3642],[104.7527,24.4683],[104.9611,24.4164],[105.0608,24.4307],[105.1762,24.3099],[105.1699,24.1674],[105.253,24.0855],[105.3203,24.1181],[105.4472,24.0376],[105.5321,24.1263],[105.788,24.0207],[105.9708,24.0877],[106.1574,23.9737],[106.1938,23.8694],[106.1522,23.7504],[106.1281,23.5407],[105.983,23.469],[105.848,23.5194],[105.5213,23.1631],[105.5352,23.099]]]}},{"type":"Feature","properties":{"sourceId":"1159310335","regionId":"region.5cb64479-6f7a-4311-b956-d1b7e325c330","countryId":"country.j4e5mk"},"geometry":{"type":"Polygon","coordinates":[[[114.0824,22.5294],[114.2298,22.5558],[114.3956,22.6135],[114.5371,22.5672],[114.5238,22.6872],[114.7167,22.7908],[114.7438,22.6094],[114.8658,22.6017],[115.0655,22.796],[115.2456,22.8354],[115.3306,22.7885],[115.3735,22.6942],[115.5239,22.7418],[115.584,22.8803],[115.6533,22.8937],[115.8099,22.8083],[115.958,22.8047],[116.0762,22.8679],[116.171,22.8645],[116.2985,22.9632],[116.4947,22.9394],[116.5633,23.0188],[116.5336,23.1091],[116.7313,23.2577],[116.7486,23.3263],[116.8666,23.4502],[116.855,23.5249],[116.9176,23.6379],[117.0234,23.6587],[117.1746,23.6163],[117.0365,23.7383],[116.9248,24.0776],[116.9677,24.1851],[116.8824,24.394],[116.7486,24.5515],[116.7453,24.6709],[116.5296,24.6154],[116.3721,24.8413],[116.1147,24.8461],[115.8875,24.9168],[115.7873,24.8609],[115.7491,24.7477],[115.7992,24.5727],[115.7058,24.5457],[115.5992,24.6091],[115.4206,24.7846],[115.2397,24.7461],[115.1391,24.6842],[115.047,24.7067],[114.8627,24.5878],[114.7405,24.6252],[114.4981,24.5558],[114.4249,24.4996],[114.1923,24.6953],[114.3016,24.7586],[114.4135,24.9797],[114.7293,25.1189],[114.6831,25.1635],[114.7069,25.2896],[114.5805,25.3601],[114.4292,25.386],[114.2788,25.2918],[114.115,25.3084],[114.026,25.2677],[114.0121,25.4351],[113.9275,25.4481],[113.8281,25.3567],[113.5825,25.3259],[113.4216,25.3838],[113.2175,25.5056],[112.9174,25.3249],[112.8891,25.2415],[112.9691,25.1806],[112.9889,24.9639],[112.8078,24.9428],[112.7141,24.9995],[112.6633,25.1131],[112.214,25.2004],[112.121,24.9493],[112.1448,24.7936],[111.9966,24.7357],[111.9333,24.6014],[112.0473,24.3815],[111.9759,24.2768],[111.8693,24.2318],[111.8991,23.9909],[111.7933,23.8492],[111.6575,23.8417],[111.6012,23.658],[111.471,23.6132],[111.3912,23.4313],[111.3628,23.273],[111.411,23.0526],[111.3512,22.9082],[111.1815,22.7485],[111.066,22.7406],[111.0238,22.6387],[110.7546,22.5802],[110.6424,22.1835],[110.3555,22.1008],[110.3559,21.889],[110.1424,21.8974],[109.9672,21.8667],[109.9173,21.6872],[109.7481,21.5749],[109.8027,21.4733],[109.7732,21.2154],[109.6702,21.1232],[109.7098,21.0572],[109.6612,20.9276],[109.6895,20.8354],[109.7732,20.8215],[109.7459,20.6298],[109.8221,20.5165],[110.0155,20.4184],[110.0271,20.3008],[110.1275,20.248],[110.2803,20.253],[110.4,20.3008],[110.5342,20.4783],[110.4085,20.5859],[110.3375,20.7258],[110.3862,20.826],[110.1567,20.8489],[110.1567,20.986],[110.4815,21.2172],[110.6365,21.2302],[110.7905,21.4038],[110.8694,21.3847],[111.2063,21.5321],[111.3013,21.4993],[111.438,21.5341],[111.6305,21.5299],[111.6904,21.6038],[111.992,21.7638],[112.1727,21.8144],[112.2449,21.7065],[112.3633,21.7333],[112.4432,21.8284],[112.608,21.7751],[112.6451,21.8494],[112.826,21.9661],[112.8794,21.8752],[112.9571,21.8757],[113.0286,21.9611],[113.0266,22.1432],[113.1575,22.0247],[113.2306,22.0432],[113.3027,22.1833],[113.4837,22.1551],[113.5877,22.2379],[113.5464,22.4376],[113.5992,22.5752],[113.4395,22.7394],[113.3679,22.8807],[113.4737,22.9182],[113.5364,23.0631],[113.6121,22.9947],[113.6626,22.7981],[113.7444,22.7612],[113.8903,22.4527],[113.9519,22.5238],[114.0824,22.5294]]]}},{"type":"Feature","properties":{"sourceId":"1159311749","regionId":"region.aa4ffd17-6e57-4da2-9902-0692d0fc1432","countryId":"country.j4e5mk"},"geometry":{"type":"Polygon","coordinates":[[[111.0105,19.6838],[110.9346,19.9951],[110.7883,20.0104],[110.6401,20.1083],[110.5803,19.9797],[110.383,20.081],[110.261,20.0331],[110.157,20.0674],[110.0896,19.9781],[109.8833,19.9848],[109.8076,19.9514],[109.719,20.0106],[109.527,19.9514],[109.465,19.8341],[109.3037,19.9217],[109.1668,19.8055],[109.1565,19.6496],[109.0159,19.6013],[108.9408,19.5141],[108.7707,19.3944],[108.6943,19.3803],[108.6317,19.2863],[108.6631,19.1562],[108.6152,19.1016],[108.6538,18.921],[108.6275,18.8359],[108.6936,18.7199],[108.695,18.5048],[108.7956,18.4866],[109.0007,18.3672],[109.0916,18.3686],[109.2181,18.3057],[109.44,18.289],[109.568,18.1932],[109.6773,18.2451],[109.7461,18.3959],[109.9154,18.4168],[110.0526,18.3902],[110.1033,18.5394],[110.2708,18.6682],[110.4268,18.6809],[110.4656,18.8819],[110.5632,19.0557],[110.589,19.1767],[110.6983,19.4169],[110.7576,19.4309],[111.0105,19.6838]]]}},{"type":"Feature","properties":{"sourceId":"1159315795","regionId":"region.1092b2d1-e950-4cee-8931-27f16e4e6e5a","countryId":"country.j4e5mk"},"geometry":{"type":"MultiPolygon","coordinates":[[[[120.4192,27.2064],[120.344,27.3796],[120.1477,27.4002],[120.0644,27.3436],[119.7701,27.3159],[119.6934,27.411],[119.6866,27.5113],[119.6158,27.6656],[119.5117,27.6367],[119.4673,27.5253],[119.2656,27.4241],[119.0053,27.4801],[118.9227,27.55],[118.8895,27.7222],[118.8198,27.91],[118.7481,27.9732],[118.7657,28.1782],[118.7352,28.326],[118.4989,28.2624],[118.4464,28.2887],[118.3489,28.2198],[118.3678,28.0997],[118.1307,28.0405],[118.0613,27.979],[117.8234,27.9373],[117.7456,27.8133],[117.6053,27.8662],[117.5444,27.9667],[117.2842,27.857],[117.2871,27.7726],[117.1123,27.5676],[117.1011,27.3467],[117.1538,27.2764],[117.0401,27.1095],[116.9234,27.021],[116.6697,26.9869],[116.5453,26.8679],[116.505,26.6893],[116.5423,26.5628],[116.6195,26.4921],[116.5945,26.3951],[116.5017,26.407],[116.399,26.2875],[116.4193,26.1529],[116.3232,25.9551],[116.1352,25.8663],[116.1237,25.7642],[116.0276,25.6364],[115.9787,25.3508],[115.8428,25.1947],[115.8875,24.9168],[116.1147,24.8461],[116.3721,24.8413],[116.5296,24.6154],[116.7453,24.6709],[116.7486,24.5515],[116.8824,24.394],[116.9677,24.1851],[116.9248,24.0776],[117.0365,23.7383],[117.1746,23.6163],[117.2636,23.6554],[117.2923,23.7622],[117.4635,23.7883],[117.5824,23.8893],[117.7914,24.0015],[117.8936,24.028],[117.9893,24.1931],[118.1265,24.262],[118.0906,24.3415],[117.9894,24.3948],[118.0448,24.576],[118.131,24.6201],[118.3517,24.5823],[118.4281,24.6313],[118.5711,24.569],[118.7468,24.7207],[118.7161,24.8436],[118.9973,24.9534],[118.8779,25.0407],[118.9873,25.2222],[119.2888,25.1891],[119.2887,25.3254],[119.1096,25.4068],[119.366,25.5207],[119.5049,25.4749],[119.4832,25.3712],[119.646,25.3926],[119.5584,25.5638],[119.4597,25.6329],[119.593,25.6932],[119.6165,25.8926],[119.699,25.9726],[119.5664,26.0502],[119.4409,25.9638],[119.2468,25.9672],[119.1952,26.0876],[119.4585,25.9825],[119.6736,26.2805],[119.6898,26.4595],[119.8189,26.4532],[119.6751,26.6188],[119.5542,26.6152],[119.5846,26.7946],[119.7327,26.7634],[119.888,26.6872],[119.9463,26.7969],[120.0797,26.6461],[120.1282,26.7969],[120.0245,26.8379],[120.1257,26.9273],[120.2374,26.9272],[120.2827,27.1123],[120.4217,27.1531],[120.2257,27.2686],[120.2761,27.3167],[120.4192,27.2064]]],[[[119.8465,25.5363],[119.777,25.6521],[119.6961,25.5093],[119.8465,25.5363]]]]}},{"type":"Feature","properties":{"sourceId":"1159311795","regionId":"region.b081d9a0-b09c-426e-bf3a-047a94567f3b","countryId":"country.j4e5mk"},"geometry":{"type":"MultiPolygon","coordinates":[[[[121.2748,30.6912],[121.1044,30.8343],[120.981,30.832],[120.9692,31.0095],[120.9093,31.0117],[120.6921,30.9766],[120.7095,30.8911],[120.5779,30.8458],[120.3617,30.9388],[120.1286,30.9432],[119.9431,31.0866],[119.9319,31.15],[119.7401,31.1765],[119.6298,31.1329],[119.575,30.8471],[119.4431,30.6392],[119.3506,30.6754],[119.2415,30.5508],[119.3208,30.5182],[119.3629,30.4045],[119.2107,30.3137],[119.0575,30.3119],[118.9347,30.3521],[118.8527,30.1593],[118.894,29.9826],[118.7413,29.8284],[118.7237,29.7302],[118.5569,29.6252],[118.3732,29.4528],[118.1747,29.4079],[118.1324,29.2979],[118.052,29.2753],[118.0008,29.1439],[118.0639,29.0506],[118.229,28.9545],[118.4255,28.6952],[118.4763,28.3323],[118.4464,28.2887],[118.4989,28.2624],[118.7352,28.326],[118.7657,28.1782],[118.7481,27.9732],[118.8198,27.91],[118.8895,27.7222],[118.9227,27.55],[119.0053,27.4801],[119.2656,27.4241],[119.4673,27.5253],[119.5117,27.6367],[119.6158,27.6656],[119.6866,27.5113],[119.6934,27.411],[119.7701,27.3159],[120.0644,27.3436],[120.1477,27.4002],[120.344,27.3796],[120.4192,27.2064],[120.5178,27.2016],[120.5459,27.4033],[120.6226,27.3804],[120.6769,27.4946],[120.6665,27.6254],[120.8075,27.8348],[120.8353,27.956],[120.9652,27.9871],[121.0094,28.1031],[121.1195,28.2189],[121.1443,28.3436],[121.2368,28.3061],[121.2879,28.1809],[121.4089,28.3049],[121.6563,28.3393],[121.5101,28.6571],[121.6699,28.8253],[121.6817,29.0268],[121.6214,29.1133],[121.4968,29.1044],[121.4712,29.1914],[121.6148,29.206],[121.8406,29.1611],[121.9397,29.2101],[121.9059,29.2846],[121.9663,29.6025],[121.9158,29.6409],[121.4651,29.4209],[121.4583,29.5252],[121.7041,29.572],[121.983,29.8232],[121.9149,29.9187],[121.6778,30.0006],[121.5068,30.22],[121.3774,30.3251],[121.1497,30.3258],[120.8928,30.1698],[120.7344,30.2322],[120.9395,30.4219],[120.9778,30.5433],[121.1309,30.5998],[121.2748,30.6912]]],[[[122.3275,30.0245],[122.0874,30.1475],[121.9746,30.148],[122.0122,30.0319],[122.1847,29.9945],[122.3275,30.0245]]]]}},{"type":"Feature","properties":{"sourceId":"1159311855","regionId":"region.95624f01-6658-43d3-9e35-1b16582f443c","countryId":"country.j4e5mk"},"geometry":{"type":"MultiPolygon","coordinates":[[[[121.3409,31.491],[121.1868,31.4575],[121.1263,31.277],[121.0347,31.1438],[120.883,31.14],[120.9093,31.0117],[120.9692,31.0095],[120.981,30.832],[121.1044,30.8343],[121.2748,30.6912],[121.4106,30.7674],[121.6311,30.8366],[121.9074,30.8571],[121.9774,30.9149],[121.877,31.0991],[121.7252,31.2816],[121.3409,31.491]]],[[[121.8441,31.6079],[121.6632,31.6524],[121.4753,31.7708],[121.2641,31.8411],[121.1763,31.7843],[121.3145,31.6556],[121.8514,31.4392],[121.9801,31.5403],[121.8441,31.6079]]]]}},{"type":"Feature","properties":{"sourceId":"1159311859","regionId":"region.e7d7d717-4da0-49f1-b499-60b08592ec27","countryId":"country.j4e5mk"},"geometry":{"type":"Polygon","coordinates":[[[119.2803,35.0766],[119.1756,35.1059],[119.0763,35.0498],[118.8668,35.0363],[118.7594,34.7486],[118.6807,34.6839],[118.4772,34.6892],[118.391,34.4437],[118.1654,34.3992],[118.0504,34.6515],[117.9147,34.677],[117.7901,34.6512],[117.7733,34.5265],[117.5907,34.4716],[117.469,34.4753],[117.337,34.5886],[117.1818,34.4501],[117.0606,34.7095],[116.9414,34.8796],[116.8276,34.9583],[116.47,34.8983],[116.4202,34.8343],[116.3772,34.6395],[116.4281,34.6397],[116.6249,34.485],[116.8023,34.4001],[116.9495,34.3893],[117.0339,34.1555],[117.1594,34.0912],[117.5035,34.0498],[117.6509,33.9825],[117.7456,33.8823],[117.7522,33.7244],[118.1237,33.766],[118.1767,33.6926],[117.9319,33.2351],[118.0807,33.1496],[118.218,33.1799],[118.239,32.9237],[118.2997,32.7774],[118.3991,32.7309],[118.7202,32.7321],[118.7482,32.8385],[118.8574,32.9723],[118.993,32.962],[119.1904,32.7112],[119.1994,32.5937],[119.0805,32.4461],[118.8913,32.5957],[118.7519,32.6125],[118.5518,32.5744],[118.6679,32.4532],[118.6504,32.2379],[118.5144,32.1998],[118.3831,32.054],[118.352,31.9467],[118.4811,31.8587],[118.4769,31.7902],[118.6844,31.7009],[118.6807,31.6468],[118.8605,31.6274],[118.8809,31.5224],[118.8272,31.3975],[118.751,31.358],[118.8161,31.2263],[119.0747,31.2388],[119.1629,31.2874],[119.3168,31.2667],[119.3628,31.1924],[119.6298,31.1329],[119.7401,31.1765],[119.9319,31.15],[119.9431,31.0866],[120.1286,30.9432],[120.3617,30.9388],[120.5779,30.8458],[120.7095,30.8911],[120.6921,30.9766],[120.9093,31.0117],[120.883,31.14],[121.0347,31.1438],[121.1263,31.277],[121.1868,31.4575],[121.3409,31.491],[121.1444,31.6847],[120.8954,31.7633],[120.7504,31.9783],[120.5178,32.0187],[120.23,31.9089],[120.0064,31.9503],[119.8556,32.087],[119.7886,32.1986],[119.6904,32.2353],[119.6924,32.3198],[119.8184,32.3137],[119.9212,32.1965],[119.992,32.0159],[120.1314,31.9432],[120.2671,31.9487],[120.4908,32.0825],[120.6344,32.077],[120.8108,32.0226],[120.9778,31.8144],[121.1151,31.7963],[121.2864,31.8906],[121.6756,31.7236],[121.8173,31.6909],[121.9221,31.7544],[121.8219,31.9525],[121.6554,32.0629],[121.4434,32.1143],[121.3541,32.4148],[121.1202,32.5074],[120.9112,32.6301],[120.8614,32.7197],[120.9078,32.8439],[120.8958,33.0136],[120.7302,33.2049],[120.6278,33.478],[120.5117,33.6567],[120.4983,33.7533],[120.4071,33.8598],[120.3713,34.036],[120.2571,34.3118],[119.94,34.4579],[119.8262,34.4704],[119.641,34.5505],[119.3467,34.7808],[119.2019,34.785],[119.1929,35.0004],[119.2803,35.0766]]]}},{"type":"Feature","properties":{"sourceId":"1159312031","regionId":"region.cccd5b64-3f21-4ee3-ab65-1a876e2c5503","countryId":"country.j4e5mk"},"geometry":{"type":"Polygon","coordinates":[[[117.8372,38.2709],[117.6873,38.0727],[117.5687,38.0489],[117.4206,37.8467],[116.8395,37.8337],[116.7439,37.7993],[116.6087,37.6394],[116.4106,37.4846],[116.3501,37.6209],[116.2199,37.4624],[116.2556,37.3873],[115.975,37.3217],[115.8518,37.0572],[115.6264,36.7936],[115.4778,36.7536],[115.3416,36.5998],[115.2757,36.4742],[115.4489,36.2492],[115.4603,36.1579],[115.424,35.9946],[115.4682,35.9129],[115.7387,35.9686],[115.8287,36.031],[115.9657,35.9859],[115.618,35.7313],[115.5042,35.7228],[115.3951,35.6158],[115.345,35.4963],[115.2265,35.4162],[115.0684,35.3801],[114.9417,35.2188],[114.8643,35.1887],[114.8342,35.0162],[114.9978,35.0078],[115.1745,34.9442],[115.216,34.8357],[115.3176,34.8428],[115.4293,34.7797],[115.4358,34.6757],[115.5417,34.5775],[115.7068,34.6003],[115.8164,34.5714],[116.0437,34.6002],[116.1513,34.5667],[116.3772,34.6395],[116.4202,34.8343],[116.47,34.8983],[116.8276,34.9583],[116.9414,34.8796],[117.0606,34.7095],[117.1818,34.4501],[117.337,34.5886],[117.469,34.4753],[117.5907,34.4716],[117.7733,34.5265],[117.7901,34.6512],[117.9147,34.677],[118.0504,34.6515],[118.1654,34.3992],[118.391,34.4437],[118.4772,34.6892],[118.6807,34.6839],[118.7594,34.7486],[118.8668,35.0363],[119.0763,35.0498],[119.1756,35.1059],[119.2803,35.0766],[119.358,35.0971],[119.4239,35.3135],[119.5515,35.38],[119.648,35.5839],[119.8116,35.6479],[119.9002,35.7363],[120.0029,35.7278],[120.0388,35.8428],[120.2428,35.9736],[120.1002,36.0961],[120.1053,36.2009],[120.2735,36.2343],[120.3616,36.1916],[120.3535,36.0408],[120.6968,36.144],[120.6477,36.3309],[120.7506,36.4592],[120.95,36.4592],[120.9203,36.5533],[121.1577,36.6686],[121.4089,36.754],[121.5601,36.7676],[121.786,36.8912],[122.0396,36.9846],[122.2112,36.9184],[122.3198,36.8229],[122.5254,36.9445],[122.4485,37.0572],[122.4476,37.1474],[122.6029,37.2099],[122.5491,37.3109],[122.6561,37.3846],[122.2965,37.4182],[122.1299,37.4835],[121.6594,37.4727],[121.5916,37.4245],[121.4769,37.468],[121.3817,37.5661],[121.1915,37.5752],[121.138,37.7012],[121.0326,37.7104],[120.9258,37.8193],[120.738,37.834],[120.4634,37.7477],[120.3064,37.6652],[120.2976,37.5979],[120.0598,37.4404],[119.8589,37.3602],[119.8973,37.2494],[119.7706,37.1518],[119.4412,37.1206],[119.1455,37.1789],[118.9724,37.2807],[118.9446,37.3781],[118.9767,37.6109],[119.0371,37.7221],[119.2431,37.7695],[118.9966,37.9631],[118.8401,38.1526],[118.6549,38.1457],[118.543,38.0683],[118.2158,38.145],[118.0848,38.1387],[117.8372,38.2709]]]}},{"type":"Feature","properties":{"sourceId":"1159312747","regionId":"region.451e0178-3cbf-43e3-8249-4c7dc43be9e6","countryId":"country.j4e5mk"},"geometry":{"type":"MultiPolygon","coordinates":[[[[117.5435,38.6213],[117.2713,38.5592],[117.0949,38.6118],[117.0211,38.7082],[116.8808,38.6994],[116.7108,38.8205],[116.7122,39.0118],[116.8918,39.1025],[116.8261,39.2165],[116.8535,39.3414],[116.7912,39.4929],[116.7934,39.6023],[116.6044,39.6112],[116.4283,39.5214],[116.3866,39.4421],[116.2104,39.5719],[115.9454,39.5754],[115.7559,39.509],[115.6185,39.6037],[115.4634,39.6432],[115.4373,39.7493],[115.5109,39.8385],[115.4271,39.9626],[115.5776,40.0963],[115.8198,40.1519],[115.9452,40.2937],[115.7282,40.5396],[115.8745,40.6102],[115.9947,40.596],[116.1304,40.658],[116.2073,40.7504],[116.4589,40.7916],[116.4382,40.8997],[116.6527,41.031],[116.6758,40.9401],[116.9104,40.7492],[117.058,40.6772],[117.4285,40.669],[117.4118,40.5974],[117.2431,40.5702],[117.2505,40.3378],[117.3568,40.257],[117.7497,40.0635],[117.7656,39.9641],[117.5013,39.9887],[117.5331,39.7504],[117.6225,39.6664],[117.6309,39.5759],[117.8928,39.5646],[117.8971,39.3987],[118.0079,39.3427],[118.0096,39.2186],[118.1405,39.1728],[118.2353,39.0531],[118.3443,39.0307],[118.6194,39.161],[118.9402,39.1389],[119.1848,39.3548],[119.3051,39.433],[119.262,39.5351],[119.3396,39.7156],[119.5356,39.8908],[119.8502,39.9863],[119.738,40.0995],[119.7426,40.2052],[119.6347,40.2091],[119.5637,40.5401],[119.2936,40.5307],[119.1898,40.6201],[119.0679,40.6513],[118.8547,40.8206],[118.9648,41.0747],[119.1635,41.1764],[119.231,41.2734],[119.1527,41.3122],[118.4784,41.3551],[118.3703,41.314],[118.3136,41.5696],[118.1594,41.7191],[118.2782,41.7527],[118.3222,41.8635],[118.2679,42.0739],[118.1339,42.0219],[118.0242,42.3826],[117.8005,42.5688],[117.4504,42.5493],[117.4124,42.4581],[117.2439,42.4823],[117.0559,42.4628],[116.8871,42.3954],[116.8266,42.3082],[116.8789,42.2202],[116.8581,42.0195],[116.5997,41.9237],[116.3775,42.0097],[116.2072,41.884],[116.0379,41.8006],[115.9373,41.9275],[115.8588,41.9275],[115.5275,41.7723],[115.3398,41.7208],[115.3474,41.6241],[115.2259,41.5858],[115.0974,41.6162],[114.889,41.61],[114.8758,41.8117],[114.9203,41.9369],[114.8049,42.1784],[114.5963,42.1413],[114.4813,42.0753],[114.4197,41.9563],[114.2557,41.8601],[114.1971,41.5936],[114.0273,41.5313],[113.928,41.4184],[113.9089,41.294],[113.9849,41.2409],[113.8807,41.0993],[114.0186,40.9236],[114.0601,40.8137],[114.1541,40.7426],[114.1517,40.6736],[114.2576,40.55],[114.2858,40.3786],[114.4337,40.3605],[114.4503,40.2938],[114.0854,40.185],[113.996,40.1318],[113.9359,40.0157],[114.086,39.9169],[114.3828,39.8611],[114.4021,39.6585],[114.5409,39.5312],[114.4203,39.3],[114.394,39.1693],[114.2163,39.069],[114.0127,39.1188],[113.8533,39.0723],[113.7602,38.9092],[113.8251,38.8103],[113.5345,38.5373],[113.518,38.3776],[113.5579,38.2434],[113.7907,38.1529],[113.8915,37.9495],[114.0264,37.7508],[114.1004,37.6982],[114.0531,37.5006],[113.7543,37.1149],[113.776,36.8906],[113.6792,36.8716],[113.6078,36.7691],[113.4539,36.7366],[113.4587,36.6358],[113.5351,36.4834],[113.721,36.3559],[113.9893,36.359],[114.1563,36.2467],[114.3431,36.2447],[114.5484,36.139],[114.7072,36.1528],[115.0338,36.1009],[115.1061,36.1846],[115.2452,36.1614],[115.3497,36.0822],[115.4603,36.1579],[115.4489,36.2492],[115.2757,36.4742],[115.3416,36.5998],[115.4778,36.7536],[115.6264,36.7936],[115.8518,37.0572],[115.975,37.3217],[116.2556,37.3873],[116.2199,37.4624],[116.3501,37.6209],[116.4106,37.4846],[116.6087,37.6394],[116.7439,37.7993],[116.8395,37.8337],[117.4206,37.8467],[117.5687,38.0489],[117.6873,38.0727],[117.8372,38.2709],[117.7161,38.3785],[117.5435,38.6213]]],[[[117.2391,40.0926],[116.9877,40.0344],[116.8294,40.0367],[116.7442,39.959],[116.9222,39.7736],[116.8756,39.6865],[117.1528,39.6184],[117.2029,39.7616],[117.1475,39.948],[117.2391,40.0926]]]]}},{"type":"Feature","properties":{"sourceId":"1159312751","regionId":"region.60cb80f1-b0ee-4dfc-b9a9-c868706dcb2c","countryId":"country.j4e5mk"},"geometry":{"type":"Polygon","coordinates":[[[118.0096,39.2186],[118.0079,39.3427],[117.8971,39.3987],[117.8928,39.5646],[117.6309,39.5759],[117.6225,39.6664],[117.5331,39.7504],[117.5013,39.9887],[117.7656,39.9641],[117.7497,40.0635],[117.3568,40.257],[117.3106,40.1105],[117.2391,40.0926],[117.1475,39.948],[117.2029,39.7616],[117.1528,39.6184],[116.8756,39.6865],[116.7934,39.6023],[116.7912,39.4929],[116.8535,39.3414],[116.8261,39.2165],[116.8918,39.1025],[116.7122,39.0118],[116.7108,38.8205],[116.8808,38.6994],[117.0211,38.7082],[117.0949,38.6118],[117.2713,38.5592],[117.5435,38.6213],[117.584,38.8116],[117.7088,38.981],[117.7183,39.093],[117.8856,39.2011],[118.0096,39.2186]]]}},{"type":"Feature","properties":{"sourceId":"1159315645","regionId":"region.9a1072c9-7a50-490a-aabf-8b022cd4cdf7","countryId":"country.j4e5mk"},"geometry":{"type":"Polygon","coordinates":[[[111.1965,15.7754],[111.2075,15.7822],[111.1994,15.7892],[111.1965,15.7754]]]}},{"type":"Feature","properties":{"sourceId":"1159310969","regionId":"region.7e72d40d-ee2a-4882-9ea0-c10480ea472a","countryId":"country.j4e5mk"},"geometry":{"type":"Polygon","coordinates":[[[117.3568,40.257],[117.2505,40.3378],[117.2431,40.5702],[117.4118,40.5974],[117.4285,40.669],[117.058,40.6772],[116.9104,40.7492],[116.6758,40.9401],[116.6527,41.031],[116.4382,40.8997],[116.4589,40.7916],[116.2073,40.7504],[116.1304,40.658],[115.9947,40.596],[115.8745,40.6102],[115.7282,40.5396],[115.9452,40.2937],[115.8198,40.1519],[115.5776,40.0963],[115.4271,39.9626],[115.5109,39.8385],[115.4373,39.7493],[115.4634,39.6432],[115.6185,39.6037],[115.7559,39.509],[115.9454,39.5754],[116.2104,39.5719],[116.3866,39.4421],[116.4283,39.5214],[116.6044,39.6112],[116.7934,39.6023],[116.8756,39.6865],[116.9222,39.7736],[116.7442,39.959],[116.8294,40.0367],[116.9877,40.0344],[117.2391,40.0926],[117.3106,40.1105],[117.3568,40.257]]]}},{"type":"Feature","properties":{"sourceId":"1159312663","regionId":"region.46204ead-8daa-471e-a4bb-4a3a79720487","countryId":"country.j4e5mk"},"geometry":{"type":"Polygon","coordinates":[[[108.5184,32.1976],[108.4794,32.2503],[108.2367,32.2627],[108.0518,32.2266],[107.9601,32.1583],[107.6592,32.3886],[107.4596,32.4086],[107.4483,32.5222],[107.2841,32.4529],[107.07,32.5229],[107.0653,32.7083],[106.7126,32.7378],[106.604,32.6755],[106.364,32.6387],[106.2289,32.592],[106.0565,32.7136],[106.0823,32.8735],[105.8755,32.8447],[105.8134,32.7621],[105.6333,32.7075],[105.5683,32.7305],[105.4986,32.9074],[105.4352,32.7736],[105.27,32.6417],[105.1468,32.6083],[105.0318,32.6387],[104.8983,32.6118],[104.5584,32.6883],[104.4057,32.8094],[104.2889,32.8479],[104.4059,33.0633],[104.3282,33.1404],[104.2929,33.3636],[104.1747,33.4902],[104.1563,33.624],[104.093,33.6685],[103.7451,33.676],[103.5228,33.7141],[103.5586,33.8069],[103.3507,33.7557],[103.1842,33.8221],[103.1201,34.1686],[103.0006,34.214],[102.9306,34.2956],[102.7818,34.2742],[102.5978,34.1655],[102.6176,34.0835],[102.4406,34.0597],[102.1712,33.9418],[102.3431,33.7252],[102.356,33.6094],[102.4818,33.5401],[102.4818,33.465],[102.2788,33.3778],[101.8637,33.1226],[101.8322,33.2692],[101.9232,33.4064],[101.884,33.5463],[101.7775,33.53],[101.6651,33.3204],[101.7269,33.2678],[101.6436,33.1278],[101.4452,33.2359],[101.1641,33.1281],[101.1314,32.9384],[101.2319,32.8577],[101.1708,32.6883],[100.9022,32.6305],[100.6971,32.6857],[100.5609,32.5633],[100.3994,32.7584],[100.119,32.6709],[100.1586,32.7823],[100.0469,32.9355],[99.841,32.957],[99.7693,32.9218],[99.6985,32.7446],[99.5094,32.8354],[99.2894,32.8871],[99.2253,32.9989],[98.8521,33.1749],[98.7729,33.3027],[98.7357,33.4898],[98.6333,33.6077],[98.6458,33.6762],[98.4579,33.8401],[98.3017,33.8458],[98.2118,33.9395],[98.0349,33.9598],[97.8191,33.8642],[97.6102,33.9309],[97.3835,33.8699],[97.3905,33.6114],[97.5393,33.4537],[97.7243,33.4061],[97.5005,33.1944],[97.5043,33.0456],[97.361,32.897],[97.4307,32.7003],[97.7157,32.5442],[98.0142,32.4645],[98.2058,32.3556],[98.2202,32.2522],[98.453,31.9841],[98.4455,31.8036],[98.5922,31.5988],[98.885,31.3541],[98.7678,31.2304],[98.6827,31.3159],[98.6203,31.1879],[98.803,30.991],[98.7751,30.9022],[98.9543,30.7479],[98.9054,30.6638],[98.9607,30.46],[98.9868,30.1444],[99.0563,29.9153],[99.0055,29.8201],[98.9868,29.6509],[99.042,29.5625],[99.0625,29.3083],[99.1088,29.2238],[99.1177,28.7087],[99.1695,28.6025],[99.1626,28.4382],[99.2747,28.2773],[99.3815,28.1845],[99.3931,28.5428],[99.5029,28.5794],[99.6287,28.8146],[99.8284,28.6726],[100.001,28.4562],[100.1431,28.3416],[100.162,28.2363],[100.0469,28.1871],[100.0588,28.0661],[100.2021,27.8988],[100.2959,27.8526],[100.5326,27.8163],[100.6609,27.8751],[100.8721,27.562],[100.8669,27.4947],[100.9917,27.3308],[101.0038,27.1975],[101.1728,27.1911],[101.1415,27.0449],[101.3424,26.871],[101.3707,26.7746],[101.5029,26.7664],[101.4124,26.5697],[101.5442,26.495],[101.6436,26.3495],[101.58,26.3069],[101.7637,26.1763],[101.8495,26.0348],[101.9216,26.0989],[102.1126,26.0844],[102.2521,26.2289],[102.5681,26.3786],[102.6099,26.2602],[102.7203,26.2376],[102.8782,26.3651],[103.0033,26.4004],[103.0579,26.5572],[102.9753,26.8311],[102.9013,26.9247],[102.9139,27.1123],[102.8895,27.2915],[102.9774,27.3889],[103.1208,27.4123],[103.2181,27.5669],[103.4148,27.7429],[103.5085,27.8645],[103.5142,27.9714],[103.4346,28.0682],[103.5718,28.2432],[103.7089,28.2159],[103.8803,28.3257],[103.7952,28.5312],[103.8367,28.6049],[104.0568,28.6305],[104.4142,28.6401],[104.2501,28.5308],[104.2685,28.3338],[104.3765,28.2823],[104.4446,28.0999],[104.3338,28.0467],[104.3754,27.9617],[104.6048,27.8458],[104.8974,27.9011],[104.9662,28.0478],[105.0557,28.0881],[105.2824,28.0007],[105.2281,27.8558],[105.297,27.7217],[105.5245,27.7746],[105.6469,27.6781],[106.1036,27.7881],[106.2476,27.7752],[106.3454,27.8349],[106.299,28.0004],[106.1993,28.1243],[106.1094,28.1747],[105.9062,28.1506],[105.8468,28.2692],[105.6672,28.3183],[105.6206,28.4824],[105.6832,28.5834],[105.8919,28.6093],[105.9844,28.7535],[106.1888,28.5846],[106.3824,28.5725],[106.298,28.6724],[106.2603,28.8693],[106.0084,28.9734],[105.878,28.92],[105.7453,28.9948],[105.7006,29.2237],[105.6446,29.2697],[105.4224,29.3336],[105.4052,29.43],[105.3148,29.4696],[105.2911,29.5848],[105.4117,29.7032],[105.5515,29.7476],[105.5575,29.8039],[105.71,29.8675],[105.7389,30.0326],[105.5572,30.1476],[105.7087,30.2741],[105.7917,30.4234],[106.1247,30.3423],[106.239,30.2202],[106.5323,30.3377],[106.6178,30.2687],[106.7173,30.0593],[106.7704,30.0366],[107.0329,30.0579],[107.2287,30.2382],[107.3721,30.4999],[107.4776,30.6095],[107.4567,30.7609],[107.5076,30.822],[107.7363,30.8832],[107.8499,30.8096],[107.9295,30.8727],[108.0068,31.0386],[108.0331,31.2222],[108.194,31.3309],[108.2231,31.4679],[108.4068,31.566],[108.5162,31.7083],[108.5007,31.7908],[108.287,31.9222],[108.2678,31.9729],[108.389,32.1843],[108.5184,32.1976]]]}},{"type":"Feature","properties":{"sourceId":"1159310931","regionId":"region.b4f65c70-c921-4996-91d4-e0ab9bd3aa34","countryId":"country.j4e5mk"},"geometry":{"type":"Polygon","coordinates":[[[108.5184,32.1976],[108.389,32.1843],[108.2678,31.9729],[108.287,31.9222],[108.5007,31.7908],[108.5162,31.7083],[108.4068,31.566],[108.2231,31.4679],[108.194,31.3309],[108.0331,31.2222],[108.0068,31.0386],[107.9295,30.8727],[107.8499,30.8096],[107.7363,30.8832],[107.5076,30.822],[107.4567,30.7609],[107.4776,30.6095],[107.3721,30.4999],[107.2287,30.2382],[107.0329,30.0579],[106.7704,30.0366],[106.7173,30.0593],[106.6178,30.2687],[106.5323,30.3377],[106.239,30.2202],[106.1247,30.3423],[105.7917,30.4234],[105.7087,30.2741],[105.5572,30.1476],[105.7389,30.0326],[105.71,29.8675],[105.5575,29.8039],[105.5515,29.7476],[105.4117,29.7032],[105.2911,29.5848],[105.3148,29.4696],[105.4052,29.43],[105.4224,29.3336],[105.6446,29.2697],[105.7006,29.2237],[105.7453,28.9948],[105.878,28.92],[106.0084,28.9734],[106.2603,28.8693],[106.298,28.6724],[106.3824,28.5725],[106.4887,28.541],[106.5624,28.7671],[106.6265,28.6374],[106.5624,28.5107],[106.75,28.5022],[106.829,28.6087],[106.8351,28.7305],[106.9733,28.8045],[107.0307,28.8876],[107.1611,28.8813],[107.297,28.8084],[107.4368,28.8773],[107.4997,28.9931],[107.424,29.077],[107.4305,29.1829],[107.5572,29.1868],[107.7835,29.1374],[107.7898,29.0402],[107.8754,28.9841],[108.0546,29.0645],[108.2862,29.0772],[108.3673,28.777],[108.3303,28.6892],[108.5824,28.6011],[108.5828,28.3742],[108.73,28.4754],[108.7837,28.4261],[108.7285,28.2422],[108.9429,28.1999],[109.095,28.2052],[109.1553,28.4355],[109.2584,28.5059],[109.2132,28.6288],[109.2812,28.7291],[109.2467,28.7855],[109.2748,29.0493],[109.2066,29.1042],[109.0142,29.3075],[108.9206,29.349],[108.872,29.5016],[108.872,29.639],[108.696,29.6982],[108.613,29.858],[108.5126,29.7219],[108.4004,29.8311],[108.5382,29.8855],[108.532,30.3155],[108.3806,30.3997],[108.4332,30.4873],[108.8684,30.5514],[108.9646,30.6075],[109.1793,30.5668],[109.3942,30.5837],[109.6398,30.7179],[109.7486,30.8354],[109.8707,30.8886],[110.0662,30.8285],[110.1277,30.9064],[110.1076,31.1223],[110.1749,31.1887],[110.1082,31.398],[109.9295,31.5187],[109.7326,31.5611],[109.7245,31.6361],[109.594,31.7376],[109.336,31.7052],[109.0559,31.9406],[108.7893,32.0453],[108.5184,32.1976]]]}},{"type":"Feature","properties":{"sourceId":"1159310929","regionId":"region.218bec5a-9ae0-430e-888f-16e516767f7f","countryId":"country.j4e5mk"},"geometry":{"type":"Polygon","coordinates":[[[109.2584,28.5059],[109.1553,28.4355],[109.095,28.2052],[108.9429,28.1999],[108.7285,28.2422],[108.7837,28.4261],[108.73,28.4754],[108.5828,28.3742],[108.5824,28.6011],[108.3303,28.6892],[108.3673,28.777],[108.2862,29.0772],[108.0546,29.0645],[107.8754,28.9841],[107.7898,29.0402],[107.7835,29.1374],[107.5572,29.1868],[107.4305,29.1829],[107.424,29.077],[107.4997,28.9931],[107.4368,28.8773],[107.297,28.8084],[107.1611,28.8813],[107.0307,28.8876],[106.9733,28.8045],[106.8351,28.7305],[106.829,28.6087],[106.75,28.5022],[106.5624,28.5107],[106.6265,28.6374],[106.5624,28.7671],[106.4887,28.541],[106.3824,28.5725],[106.1888,28.5846],[105.9844,28.7535],[105.8919,28.6093],[105.6832,28.5834],[105.6206,28.4824],[105.6672,28.3183],[105.8468,28.2692],[105.9062,28.1506],[106.1094,28.1747],[106.1993,28.1243],[106.299,28.0004],[106.3454,27.8349],[106.2476,27.7752],[106.1036,27.7881],[105.6469,27.6781],[105.5245,27.7746],[105.297,27.7217],[105.1974,27.3986],[105.0826,27.4125],[104.8709,27.3098],[104.7834,27.3322],[104.5942,27.3138],[104.4437,27.3472],[104.3444,27.4412],[104.1743,27.2715],[103.9811,27.3995],[103.9113,27.3904],[103.6954,27.1517],[103.7009,27.0524],[103.7783,26.9559],[103.7173,26.799],[103.7751,26.7317],[103.7578,26.6294],[103.8292,26.5471],[104.0204,26.5142],[104.1534,26.6512],[104.3585,26.6478],[104.5594,26.5847],[104.6755,26.3793],[104.5452,26.2704],[104.499,26.0308],[104.3929,25.9479],[104.4206,25.8569],[104.3062,25.6648],[104.4224,25.5793],[104.4327,25.5068],[104.5535,25.4845],[104.5658,25.3812],[104.7197,25.2109],[104.707,25.0173],[104.5456,24.8134],[104.5399,24.7418],[104.7293,24.6314],[104.8767,24.755],[105.0125,24.7975],[105.1001,24.9543],[105.2059,25.0039],[105.2894,24.9332],[105.4444,24.9236],[105.5086,24.8175],[105.6753,24.7897],[105.7877,24.7157],[105.9165,24.7287],[106.0012,24.6485],[106.1762,24.7822],[106.1557,24.9604],[106.3066,24.9815],[106.5871,25.1044],[106.6668,25.1735],[106.886,25.197],[106.9955,25.2554],[107.0219,25.498],[107.2442,25.5586],[107.3979,25.3873],[107.4989,25.2141],[107.6416,25.2675],[107.776,25.153],[107.8619,25.146],[108.1292,25.2688],[108.1318,25.3864],[108.2934,25.5387],[108.4048,25.5149],[108.5679,25.4159],[108.6946,25.602],[108.7741,25.5219],[109.0244,25.595],[109.0854,25.8054],[109.1486,25.7507],[109.3004,25.7431],[109.3991,25.9985],[109.4567,26.0389],[109.3993,26.2699],[109.2966,26.3125],[109.315,26.4257],[109.4026,26.5373],[109.3772,26.6462],[109.294,26.7273],[109.5053,26.8248],[109.4438,26.901],[109.5071,26.9764],[109.4382,27.131],[109.2306,27.152],[109.0955,27.1344],[108.9502,27.0269],[108.7913,27.0831],[109.0149,27.2622],[109.2064,27.4448],[109.4184,27.5595],[109.4473,27.65],[109.3282,27.8077],[109.2987,28.0947],[109.3543,28.2652],[109.2639,28.3222],[109.2584,28.5059]]]}},{"type":"Feature","properties":{"sourceId":"1159312745","regionId":"region.1d5c441a-68b9-4649-baec-8f9e9c20ba71","countryId":"country.j4e5mk"},"geometry":{"type":"Polygon","coordinates":[[[109.2584,28.5059],[109.2639,28.3222],[109.3543,28.2652],[109.2987,28.0947],[109.3282,27.8077],[109.4473,27.65],[109.4184,27.5595],[109.2064,27.4448],[109.0149,27.2622],[108.7913,27.0831],[108.9502,27.0269],[109.0955,27.1344],[109.2306,27.152],[109.4382,27.131],[109.5071,26.9764],[109.4438,26.901],[109.5053,26.8248],[109.294,26.7273],[109.3772,26.6462],[109.4026,26.5373],[109.315,26.4257],[109.2966,26.3125],[109.3993,26.2699],[109.4567,26.0389],[109.6032,26.0527],[109.772,25.9082],[109.9117,26.1812],[110.062,26.1499],[110.247,25.9782],[110.3417,26.1127],[110.4846,26.1716],[110.5771,26.3508],[110.724,26.2743],[110.8789,26.2752],[110.9355,26.3825],[111.2519,26.2797],[111.2021,25.9303],[111.2562,25.869],[111.4083,25.9079],[111.4113,25.8026],[111.3237,25.7298],[111.3158,25.5032],[111.2538,25.3991],[111.1642,25.3649],[111.1138,25.2386],[110.9932,25.1508],[110.9546,25.0253],[111.079,24.9442],[111.1258,25.0445],[111.2744,25.1477],[111.4269,25.1062],[111.4297,24.9434],[111.4736,24.7929],[111.4282,24.681],[111.5169,24.6427],[111.6671,24.7797],[111.926,24.7749],[111.9966,24.7357],[112.1448,24.7936],[112.121,24.9493],[112.214,25.2004],[112.6633,25.1131],[112.7141,24.9995],[112.8078,24.9428],[112.9889,24.9639],[112.9691,25.1806],[112.8891,25.2415],[112.9174,25.3249],[113.2175,25.5056],[113.4216,25.3838],[113.5825,25.3259],[113.8281,25.3567],[113.9275,25.4481],[113.9824,25.5817],[113.9072,25.7498],[114.0183,25.9346],[114.0414,26.0688],[114.2135,26.1698],[113.9395,26.2094],[114.0684,26.4537],[114.0851,26.5775],[113.8647,26.6559],[113.8316,26.8275],[113.8924,26.9453],[113.754,27.1419],[113.851,27.3459],[113.6675,27.3295],[113.6001,27.3682],[113.5621,27.5906],[113.701,27.8189],[113.7368,27.9816],[113.9165,28.0212],[114.0138,28.1065],[114.0919,28.2577],[114.1845,28.2931],[114.2269,28.409],[114.1128,28.6155],[114.1427,28.7885],[114.0121,28.9129],[113.9052,28.956],[113.9024,29.0663],[113.7728,29.1253],[113.6549,29.124],[113.5877,29.2938],[113.7294,29.4371],[113.6347,29.6848],[113.5362,29.6857],[113.5195,29.8417],[113.4158,29.7646],[113.1457,29.4721],[113.0081,29.5181],[112.9085,29.6008],[112.9456,29.7093],[112.8862,29.7918],[112.6481,29.6269],[112.4439,29.6414],[112.3631,29.5722],[112.17,29.649],[111.9236,29.8564],[111.7686,29.9196],[111.5849,29.9044],[111.415,29.9258],[111.2462,30.0317],[110.7419,30.0962],[110.7156,30.0296],[110.5434,30.055],[110.4632,30.014],[110.5006,29.8626],[110.5912,29.7714],[110.4467,29.7267],[110.3617,29.6501],[110.1039,29.7854],[109.7832,29.7349],[109.7,29.6557],[109.4323,29.5339],[109.3382,29.2897],[109.2692,29.2424],[109.2066,29.1042],[109.2748,29.0493],[109.2467,28.7855],[109.2812,28.7291],[109.2132,28.6288],[109.2584,28.5059]]]}},{"type":"Feature","properties":{"sourceId":"1159312659","regionId":"region.1b70460c-2ef1-4c67-951e-2caaa6deb3b4","countryId":"country.j4e5mk"},"geometry":{"type":"Polygon","coordinates":[[[107.6576,37.8529],[107.4047,37.9217],[107.3242,38.0659],[107.1626,38.1386],[107.0608,38.1149],[106.8292,38.1504],[106.4701,38.2907],[106.645,38.4592],[106.7044,38.6372],[106.9317,38.9211],[106.9778,39.0356],[106.8082,39.1991],[106.7891,39.361],[106.6141,39.3583],[106.4969,39.2858],[106.2757,39.2692],[106.2834,39.1565],[106.1132,39.1208],[106.0603,38.9791],[105.8966,38.7362],[105.8412,38.5713],[105.8281,38.2268],[105.7556,38.1355],[105.8247,38.0055],[105.7881,37.8051],[105.6587,37.7398],[105.3544,37.7526],[105.0849,37.6607],[104.9443,37.5457],[104.647,37.5066],[104.4252,37.4986],[104.3585,37.4012],[104.4645,37.4402],[104.6895,37.4119],[104.7647,37.2505],[104.8554,37.2182],[104.9224,37.0968],[105.1802,36.9721],[105.3217,36.7807],[105.2205,36.693],[105.2687,36.5502],[105.3928,36.3844],[105.4459,36.2546],[105.4374,36.1067],[105.3515,36.0576],[105.3181,35.9332],[105.4318,35.7564],[105.687,35.6605],[105.8294,35.4936],[105.9361,35.5248],[106.0651,35.4877],[106.2107,35.3952],[106.3134,35.2736],[106.4649,35.3324],[106.4951,35.5531],[106.4696,35.7274],[106.7671,35.7066],[106.9134,35.7888],[106.9448,36.0769],[106.8137,36.2116],[106.6039,36.2778],[106.4966,36.2684],[106.5024,36.7065],[106.6022,36.7258],[106.649,36.8342],[106.5748,36.9313],[106.6339,36.9979],[106.6441,37.1817],[106.7907,37.1897],[106.9329,37.1072],[107.1878,37.1171],[107.2855,37.0685],[107.325,37.1636],[107.238,37.3014],[107.3172,37.5902],[107.4361,37.6635],[107.5094,37.7643],[107.6067,37.7657],[107.6576,37.8529]]]}},{"type":"Feature","properties":{"sourceId":"1159312661","regionId":"region.3f3c87bc-e848-4b21-9096-ef537408b360","countryId":"country.j4e5mk"},"geometry":{"type":"Polygon","coordinates":[[[108.5184,32.1976],[108.7893,32.0453],[109.0559,31.9406],[109.336,31.7052],[109.594,31.7376],[109.6102,31.9273],[109.6663,32.043],[109.619,32.1889],[109.4874,32.3359],[109.5613,32.405],[109.5794,32.5412],[109.6348,32.5906],[109.8795,32.5916],[110.0009,32.5519],[110.1683,32.6224],[110.0958,32.8413],[109.8991,32.9144],[109.7396,32.93],[109.7573,33.0801],[109.491,33.145],[109.5157,33.2371],[109.6597,33.2641],[110.0943,33.2133],[110.2344,33.1563],[110.4323,33.1731],[110.5474,33.2453],[110.6045,33.1539],[110.7113,33.1081],[110.8234,33.1989],[110.9746,33.2665],[111.0156,33.3744],[110.9682,33.5988],[110.7921,33.7051],[110.7492,33.8028],[110.5938,33.8797],[110.6424,33.9803],[110.6067,34.1705],[110.4338,34.2614],[110.4787,34.3264],[110.3277,34.4798],[110.336,34.6158],[110.2523,34.6633],[110.2597,34.9448],[110.3354,35.198],[110.4248,35.2942],[110.6198,35.5973],[110.5604,35.8492],[110.511,35.8869],[110.4472,36.1419],[110.4832,36.593],[110.3975,36.7814],[110.3895,37.022],[110.4601,37.0513],[110.665,37.2823],[110.6303,37.3966],[110.7888,37.5614],[110.7531,37.7458],[110.515,37.955],[110.5112,38.2022],[110.6712,38.317],[110.8994,38.5455],[110.8718,38.6214],[110.9803,38.8166],[110.995,39.0038],[111.118,39.0674],[111.2249,39.3105],[111.11,39.3852],[111.041,39.423],[111.1371,39.565],[111.0131,39.5649],[110.8457,39.4652],[110.6849,39.2644],[110.6034,39.2672],[110.4942,39.3743],[110.3381,39.3181],[110.2252,39.4241],[110.1092,39.4284],[110.1769,39.2852],[109.9633,39.1813],[109.8206,39.0545],[109.6743,39.0112],[109.538,38.7852],[109.4239,38.7691],[109.3132,38.6205],[109.16,38.5421],[108.9864,38.3352],[108.9535,38.1991],[109.028,38.111],[108.9543,37.9255],[108.7907,37.9418],[108.7643,37.6819],[108.4964,37.6686],[108.333,37.6336],[108.0387,37.6325],[107.885,37.8016],[107.6576,37.8529],[107.6067,37.7657],[107.5094,37.7643],[107.4361,37.6635],[107.3172,37.5902],[107.238,37.3014],[107.325,37.1636],[107.2855,37.0685],[107.2996,36.9072],[107.5009,36.8908],[107.8865,36.7554],[108.0417,36.5977],[108.3564,36.546],[108.4413,36.4613],[108.6065,36.432],[108.7037,36.359],[108.6499,36.2265],[108.6998,36.1255],[108.6771,36.0052],[108.4931,35.8812],[108.51,35.7009],[108.6037,35.5479],[108.6172,35.3928],[108.4926,35.2725],[108.2768,35.2628],[108.155,35.2906],[107.9787,35.2235],[107.7417,35.3184],[107.6705,35.228],[107.8303,34.9767],[107.5696,34.9654],[107.4969,34.9258],[107.3208,34.9422],[107.2109,34.8918],[107.0515,35.0381],[106.9148,35.089],[106.5646,35.0796],[106.4912,35.0301],[106.5497,34.8626],[106.4915,34.741],[106.3177,34.5833],[106.3684,34.5202],[106.4983,34.5202],[106.6736,34.3847],[106.656,34.2542],[106.5137,34.1066],[106.4302,33.9421],[106.4798,33.8682],[106.4817,33.7009],[106.5595,33.5986],[106.4955,33.5436],[106.3927,33.6188],[106.1706,33.5622],[106.0735,33.6175],[105.8324,33.4975],[105.7472,33.294],[105.9127,33.2337],[105.8865,32.978],[105.6393,32.8855],[105.4986,32.9074],[105.5683,32.7305],[105.6333,32.7075],[105.8134,32.7621],[105.8755,32.8447],[106.0823,32.8735],[106.0565,32.7136],[106.2289,32.592],[106.364,32.6387],[106.604,32.6755],[106.7126,32.7378],[107.0653,32.7083],[107.07,32.5229],[107.2841,32.4529],[107.4483,32.5222],[107.4596,32.4086],[107.6592,32.3886],[107.9601,32.1583],[108.0518,32.2266],[108.2367,32.2627],[108.4794,32.2503],[108.5184,32.1976]]]}},{"type":"Feature","properties":{"sourceId":"1159310927","regionId":"region.07feb0db-60b0-4cfa-b372-d2370c0a1e8b","countryId":"country.j4e5mk"},"geometry":{"type":"Polygon","coordinates":[[[92.936,39.1529],[92.3331,39.0499],[92.1227,38.9406],[91.6286,38.8257],[91.4916,38.8173],[91.2944,38.7451],[91.0125,38.6987],[90.6535,38.6741],[90.636,38.6243],[90.3125,38.4658],[90.1509,38.4328],[90.1935,38.3257],[90.4393,37.9961],[90.4365,37.7786],[90.8345,37.6078],[91.0737,37.4879],[91.235,37.1954],[91.3163,37.119],[91.2876,37.0135],[91.055,36.9451],[90.8078,36.9106],[90.7124,36.8215],[90.6881,36.6985],[90.8053,36.5585],[91.0067,36.5035],[91.1358,36.1406],[91.1113,36.0739],[90.8294,36.0104],[90.6227,36.1111],[90.1657,36.1292],[90.0138,36.2528],[89.972,36.1049],[89.8668,36.0656],[89.6778,36.082],[89.5147,36.0533],[89.4351,35.9878],[89.4846,35.8802],[89.5814,35.8398],[89.7888,35.8269],[89.6903,35.5086],[89.7301,35.4437],[89.4843,35.3422],[89.4548,35.2128],[89.5717,35.0733],[89.5836,34.9409],[89.7877,34.9264],[89.8252,34.8461],[89.7239,34.7396],[89.8403,34.3833],[89.7866,34.1985],[89.6367,34.0934],[89.7419,33.9095],[89.8772,33.8227],[89.9751,33.6306],[90.1406,33.5782],[90.2057,33.4015],[90.3232,33.2887],[90.4363,33.2822],[90.6603,33.1559],[90.8041,33.1405],[90.9499,33.2394],[91.1279,33.2543],[91.1892,33.337],[91.3616,33.337],[91.3765,33.2713],[91.5427,33.0803],[91.7203,32.9825],[91.8131,32.9683],[91.9768,32.8486],[92.1961,32.8686],[92.2214,32.745],[92.4658,32.7694],[92.65,32.7404],[93.0059,32.7346],[93.0313,32.6635],[93.2185,32.6598],[93.5104,32.5161],[93.7342,32.5725],[93.8774,32.4954],[94.1108,32.4782],[94.3169,32.5408],[94.5822,32.6722],[94.7552,32.5355],[94.9389,32.4282],[94.9513,32.3372],[95.0618,32.2612],[95.2591,32.2441],[95.4253,32.0948],[95.3543,31.9544],[95.4068,31.8107],[95.4971,31.7417],[95.5927,31.7616],[95.8489,31.7143],[96.0942,31.7005],[96.1826,31.8712],[96.2782,31.9091],[96.4832,31.7535],[96.7954,31.7155],[96.7541,31.9738],[97.0181,32.0229],[97.1241,32.0093],[97.2549,32.0758],[97.2544,32.204],[97.3598,32.2605],[97.3932,32.385],[97.3609,32.5002],[97.5623,32.4843],[97.6309,32.4441],[97.7157,32.5442],[97.4307,32.7003],[97.361,32.897],[97.5043,33.0456],[97.5005,33.1944],[97.7243,33.4061],[97.5393,33.4537],[97.3905,33.6114],[97.3835,33.8699],[97.6102,33.9309],[97.8191,33.8642],[98.0349,33.9598],[98.2118,33.9395],[98.3017,33.8458],[98.4579,33.8401],[98.6458,33.6762],[98.6333,33.6077],[98.7357,33.4898],[98.7729,33.3027],[98.8521,33.1749],[99.2253,32.9989],[99.2894,32.8871],[99.5094,32.8354],[99.6985,32.7446],[99.7693,32.9218],[99.841,32.957],[100.0469,32.9355],[100.1586,32.7823],[100.119,32.6709],[100.3994,32.7584],[100.5609,32.5633],[100.6971,32.6857],[100.9022,32.6305],[101.1708,32.6883],[101.2319,32.8577],[101.1314,32.9384],[101.1641,33.1281],[101.4452,33.2359],[101.6436,33.1278],[101.7269,33.2678],[101.6651,33.3204],[101.7775,33.53],[101.6134,33.5119],[101.5769,33.6305],[101.4956,33.7046],[101.3996,33.6451],[101.1603,33.6641],[101.1295,33.8506],[100.948,33.9298],[100.7917,34.1549],[100.8155,34.2946],[100.9353,34.3863],[101.0358,34.3389],[101.256,34.3005],[101.3237,34.2595],[101.6117,34.1912],[101.7804,34.0675],[101.8625,34.1414],[102.012,34.1776],[102.0765,34.267],[102.2123,34.3515],[102.1503,34.4951],[101.7934,34.6319],[101.7551,34.7037],[101.9232,34.7873],[102.0094,34.9421],[102.2671,35.0559],[102.3756,35.2037],[102.2893,35.4069],[102.4264,35.4353],[102.535,35.5356],[102.7022,35.524],[102.7003,35.8395],[102.8375,35.8608],[102.976,35.8333],[102.9995,35.9907],[102.9333,36.0861],[103.0404,36.2165],[102.8186,36.3261],[102.7697,36.4976],[102.6108,36.6572],[102.6747,36.8016],[102.4601,36.9557],[102.5506,37.1638],[102.4266,37.2781],[102.0327,37.4789],[102.0672,37.5483],[101.9371,37.7307],[101.7656,37.525],[101.6465,37.6119],[101.2929,37.7989],[101.0498,37.9637],[100.6357,38.1054],[100.5543,38.2521],[100.3578,38.307],[100.1408,38.4858],[100.079,38.2784],[99.7999,38.3657],[99.5572,38.5154],[99.4963,38.6011],[98.9621,38.9818],[98.7819,39.0677],[98.6022,38.9476],[98.4446,38.9573],[98.3243,39.0233],[98.2626,38.9317],[98.0686,38.8018],[97.3626,39.1504],[97.1375,39.2032],[97.0265,39.1962],[96.9625,39.1032],[96.9911,38.9968],[96.9712,38.5673],[96.9455,38.3582],[96.8451,38.3564],[96.5104,38.4701],[96.5026,38.549],[96.3155,38.6269],[96.0548,38.6788],[96.0076,38.7517],[95.7216,38.8747],[95.5658,39.0152],[95.4609,39.0466],[95.3053,39.1828],[95.0572,39.1475],[94.4793,39.3178],[94.117,39.3219],[93.9089,39.2856],[93.7221,39.3067],[93.502,39.2719],[93.2756,39.1887],[93.1403,39.1987],[92.936,39.1529]]]}},{"type":"Feature","properties":{"sourceId":"1159312739","regionId":"region.9e3304ef-bdec-49ad-b620-78854b310446","countryId":"country.j4e5mk"},"geometry":{"type":"Polygon","coordinates":[[[114.1541,40.7426],[114.027,40.6352],[114.0438,40.488],[113.6766,40.4285],[113.5183,40.3437],[113.3341,40.3187],[113.2299,40.4167],[112.9614,40.3559],[112.8438,40.2257],[112.7342,40.1728],[112.3992,40.2883],[112.2793,40.229],[112.099,40.0054],[111.9215,39.6888],[111.7612,39.598],[111.4899,39.6522],[111.3427,39.4444],[111.11,39.3852],[111.2249,39.3105],[111.118,39.0674],[110.995,39.0038],[110.9803,38.8166],[110.8718,38.6214],[110.8994,38.5455],[110.6712,38.317],[110.5112,38.2022],[110.515,37.955],[110.7531,37.7458],[110.7888,37.5614],[110.6303,37.3966],[110.665,37.2823],[110.4601,37.0513],[110.3895,37.022],[110.3975,36.7814],[110.4832,36.593],[110.4472,36.1419],[110.511,35.8869],[110.5604,35.8492],[110.6198,35.5973],[110.4248,35.2942],[110.3354,35.198],[110.2597,34.9448],[110.2523,34.6633],[110.336,34.6158],[110.5305,34.5837],[110.8838,34.6661],[111.0257,34.7475],[111.3313,34.8409],[111.5577,34.8634],[111.6222,34.9473],[111.8294,35.0826],[112.0611,35.1085],[112.0585,35.2345],[112.526,35.2203],[112.6825,35.3112],[112.9028,35.2406],[113.0198,35.3286],[113.1296,35.3523],[113.4913,35.5255],[113.5847,35.6869],[113.6276,35.9532],[113.6871,36.0557],[113.6729,36.2215],[113.721,36.3559],[113.5351,36.4834],[113.4587,36.6358],[113.4539,36.7366],[113.6078,36.7691],[113.6792,36.8716],[113.776,36.8906],[113.7543,37.1149],[114.0531,37.5006],[114.1004,37.6982],[114.0264,37.7508],[113.8915,37.9495],[113.7907,38.1529],[113.5579,38.2434],[113.518,38.3776],[113.5345,38.5373],[113.8251,38.8103],[113.7602,38.9092],[113.8533,39.0723],[114.0127,39.1188],[114.2163,39.069],[114.394,39.1693],[114.4203,39.3],[114.5409,39.5312],[114.4021,39.6585],[114.3828,39.8611],[114.086,39.9169],[113.9359,40.0157],[113.996,40.1318],[114.0854,40.185],[114.4503,40.2938],[114.4337,40.3605],[114.2858,40.3786],[114.2576,40.55],[114.1517,40.6736],[114.1541,40.7426]]]}},{"type":"Feature","properties":{"sourceId":"1159312753","regionId":"region.41634241-4d0b-4337-ac17-773556994815","countryId":"country.j4e5mk"},"geometry":{"type":"Polygon","coordinates":[[[113.9275,25.4481],[114.0121,25.4351],[114.026,25.2677],[114.115,25.3084],[114.2788,25.2918],[114.4292,25.386],[114.5805,25.3601],[114.7069,25.2896],[114.6831,25.1635],[114.7293,25.1189],[114.4135,24.9797],[114.3016,24.7586],[114.1923,24.6953],[114.4249,24.4996],[114.4981,24.5558],[114.7405,24.6252],[114.8627,24.5878],[115.047,24.7067],[115.1391,24.6842],[115.2397,24.7461],[115.4206,24.7846],[115.5992,24.6091],[115.7058,24.5457],[115.7992,24.5727],[115.7491,24.7477],[115.7873,24.8609],[115.8875,24.9168],[115.8428,25.1947],[115.9787,25.3508],[116.0276,25.6364],[116.1237,25.7642],[116.1352,25.8663],[116.3232,25.9551],[116.4193,26.1529],[116.399,26.2875],[116.5017,26.407],[116.5945,26.3951],[116.6195,26.4921],[116.5423,26.5628],[116.505,26.6893],[116.5453,26.8679],[116.6697,26.9869],[116.9234,27.021],[117.0401,27.1095],[117.1538,27.2764],[117.1011,27.3467],[117.1123,27.5676],[117.2871,27.7726],[117.2842,27.857],[117.5444,27.9667],[117.6053,27.8662],[117.7456,27.8133],[117.8234,27.9373],[118.0613,27.979],[118.1307,28.0405],[118.3678,28.0997],[118.3489,28.2198],[118.4464,28.2887],[118.4763,28.3323],[118.4255,28.6952],[118.229,28.9545],[118.0639,29.0506],[118.0008,29.1439],[118.052,29.2753],[118.1324,29.2979],[118.1747,29.4079],[118.1134,29.5187],[117.9859,29.572],[117.7077,29.5556],[117.5274,29.6224],[117.4022,29.7731],[117.2743,29.8295],[117.2255,29.9067],[117.1252,29.9106],[117.0671,29.8406],[117.0791,29.7102],[116.9551,29.6539],[116.8883,29.5605],[116.7486,29.5449],[116.6485,29.6274],[116.675,29.708],[116.7979,29.7559],[116.8868,29.9204],[116.7914,30.022],[116.6505,30.0507],[116.4925,29.8847],[116.3895,29.8761],[116.2362,29.7813],[116.1473,29.7888],[115.8559,29.7386],[115.7052,29.8608],[115.4862,29.8643],[115.4169,29.7117],[115.2721,29.6147],[114.9728,29.56],[114.8952,29.5202],[114.8182,29.3939],[114.7087,29.3895],[114.4695,29.3179],[114.3081,29.3545],[114.2465,29.2489],[114.0635,29.2032],[113.9024,29.0663],[113.9052,28.956],[114.0121,28.9129],[114.1427,28.7885],[114.1128,28.6155],[114.2269,28.409],[114.1845,28.2931],[114.0919,28.2577],[114.0138,28.1065],[113.9165,28.0212],[113.7368,27.9816],[113.701,27.8189],[113.5621,27.5906],[113.6001,27.3682],[113.6675,27.3295],[113.851,27.3459],[113.754,27.1419],[113.8924,26.9453],[113.8316,26.8275],[113.8647,26.6559],[114.0851,26.5775],[114.0684,26.4537],[113.9395,26.2094],[114.2135,26.1698],[114.0414,26.0688],[114.0183,25.9346],[113.9072,25.7498],[113.9824,25.5817],[113.9275,25.4481]]]}},{"type":"Feature","properties":{"sourceId":"1159312749","regionId":"region.735cda27-cb37-4fc1-bb68-7b38812e9a8c","countryId":"country.j4e5mk"},"geometry":{"type":"Polygon","coordinates":[[[115.4603,36.1579],[115.3497,36.0822],[115.2452,36.1614],[115.1061,36.1846],[115.0338,36.1009],[114.7072,36.1528],[114.5484,36.139],[114.3431,36.2447],[114.1563,36.2467],[113.9893,36.359],[113.721,36.3559],[113.6729,36.2215],[113.6871,36.0557],[113.6276,35.9532],[113.5847,35.6869],[113.4913,35.5255],[113.1296,35.3523],[113.0198,35.3286],[112.9028,35.2406],[112.6825,35.3112],[112.526,35.2203],[112.0585,35.2345],[112.0611,35.1085],[111.8294,35.0826],[111.6222,34.9473],[111.5577,34.8634],[111.3313,34.8409],[111.0257,34.7475],[110.8838,34.6661],[110.5305,34.5837],[110.336,34.6158],[110.3277,34.4798],[110.4787,34.3264],[110.4338,34.2614],[110.6067,34.1705],[110.6424,33.9803],[110.5938,33.8797],[110.7492,33.8028],[110.7921,33.7051],[110.9682,33.5988],[111.0156,33.3744],[110.9746,33.2665],[111.1088,33.148],[111.2101,32.9302],[111.3633,32.8248],[111.5074,32.6821],[111.5316,32.6111],[111.7112,32.6002],[111.7793,32.5204],[112.0533,32.4548],[112.2858,32.3506],[112.5339,32.3768],[112.7509,32.3498],[113.0657,32.4174],[113.183,32.4133],[113.436,32.2888],[113.5277,32.2967],[113.6164,32.3857],[113.7292,32.4193],[113.7828,32.3594],[113.7524,32.1376],[113.7944,31.9725],[113.8617,31.8627],[113.9596,31.8318],[113.972,31.7466],[114.144,31.8475],[114.3618,31.7343],[114.5557,31.7377],[114.5479,31.5729],[114.6382,31.568],[114.7666,31.4905],[114.9989,31.4776],[115.1286,31.5945],[115.2135,31.5456],[115.2185,31.4475],[115.374,31.4175],[115.3897,31.5117],[115.5315,31.7364],[115.6629,31.784],[115.9013,31.7945],[115.9281,32.0246],[115.8885,32.3939],[115.6938,32.4918],[115.5648,32.4024],[115.3667,32.5595],[115.1993,32.5915],[115.1847,32.8591],[114.9252,32.9582],[114.8866,33.0834],[114.9692,33.1237],[115.1428,33.0843],[115.251,33.1206],[115.3453,33.2506],[115.3157,33.374],[115.4426,33.5481],[115.6347,33.5918],[115.5735,33.7502],[115.6299,33.8388],[115.5614,33.8981],[115.6536,34.0484],[115.9614,34.0001],[115.9707,33.9048],[116.0796,33.7784],[116.182,33.7183],[116.4207,33.7908],[116.4453,33.845],[116.6412,33.9532],[116.5429,34.1209],[116.5521,34.2868],[116.401,34.275],[116.1567,34.4473],[116.1513,34.5667],[116.0437,34.6002],[115.8164,34.5714],[115.7068,34.6003],[115.5417,34.5775],[115.4358,34.6757],[115.4293,34.7797],[115.3176,34.8428],[115.216,34.8357],[115.1745,34.9442],[114.9978,35.0078],[114.8342,35.0162],[114.8643,35.1887],[114.9417,35.2188],[115.0684,35.3801],[115.2265,35.4162],[115.345,35.4963],[115.3951,35.6158],[115.5042,35.7228],[115.618,35.7313],[115.9657,35.9859],[115.8287,36.031],[115.7387,35.9686],[115.4682,35.9129],[115.424,35.9946],[115.4603,36.1579]]]}},{"type":"Feature","properties":{"sourceId":"1159312741","regionId":"region.0fd1317c-68df-4792-a93b-c04d02f03b69","countryId":"country.j4e5mk"},"geometry":{"type":"Polygon","coordinates":[[[109.594,31.7376],[109.7245,31.6361],[109.7326,31.5611],[109.9295,31.5187],[110.1082,31.398],[110.1749,31.1887],[110.1076,31.1223],[110.1277,30.9064],[110.0662,30.8285],[109.8707,30.8886],[109.7486,30.8354],[109.6398,30.7179],[109.3942,30.5837],[109.1793,30.5668],[108.9646,30.6075],[108.8684,30.5514],[108.4332,30.4873],[108.3806,30.3997],[108.532,30.3155],[108.5382,29.8855],[108.4004,29.8311],[108.5126,29.7219],[108.613,29.858],[108.696,29.6982],[108.872,29.639],[108.872,29.5016],[108.9206,29.349],[109.0142,29.3075],[109.2066,29.1042],[109.2692,29.2424],[109.3382,29.2897],[109.4323,29.5339],[109.7,29.6557],[109.7832,29.7349],[110.1039,29.7854],[110.3617,29.6501],[110.4467,29.7267],[110.5912,29.7714],[110.5006,29.8626],[110.4632,30.014],[110.5434,30.055],[110.7156,30.0296],[110.7419,30.0962],[111.2462,30.0317],[111.415,29.9258],[111.5849,29.9044],[111.7686,29.9196],[111.9236,29.8564],[112.17,29.649],[112.3631,29.5722],[112.4439,29.6414],[112.6481,29.6269],[112.8862,29.7918],[112.9456,29.7093],[112.9085,29.6008],[113.0081,29.5181],[113.1457,29.4721],[113.4158,29.7646],[113.5195,29.8417],[113.5362,29.6857],[113.6347,29.6848],[113.7294,29.4371],[113.5877,29.2938],[113.6549,29.124],[113.7728,29.1253],[113.9024,29.0663],[114.0635,29.2032],[114.2465,29.2489],[114.3081,29.3545],[114.4695,29.3179],[114.7087,29.3895],[114.8182,29.3939],[114.8952,29.5202],[114.9728,29.56],[115.2721,29.6147],[115.4169,29.7117],[115.4862,29.8643],[115.7052,29.8608],[115.8559,29.7386],[116.1473,29.7888],[116.0781,29.9687],[116.0405,30.2214],[115.912,30.3156],[115.8768,30.3898],[115.9466,30.4883],[115.7678,30.6882],[115.8622,30.7848],[115.8586,30.861],[116.036,30.9889],[115.8769,31.1294],[115.7684,31.1436],[115.6687,31.2172],[115.55,31.1827],[115.374,31.4175],[115.2185,31.4475],[115.2135,31.5456],[115.1286,31.5945],[114.9989,31.4776],[114.7666,31.4905],[114.6382,31.568],[114.5479,31.5729],[114.5557,31.7377],[114.3618,31.7343],[114.144,31.8475],[113.972,31.7466],[113.9596,31.8318],[113.8617,31.8627],[113.7944,31.9725],[113.7524,32.1376],[113.7828,32.3594],[113.7292,32.4193],[113.6164,32.3857],[113.5277,32.2967],[113.436,32.2888],[113.183,32.4133],[113.0657,32.4174],[112.7509,32.3498],[112.5339,32.3768],[112.2858,32.3506],[112.0533,32.4548],[111.7793,32.5204],[111.7112,32.6002],[111.5316,32.6111],[111.5074,32.6821],[111.3633,32.8248],[111.2101,32.9302],[111.1088,33.148],[110.9746,33.2665],[110.8234,33.1989],[110.7113,33.1081],[110.6045,33.1539],[110.5474,33.2453],[110.4323,33.1731],[110.2344,33.1563],[110.0943,33.2133],[109.6597,33.2641],[109.5157,33.2371],[109.491,33.145],[109.7573,33.0801],[109.7396,32.93],[109.8991,32.9144],[110.0958,32.8413],[110.1683,32.6224],[110.0009,32.5519],[109.8795,32.5916],[109.6348,32.5906],[109.5794,32.5412],[109.5613,32.405],[109.4874,32.3359],[109.619,32.1889],[109.6663,32.043],[109.6102,31.9273],[109.594,31.7376]]]}},{"type":"Feature","properties":{"sourceId":"1159310971","regionId":"region.1c16b1ab-9b0c-4054-b2e7-cbfbceebcf84","countryId":"country.j4e5mk"},"geometry":{"type":"Polygon","coordinates":[[[119.6298,31.1329],[119.3628,31.1924],[119.3168,31.2667],[119.1629,31.2874],[119.0747,31.2388],[118.8161,31.2263],[118.751,31.358],[118.8272,31.3975],[118.8809,31.5224],[118.8605,31.6274],[118.6807,31.6468],[118.6844,31.7009],[118.4769,31.7902],[118.4811,31.8587],[118.352,31.9467],[118.3831,32.054],[118.5144,32.1998],[118.6504,32.2379],[118.6679,32.4532],[118.5518,32.5744],[118.7519,32.6125],[118.8913,32.5957],[119.0805,32.4461],[119.1994,32.5937],[119.1904,32.7112],[118.993,32.962],[118.8574,32.9723],[118.7482,32.8385],[118.7202,32.7321],[118.3991,32.7309],[118.2997,32.7774],[118.239,32.9237],[118.218,33.1799],[118.0807,33.1496],[117.9319,33.2351],[118.1767,33.6926],[118.1237,33.766],[117.7522,33.7244],[117.7456,33.8823],[117.6509,33.9825],[117.5035,34.0498],[117.1594,34.0912],[117.0339,34.1555],[116.9495,34.3893],[116.8023,34.4001],[116.6249,34.485],[116.4281,34.6397],[116.3772,34.6395],[116.1513,34.5667],[116.1567,34.4473],[116.401,34.275],[116.5521,34.2868],[116.5429,34.1209],[116.6412,33.9532],[116.4453,33.845],[116.4207,33.7908],[116.182,33.7183],[116.0796,33.7784],[115.9707,33.9048],[115.9614,34.0001],[115.6536,34.0484],[115.5614,33.8981],[115.6299,33.8388],[115.5735,33.7502],[115.6347,33.5918],[115.4426,33.5481],[115.3157,33.374],[115.3453,33.2506],[115.251,33.1206],[115.1428,33.0843],[114.9692,33.1237],[114.8866,33.0834],[114.9252,32.9582],[115.1847,32.8591],[115.1993,32.5915],[115.3667,32.5595],[115.5648,32.4024],[115.6938,32.4918],[115.8885,32.3939],[115.9281,32.0246],[115.9013,31.7945],[115.6629,31.784],[115.5315,31.7364],[115.3897,31.5117],[115.374,31.4175],[115.55,31.1827],[115.6687,31.2172],[115.7684,31.1436],[115.8769,31.1294],[116.036,30.9889],[115.8586,30.861],[115.8622,30.7848],[115.7678,30.6882],[115.9466,30.4883],[115.8768,30.3898],[115.912,30.3156],[116.0405,30.2214],[116.0781,29.9687],[116.1473,29.7888],[116.2362,29.7813],[116.3895,29.8761],[116.4925,29.8847],[116.6505,30.0507],[116.7914,30.022],[116.8868,29.9204],[116.7979,29.7559],[116.675,29.708],[116.6485,29.6274],[116.7486,29.5449],[116.8883,29.5605],[116.9551,29.6539],[117.0791,29.7102],[117.0671,29.8406],[117.1252,29.9106],[117.2255,29.9067],[117.2743,29.8295],[117.4022,29.7731],[117.5274,29.6224],[117.7077,29.5556],[117.9859,29.572],[118.1134,29.5187],[118.1747,29.4079],[118.3732,29.4528],[118.5569,29.6252],[118.7237,29.7302],[118.7413,29.8284],[118.894,29.9826],[118.8527,30.1593],[118.9347,30.3521],[119.0575,30.3119],[119.2107,30.3137],[119.3629,30.4045],[119.3208,30.5182],[119.2415,30.5508],[119.3506,30.6754],[119.4431,30.6392],[119.575,30.8471],[119.6298,31.1329]]]}}]}